[0m10:17:41.595812 [debug] [MainThread]: Sending event: {'category': 'dbt', 'action': 'invocation', 'label': 'start', 'context': [<snowplow_tracker.self_describing_json.SelfDescribingJson object at 0x7f59165ce100>, <snowplow_tracker.self_describing_json.SelfDescribingJson object at 0x7f59144f2550>, <snowplow_tracker.self_describing_json.SelfDescribingJson object at 0x7f59144f2520>]}


============================== 10:17:41.885950 | b32a24f1-d85a-44d0-9718-6e79dbb6ac93 ==============================
[0m10:17:41.885950 [info ] [MainThread]: Running with dbt=1.7.0
[0m10:17:41.929856 [debug] [MainThread]: running dbt with arguments {'printer_width': '80', 'indirect_selection': 'eager', 'write_json': 'True', 'log_cache_events': 'False', 'partial_parse': 'True', 'cache_selected_only': 'False', 'warn_error': 'None', 'fail_fast': 'False', 'profiles_dir': '.', 'log_path': '/opt/airflow/dbt_project/logs', 'debug': 'False', 'version_check': 'True', 'use_colors': 'True', 'use_experimental_parser': 'False', 'no_print': 'None', 'quiet': 'False', 'warn_error_options': 'WarnErrorOptions(include=[], exclude=[])', 'introspect': 'True', 'log_format': 'default', 'invocation_command': 'dbt run --select staging --profiles-dir .', 'target_path': 'None', 'static_parser': 'True', 'send_anonymous_usage_stats': 'True'}
[0m10:17:44.591029 [debug] [MainThread]: Sending event: {'category': 'dbt', 'action': 'project_id', 'label': 'b32a24f1-d85a-44d0-9718-6e79dbb6ac93', 'context': [<snowplow_tracker.self_describing_json.SelfDescribingJson object at 0x7f5915c744c0>]}
[0m10:17:45.975907 [debug] [MainThread]: Sending event: {'category': 'dbt', 'action': 'adapter_info', 'label': 'b32a24f1-d85a-44d0-9718-6e79dbb6ac93', 'context': [<snowplow_tracker.self_describing_json.SelfDescribingJson object at 0x7f5913d30220>]}
[0m10:17:46.047650 [info ] [MainThread]: Registered adapter: postgres=1.7.0
[0m10:17:46.319808 [debug] [MainThread]: checksum: 8434eacd4ffdf0ca3ab22bf0e2d55b45306c9599613e842b959405abc489e606, vars: {}, profile: , target: , version: 1.7.0
[0m10:17:46.353121 [info ] [MainThread]: Unable to do partial parsing because saved manifest not found. Starting full parse.
[0m10:17:46.366681 [debug] [MainThread]: Sending event: {'category': 'dbt', 'action': 'partial_parser', 'label': 'b32a24f1-d85a-44d0-9718-6e79dbb6ac93', 'context': [<snowplow_tracker.self_describing_json.SelfDescribingJson object at 0x7f5914411c10>]}
[0m10:17:51.233527 [debug] [MainThread]: Sending event: {'category': 'dbt', 'action': 'load_project', 'label': 'b32a24f1-d85a-44d0-9718-6e79dbb6ac93', 'context': [<snowplow_tracker.self_describing_json.SelfDescribingJson object at 0x7f59130d0970>]}
[0m10:17:51.307701 [debug] [MainThread]: Sending event: {'category': 'dbt', 'action': 'resource_counts', 'label': 'b32a24f1-d85a-44d0-9718-6e79dbb6ac93', 'context': [<snowplow_tracker.self_describing_json.SelfDescribingJson object at 0x7f59130d0c10>]}
[0m10:17:51.310252 [info ] [MainThread]: Found 6 models, 17 tests, 0 sources, 0 exposures, 0 metrics, 401 macros, 0 groups, 0 semantic models
[0m10:17:51.311966 [debug] [MainThread]: Sending event: {'category': 'dbt', 'action': 'runnable_timing', 'label': 'b32a24f1-d85a-44d0-9718-6e79dbb6ac93', 'context': [<snowplow_tracker.self_describing_json.SelfDescribingJson object at 0x7f5913cf6b50>]}
[0m10:17:51.315687 [info ] [MainThread]: 
[0m10:17:51.318201 [debug] [MainThread]: Acquiring new postgres connection 'master'
[0m10:17:51.321503 [debug] [ThreadPool]: Acquiring new postgres connection 'list_airflow'
[0m10:17:51.346444 [debug] [ThreadPool]: Using postgres connection "list_airflow"
[0m10:17:51.348158 [debug] [ThreadPool]: On list_airflow: /* {"app": "dbt", "dbt_version": "1.7.0", "profile_name": "ecommerce_analytics", "target_name": "dev", "connection_name": "list_airflow"} */

    select distinct nspname from pg_namespace
  
[0m10:17:51.349685 [debug] [ThreadPool]: Opening a new connection, currently in state init
[0m10:17:51.376781 [debug] [ThreadPool]: SQL status: SELECT 6 in 0.0 seconds
[0m10:17:51.380805 [debug] [ThreadPool]: On list_airflow: Close
[0m10:17:51.384623 [debug] [ThreadPool]: Re-using an available connection from the pool (formerly list_airflow, now create_airflow_analytics_staging)
[0m10:17:51.387126 [debug] [ThreadPool]: Creating schema "database: "airflow"
schema: "analytics_staging"
"
[0m10:17:51.401669 [debug] [ThreadPool]: Using postgres connection "create_airflow_analytics_staging"
[0m10:17:51.403200 [debug] [ThreadPool]: On create_airflow_analytics_staging: BEGIN
[0m10:17:51.404506 [debug] [ThreadPool]: Opening a new connection, currently in state closed
[0m10:17:51.419831 [debug] [ThreadPool]: SQL status: BEGIN in 0.0 seconds
[0m10:17:51.421657 [debug] [ThreadPool]: Using postgres connection "create_airflow_analytics_staging"
[0m10:17:51.423268 [debug] [ThreadPool]: On create_airflow_analytics_staging: /* {"app": "dbt", "dbt_version": "1.7.0", "profile_name": "ecommerce_analytics", "target_name": "dev", "connection_name": "create_airflow_analytics_staging"} */
create schema if not exists "analytics_staging"
[0m10:17:51.428555 [debug] [ThreadPool]: SQL status: CREATE SCHEMA in 0.0 seconds
[0m10:17:51.431214 [debug] [ThreadPool]: On create_airflow_analytics_staging: COMMIT
[0m10:17:51.432648 [debug] [ThreadPool]: Using postgres connection "create_airflow_analytics_staging"
[0m10:17:51.433980 [debug] [ThreadPool]: On create_airflow_analytics_staging: COMMIT
[0m10:17:51.437336 [debug] [ThreadPool]: SQL status: COMMIT in 0.0 seconds
[0m10:17:51.438735 [debug] [ThreadPool]: On create_airflow_analytics_staging: Close
[0m10:17:51.445157 [debug] [ThreadPool]: Re-using an available connection from the pool (formerly create_airflow_analytics_staging, now list_airflow_analytics_staging)
[0m10:17:51.453578 [debug] [ThreadPool]: Acquiring new postgres connection 'list_airflow_analytics_analytics'
[0m10:17:51.469784 [debug] [ThreadPool]: Using postgres connection "list_airflow_analytics_analytics"
[0m10:17:51.472152 [debug] [ThreadPool]: Using postgres connection "list_airflow_analytics_staging"
[0m10:17:51.473053 [debug] [ThreadPool]: On list_airflow_analytics_analytics: BEGIN
[0m10:17:51.474460 [debug] [ThreadPool]: On list_airflow_analytics_staging: BEGIN
[0m10:17:51.476792 [debug] [ThreadPool]: Opening a new connection, currently in state init
[0m10:17:51.478607 [debug] [ThreadPool]: Opening a new connection, currently in state closed
[0m10:17:51.495214 [debug] [ThreadPool]: SQL status: BEGIN in 0.0 seconds
[0m10:17:51.496467 [debug] [ThreadPool]: SQL status: BEGIN in 0.0 seconds
[0m10:17:51.497528 [debug] [ThreadPool]: Using postgres connection "list_airflow_analytics_analytics"
[0m10:17:51.498993 [debug] [ThreadPool]: Using postgres connection "list_airflow_analytics_staging"
[0m10:17:51.500487 [debug] [ThreadPool]: On list_airflow_analytics_analytics: /* {"app": "dbt", "dbt_version": "1.7.0", "profile_name": "ecommerce_analytics", "target_name": "dev", "connection_name": "list_airflow_analytics_analytics"} */
select
      'airflow' as database,
      tablename as name,
      schemaname as schema,
      'table' as type
    from pg_tables
    where schemaname ilike 'analytics_analytics'
    union all
    select
      'airflow' as database,
      viewname as name,
      schemaname as schema,
      'view' as type
    from pg_views
    where schemaname ilike 'analytics_analytics'
    union all
    select
      'airflow' as database,
      matviewname as name,
      schemaname as schema,
      'materialized_view' as type
    from pg_matviews
    where schemaname ilike 'analytics_analytics'
  
[0m10:17:51.502086 [debug] [ThreadPool]: On list_airflow_analytics_staging: /* {"app": "dbt", "dbt_version": "1.7.0", "profile_name": "ecommerce_analytics", "target_name": "dev", "connection_name": "list_airflow_analytics_staging"} */
select
      'airflow' as database,
      tablename as name,
      schemaname as schema,
      'table' as type
    from pg_tables
    where schemaname ilike 'analytics_staging'
    union all
    select
      'airflow' as database,
      viewname as name,
      schemaname as schema,
      'view' as type
    from pg_views
    where schemaname ilike 'analytics_staging'
    union all
    select
      'airflow' as database,
      matviewname as name,
      schemaname as schema,
      'materialized_view' as type
    from pg_matviews
    where schemaname ilike 'analytics_staging'
  
[0m10:17:51.517779 [debug] [ThreadPool]: SQL status: SELECT 0 in 0.0 seconds
[0m10:17:51.518863 [debug] [ThreadPool]: SQL status: SELECT 0 in 0.0 seconds
[0m10:17:51.521136 [debug] [ThreadPool]: On list_airflow_analytics_analytics: ROLLBACK
[0m10:17:51.524253 [debug] [ThreadPool]: On list_airflow_analytics_staging: ROLLBACK
[0m10:17:51.527084 [debug] [ThreadPool]: On list_airflow_analytics_analytics: Close
[0m10:17:51.528942 [debug] [ThreadPool]: On list_airflow_analytics_staging: Close
[0m10:17:51.539617 [debug] [MainThread]: Using postgres connection "master"
[0m10:17:51.541101 [debug] [MainThread]: On master: BEGIN
[0m10:17:51.543130 [debug] [MainThread]: Opening a new connection, currently in state init
[0m10:17:51.558151 [debug] [MainThread]: SQL status: BEGIN in 0.0 seconds
[0m10:17:51.560101 [debug] [MainThread]: Using postgres connection "master"
[0m10:17:51.561759 [debug] [MainThread]: On master: /* {"app": "dbt", "dbt_version": "1.7.0", "profile_name": "ecommerce_analytics", "target_name": "dev", "connection_name": "master"} */
with relation as (
        select
            pg_rewrite.ev_class as class,
            pg_rewrite.oid as id
        from pg_rewrite
    ),
    class as (
        select
            oid as id,
            relname as name,
            relnamespace as schema,
            relkind as kind
        from pg_class
    ),
    dependency as (
        select distinct
            pg_depend.objid as id,
            pg_depend.refobjid as ref
        from pg_depend
    ),
    schema as (
        select
            pg_namespace.oid as id,
            pg_namespace.nspname as name
        from pg_namespace
        where nspname != 'information_schema' and nspname not like 'pg\_%'
    ),
    referenced as (
        select
            relation.id AS id,
            referenced_class.name ,
            referenced_class.schema ,
            referenced_class.kind
        from relation
        join class as referenced_class on relation.class=referenced_class.id
        where referenced_class.kind in ('r', 'v', 'm')
    ),
    relationships as (
        select
            referenced.name as referenced_name,
            referenced.schema as referenced_schema_id,
            dependent_class.name as dependent_name,
            dependent_class.schema as dependent_schema_id,
            referenced.kind as kind
        from referenced
        join dependency on referenced.id=dependency.id
        join class as dependent_class on dependency.ref=dependent_class.id
        where
            (referenced.name != dependent_class.name or
             referenced.schema != dependent_class.schema)
    )

    select
        referenced_schema.name as referenced_schema,
        relationships.referenced_name as referenced_name,
        dependent_schema.name as dependent_schema,
        relationships.dependent_name as dependent_name
    from relationships
    join schema as dependent_schema on relationships.dependent_schema_id=dependent_schema.id
    join schema as referenced_schema on relationships.referenced_schema_id=referenced_schema.id
    group by referenced_schema, referenced_name, dependent_schema, dependent_name
    order by referenced_schema, referenced_name, dependent_schema, dependent_name;
[0m10:17:51.598612 [debug] [MainThread]: SQL status: SELECT 0 in 0.0 seconds
[0m10:17:51.601286 [debug] [MainThread]: Sending event: {'category': 'dbt', 'action': 'runnable_timing', 'label': 'b32a24f1-d85a-44d0-9718-6e79dbb6ac93', 'context': [<snowplow_tracker.self_describing_json.SelfDescribingJson object at 0x7f59130ad820>]}
[0m10:17:51.602892 [debug] [MainThread]: On master: ROLLBACK
[0m10:17:51.604455 [debug] [MainThread]: Using postgres connection "master"
[0m10:17:51.605736 [debug] [MainThread]: On master: BEGIN
[0m10:17:51.608023 [debug] [MainThread]: SQL status: BEGIN in 0.0 seconds
[0m10:17:51.610206 [debug] [MainThread]: On master: COMMIT
[0m10:17:51.611777 [debug] [MainThread]: Using postgres connection "master"
[0m10:17:51.613009 [debug] [MainThread]: On master: COMMIT
[0m10:17:51.614452 [debug] [MainThread]: SQL status: COMMIT in 0.0 seconds
[0m10:17:51.615699 [debug] [MainThread]: On master: Close
[0m10:17:51.617486 [info ] [MainThread]: Concurrency: 4 threads (target='dev')
[0m10:17:51.619108 [info ] [MainThread]: 
[0m10:17:51.636822 [debug] [Thread-1  ]: Began running node model.ecommerce_analytics.stg_customers
[0m10:17:51.638052 [debug] [Thread-2  ]: Began running node model.ecommerce_analytics.stg_orders
[0m10:17:51.639508 [debug] [Thread-3  ]: Began running node model.ecommerce_analytics.stg_products
[0m10:17:51.640785 [info ] [Thread-1  ]: 1 of 3 START sql view model analytics_staging.stg_customers .................... [RUN]
[0m10:17:51.642822 [info ] [Thread-2  ]: 2 of 3 START sql view model analytics_staging.stg_orders ....................... [RUN]
[0m10:17:51.645268 [info ] [Thread-3  ]: 3 of 3 START sql view model analytics_staging.stg_products ..................... [RUN]
[0m10:17:51.647498 [debug] [Thread-1  ]: Re-using an available connection from the pool (formerly list_airflow_analytics_staging, now model.ecommerce_analytics.stg_customers)
[0m10:17:51.649413 [debug] [Thread-2  ]: Re-using an available connection from the pool (formerly list_airflow_analytics_analytics, now model.ecommerce_analytics.stg_orders)
[0m10:17:51.651372 [debug] [Thread-3  ]: Acquiring new postgres connection 'model.ecommerce_analytics.stg_products'
[0m10:17:51.652754 [debug] [Thread-1  ]: Began compiling node model.ecommerce_analytics.stg_customers
[0m10:17:51.654308 [debug] [Thread-2  ]: Began compiling node model.ecommerce_analytics.stg_orders
[0m10:17:51.655973 [debug] [Thread-3  ]: Began compiling node model.ecommerce_analytics.stg_products
[0m10:17:51.672799 [debug] [Thread-1  ]: Writing injected SQL for node "model.ecommerce_analytics.stg_customers"
[0m10:17:51.677394 [debug] [Thread-2  ]: Writing injected SQL for node "model.ecommerce_analytics.stg_orders"
[0m10:17:51.682492 [debug] [Thread-3  ]: Writing injected SQL for node "model.ecommerce_analytics.stg_products"
[0m10:17:51.709868 [debug] [Thread-1  ]: Timing info for model.ecommerce_analytics.stg_customers (compile): 10:17:51.657134 => 10:17:51.708442
[0m10:17:51.712312 [debug] [Thread-1  ]: Began executing node model.ecommerce_analytics.stg_customers
[0m10:17:51.732796 [debug] [Thread-3  ]: Timing info for model.ecommerce_analytics.stg_products (compile): 10:17:51.678647 => 10:17:51.732100
[0m10:17:51.747806 [debug] [Thread-2  ]: Timing info for model.ecommerce_analytics.stg_orders (compile): 10:17:51.673458 => 10:17:51.746974
[0m10:17:51.749003 [debug] [Thread-3  ]: Began executing node model.ecommerce_analytics.stg_products
[0m10:17:51.770848 [debug] [Thread-2  ]: Began executing node model.ecommerce_analytics.stg_orders
[0m10:17:51.853224 [debug] [Thread-2  ]: Writing runtime sql for node "model.ecommerce_analytics.stg_orders"
[0m10:17:51.854684 [debug] [Thread-3  ]: Writing runtime sql for node "model.ecommerce_analytics.stg_products"
[0m10:17:51.859699 [debug] [Thread-1  ]: Writing runtime sql for node "model.ecommerce_analytics.stg_customers"
[0m10:17:51.895459 [debug] [Thread-1  ]: Using postgres connection "model.ecommerce_analytics.stg_customers"
[0m10:17:51.897441 [debug] [Thread-1  ]: On model.ecommerce_analytics.stg_customers: BEGIN
[0m10:17:51.900086 [debug] [Thread-1  ]: Opening a new connection, currently in state closed
[0m10:17:51.902875 [debug] [Thread-3  ]: Using postgres connection "model.ecommerce_analytics.stg_products"
[0m10:17:51.905175 [debug] [Thread-3  ]: On model.ecommerce_analytics.stg_products: BEGIN
[0m10:17:51.907070 [debug] [Thread-2  ]: Using postgres connection "model.ecommerce_analytics.stg_orders"
[0m10:17:51.908965 [debug] [Thread-3  ]: Opening a new connection, currently in state init
[0m10:17:51.911567 [debug] [Thread-2  ]: On model.ecommerce_analytics.stg_orders: BEGIN
[0m10:17:51.914307 [debug] [Thread-2  ]: Opening a new connection, currently in state closed
[0m10:17:51.920506 [debug] [Thread-1  ]: SQL status: BEGIN in 0.0 seconds
[0m10:17:51.922769 [debug] [Thread-1  ]: Using postgres connection "model.ecommerce_analytics.stg_customers"
[0m10:17:51.925451 [debug] [Thread-1  ]: On model.ecommerce_analytics.stg_customers: /* {"app": "dbt", "dbt_version": "1.7.0", "profile_name": "ecommerce_analytics", "target_name": "dev", "node_id": "model.ecommerce_analytics.stg_customers"} */

  create view "airflow"."analytics_staging"."stg_customers__dbt_tmp"
    
    
  as (
    -- Staging model for customers
-- Reads from staging schema loaded by PySpark ETL

with source as (
    select * from staging.customers
),

renamed as (
    select
        customer_id,
        name         as customer_name,
        email,
        city,
        state,
        signup_date,
        segment,
        ingested_at
    from source
    where customer_id is not null
      and email is not null
)

select * from renamed
  );
[0m10:17:51.936558 [debug] [Thread-3  ]: SQL status: BEGIN in 0.0 seconds
[0m10:17:51.938823 [debug] [Thread-3  ]: Using postgres connection "model.ecommerce_analytics.stg_products"
[0m10:17:51.941042 [debug] [Thread-3  ]: On model.ecommerce_analytics.stg_products: /* {"app": "dbt", "dbt_version": "1.7.0", "profile_name": "ecommerce_analytics", "target_name": "dev", "node_id": "model.ecommerce_analytics.stg_products"} */

  create view "airflow"."analytics_staging"."stg_products__dbt_tmp"
    
    
  as (
    -- Staging model for products
-- Reads from staging schema loaded by PySpark ETL

with source as (
    select * from staging.products
),

renamed as (
    select
        product_id,
        product_name,
        category,
        brand,
        cost_price,
        selling_price,
        stock_quantity,
        profit_margin_pct,
        ingested_at
    from source
    where product_id is not null
      and selling_price > 0
)

select * from renamed
  );
[0m10:17:51.944590 [debug] [Thread-1  ]: SQL status: CREATE VIEW in 0.0 seconds
[0m10:17:51.946184 [debug] [Thread-2  ]: SQL status: BEGIN in 0.0 seconds
[0m10:17:51.959014 [debug] [Thread-2  ]: Using postgres connection "model.ecommerce_analytics.stg_orders"
[0m10:17:51.968979 [debug] [Thread-1  ]: Using postgres connection "model.ecommerce_analytics.stg_customers"
[0m10:17:51.970293 [debug] [Thread-3  ]: SQL status: CREATE VIEW in 0.0 seconds
[0m10:17:51.972050 [debug] [Thread-2  ]: On model.ecommerce_analytics.stg_orders: /* {"app": "dbt", "dbt_version": "1.7.0", "profile_name": "ecommerce_analytics", "target_name": "dev", "node_id": "model.ecommerce_analytics.stg_orders"} */

  create view "airflow"."analytics_staging"."stg_orders__dbt_tmp"
    
    
  as (
    -- Staging model for orders
-- Reads from staging schema loaded by PySpark ETL

with source as (
    select * from staging.orders
),

renamed as (
    select
        order_id,
        customer_id,
        product_id,
        order_date,
        quantity,
        unit_price,
        total_amount,
        lower(status) as status,
        ingested_at
    from source
    where order_id is not null
      and customer_id is not null
      and product_id is not null
)

select * from renamed
  );
[0m10:17:51.973838 [debug] [Thread-1  ]: On model.ecommerce_analytics.stg_customers: /* {"app": "dbt", "dbt_version": "1.7.0", "profile_name": "ecommerce_analytics", "target_name": "dev", "node_id": "model.ecommerce_analytics.stg_customers"} */
alter table "airflow"."analytics_staging"."stg_customers__dbt_tmp" rename to "stg_customers"
[0m10:17:51.987139 [debug] [Thread-3  ]: Using postgres connection "model.ecommerce_analytics.stg_products"
[0m10:17:51.993030 [debug] [Thread-1  ]: SQL status: ALTER TABLE in 0.0 seconds
[0m10:17:51.995102 [debug] [Thread-3  ]: On model.ecommerce_analytics.stg_products: /* {"app": "dbt", "dbt_version": "1.7.0", "profile_name": "ecommerce_analytics", "target_name": "dev", "node_id": "model.ecommerce_analytics.stg_products"} */
alter table "airflow"."analytics_staging"."stg_products__dbt_tmp" rename to "stg_products"
[0m10:17:51.996159 [debug] [Thread-2  ]: SQL status: CREATE VIEW in 0.0 seconds
[0m10:17:52.038240 [debug] [Thread-3  ]: SQL status: ALTER TABLE in 0.0 seconds
[0m10:17:52.054301 [debug] [Thread-1  ]: On model.ecommerce_analytics.stg_customers: COMMIT
[0m10:17:52.063500 [debug] [Thread-2  ]: Using postgres connection "model.ecommerce_analytics.stg_orders"
[0m10:17:52.083612 [debug] [Thread-1  ]: Using postgres connection "model.ecommerce_analytics.stg_customers"
[0m10:17:52.086465 [debug] [Thread-3  ]: On model.ecommerce_analytics.stg_products: COMMIT
[0m10:17:52.105843 [debug] [Thread-2  ]: On model.ecommerce_analytics.stg_orders: /* {"app": "dbt", "dbt_version": "1.7.0", "profile_name": "ecommerce_analytics", "target_name": "dev", "node_id": "model.ecommerce_analytics.stg_orders"} */
alter table "airflow"."analytics_staging"."stg_orders__dbt_tmp" rename to "stg_orders"
[0m10:17:52.127349 [debug] [Thread-1  ]: On model.ecommerce_analytics.stg_customers: COMMIT
[0m10:17:52.132544 [debug] [Thread-3  ]: Using postgres connection "model.ecommerce_analytics.stg_products"
[0m10:17:52.143489 [debug] [Thread-2  ]: SQL status: ALTER TABLE in 0.0 seconds
[0m10:17:52.167832 [debug] [Thread-1  ]: SQL status: COMMIT in 0.0 seconds
[0m10:17:52.185832 [debug] [Thread-3  ]: On model.ecommerce_analytics.stg_products: COMMIT
[0m10:17:52.217353 [debug] [Thread-2  ]: On model.ecommerce_analytics.stg_orders: COMMIT
[0m10:17:52.322526 [debug] [Thread-3  ]: SQL status: COMMIT in 0.0 seconds
[0m10:17:52.326325 [debug] [Thread-1  ]: Applying DROP to: "airflow"."analytics_staging"."stg_customers__dbt_backup"
[0m10:17:52.328526 [debug] [Thread-2  ]: Using postgres connection "model.ecommerce_analytics.stg_orders"
[0m10:17:52.337424 [debug] [Thread-3  ]: Applying DROP to: "airflow"."analytics_staging"."stg_products__dbt_backup"
[0m10:17:52.350624 [debug] [Thread-2  ]: On model.ecommerce_analytics.stg_orders: COMMIT
[0m10:17:52.353308 [debug] [Thread-1  ]: Using postgres connection "model.ecommerce_analytics.stg_customers"
[0m10:17:52.356537 [debug] [Thread-3  ]: Using postgres connection "model.ecommerce_analytics.stg_products"
[0m10:17:52.362077 [debug] [Thread-1  ]: On model.ecommerce_analytics.stg_customers: /* {"app": "dbt", "dbt_version": "1.7.0", "profile_name": "ecommerce_analytics", "target_name": "dev", "node_id": "model.ecommerce_analytics.stg_customers"} */
drop view if exists "airflow"."analytics_staging"."stg_customers__dbt_backup" cascade
[0m10:17:52.364379 [debug] [Thread-2  ]: SQL status: COMMIT in 0.0 seconds
[0m10:17:52.366429 [debug] [Thread-3  ]: On model.ecommerce_analytics.stg_products: /* {"app": "dbt", "dbt_version": "1.7.0", "profile_name": "ecommerce_analytics", "target_name": "dev", "node_id": "model.ecommerce_analytics.stg_products"} */
drop view if exists "airflow"."analytics_staging"."stg_products__dbt_backup" cascade
[0m10:17:52.374676 [debug] [Thread-1  ]: SQL status: DROP VIEW in 0.0 seconds
[0m10:17:52.378658 [debug] [Thread-2  ]: Applying DROP to: "airflow"."analytics_staging"."stg_orders__dbt_backup"
[0m10:17:52.384317 [debug] [Thread-1  ]: Timing info for model.ecommerce_analytics.stg_customers (execute): 10:17:51.713625 => 10:17:52.383584
[0m10:17:52.385749 [debug] [Thread-3  ]: SQL status: DROP VIEW in 0.0 seconds
[0m10:17:52.390467 [debug] [Thread-2  ]: Using postgres connection "model.ecommerce_analytics.stg_orders"
[0m10:17:52.394940 [debug] [Thread-1  ]: On model.ecommerce_analytics.stg_customers: Close
[0m10:17:52.406415 [debug] [Thread-3  ]: Timing info for model.ecommerce_analytics.stg_products (execute): 10:17:51.786495 => 10:17:52.405538
[0m10:17:52.408943 [debug] [Thread-2  ]: On model.ecommerce_analytics.stg_orders: /* {"app": "dbt", "dbt_version": "1.7.0", "profile_name": "ecommerce_analytics", "target_name": "dev", "node_id": "model.ecommerce_analytics.stg_orders"} */
drop view if exists "airflow"."analytics_staging"."stg_orders__dbt_backup" cascade
[0m10:17:52.414737 [debug] [Thread-1  ]: Sending event: {'category': 'dbt', 'action': 'run_model', 'label': 'b32a24f1-d85a-44d0-9718-6e79dbb6ac93', 'context': [<snowplow_tracker.self_describing_json.SelfDescribingJson object at 0x7f5912de7430>]}
[0m10:17:52.417606 [debug] [Thread-3  ]: On model.ecommerce_analytics.stg_products: Close
[0m10:17:52.420649 [debug] [Thread-2  ]: SQL status: DROP VIEW in 0.0 seconds
[0m10:17:52.422651 [info ] [Thread-1  ]: 1 of 3 OK created sql view model analytics_staging.stg_customers ............... [[32mCREATE VIEW[0m in 0.77s]
[0m10:17:52.425802 [debug] [Thread-3  ]: Sending event: {'category': 'dbt', 'action': 'run_model', 'label': 'b32a24f1-d85a-44d0-9718-6e79dbb6ac93', 'context': [<snowplow_tracker.self_describing_json.SelfDescribingJson object at 0x7f59130b5fa0>]}
[0m10:17:52.431348 [debug] [Thread-2  ]: Timing info for model.ecommerce_analytics.stg_orders (execute): 10:17:51.813241 => 10:17:52.430499
[0m10:17:52.434162 [debug] [Thread-1  ]: Finished running node model.ecommerce_analytics.stg_customers
[0m10:17:52.436901 [info ] [Thread-3  ]: 3 of 3 OK created sql view model analytics_staging.stg_products ................ [[32mCREATE VIEW[0m in 0.77s]
[0m10:17:52.439611 [debug] [Thread-2  ]: On model.ecommerce_analytics.stg_orders: Close
[0m10:17:52.444975 [debug] [Thread-3  ]: Finished running node model.ecommerce_analytics.stg_products
[0m10:17:52.448029 [debug] [Thread-2  ]: Sending event: {'category': 'dbt', 'action': 'run_model', 'label': 'b32a24f1-d85a-44d0-9718-6e79dbb6ac93', 'context': [<snowplow_tracker.self_describing_json.SelfDescribingJson object at 0x7f5912c984c0>]}
[0m10:17:52.451255 [info ] [Thread-2  ]: 2 of 3 OK created sql view model analytics_staging.stg_orders .................. [[32mCREATE VIEW[0m in 0.80s]
[0m10:17:52.454335 [debug] [Thread-2  ]: Finished running node model.ecommerce_analytics.stg_orders
[0m10:17:52.460996 [debug] [MainThread]: Using postgres connection "master"
[0m10:17:52.463249 [debug] [MainThread]: On master: BEGIN
[0m10:17:52.465079 [debug] [MainThread]: Opening a new connection, currently in state closed
[0m10:17:52.492054 [debug] [MainThread]: SQL status: BEGIN in 0.0 seconds
[0m10:17:52.495287 [debug] [MainThread]: On master: COMMIT
[0m10:17:52.496808 [debug] [MainThread]: Using postgres connection "master"
[0m10:17:52.498264 [debug] [MainThread]: On master: COMMIT
[0m10:17:52.500012 [debug] [MainThread]: SQL status: COMMIT in 0.0 seconds
[0m10:17:52.501479 [debug] [MainThread]: On master: Close
[0m10:17:52.503691 [debug] [MainThread]: Connection 'master' was properly closed.
[0m10:17:52.505342 [debug] [MainThread]: Connection 'model.ecommerce_analytics.stg_customers' was properly closed.
[0m10:17:52.507382 [debug] [MainThread]: Connection 'model.ecommerce_analytics.stg_orders' was properly closed.
[0m10:17:52.510845 [debug] [MainThread]: Connection 'model.ecommerce_analytics.stg_products' was properly closed.
[0m10:17:52.512418 [info ] [MainThread]: 
[0m10:17:52.514266 [info ] [MainThread]: Finished running 3 view models in 0 hours 0 minutes and 1.20 seconds (1.20s).
[0m10:17:52.517207 [debug] [MainThread]: Command end result
[0m10:17:52.569802 [info ] [MainThread]: 
[0m10:17:52.571791 [info ] [MainThread]: [32mCompleted successfully[0m
[0m10:17:52.573684 [info ] [MainThread]: 
[0m10:17:52.577674 [info ] [MainThread]: Done. PASS=3 WARN=0 ERROR=0 SKIP=0 TOTAL=3
[0m10:17:52.582654 [debug] [MainThread]: Resource report: {"command_name": "run", "command_success": true, "command_wall_clock_time": 11.310038, "process_user_time": 23.750587, "process_kernel_time": 6.08439, "process_mem_max_rss": "129816", "process_in_blocks": "96720", "process_out_blocks": "3072"}
[0m10:17:52.584646 [debug] [MainThread]: Command `dbt run` succeeded at 10:17:52.584241 after 11.31 seconds
[0m10:17:52.586224 [debug] [MainThread]: Sending event: {'category': 'dbt', 'action': 'invocation', 'label': 'end', 'context': [<snowplow_tracker.self_describing_json.SelfDescribingJson object at 0x7f59165ce100>, <snowplow_tracker.self_describing_json.SelfDescribingJson object at 0x7f5913ca82b0>, <snowplow_tracker.self_describing_json.SelfDescribingJson object at 0x7f59130d0c10>]}
[0m10:17:52.587747 [debug] [MainThread]: Flushing usage events
[0m10:17:52.801475 [debug] [MainThread]: Error sending anonymous usage statistics. Disabling tracking for this execution. If you wish to permanently disable tracking, see: https://docs.getdbt.com/reference/global-configs#send-anonymous-usage-stats.
[0m10:18:01.430132 [debug] [MainThread]: Sending event: {'category': 'dbt', 'action': 'invocation', 'label': 'start', 'context': [<snowplow_tracker.self_describing_json.SelfDescribingJson object at 0x7cd832d1a3d0>, <snowplow_tracker.self_describing_json.SelfDescribingJson object at 0x7cd830c46b50>, <snowplow_tracker.self_describing_json.SelfDescribingJson object at 0x7cd830c46040>]}


============================== 10:18:01.457659 | a689583b-54fc-4ad4-90db-9183bc974728 ==============================
[0m10:18:01.457659 [info ] [MainThread]: Running with dbt=1.7.0
[0m10:18:01.460360 [debug] [MainThread]: running dbt with arguments {'printer_width': '80', 'indirect_selection': 'eager', 'write_json': 'True', 'log_cache_events': 'False', 'partial_parse': 'True', 'cache_selected_only': 'False', 'profiles_dir': '.', 'fail_fast': 'False', 'version_check': 'True', 'log_path': '/opt/airflow/dbt_project/logs', 'warn_error': 'None', 'debug': 'False', 'use_colors': 'True', 'use_experimental_parser': 'False', 'no_print': 'None', 'quiet': 'False', 'log_format': 'default', 'invocation_command': 'dbt run --select staging --profiles-dir .', 'introspect': 'True', 'static_parser': 'True', 'target_path': 'None', 'warn_error_options': 'WarnErrorOptions(include=[], exclude=[])', 'send_anonymous_usage_stats': 'True'}
[0m10:18:02.507770 [debug] [MainThread]: Sending event: {'category': 'dbt', 'action': 'project_id', 'label': 'a689583b-54fc-4ad4-90db-9183bc974728', 'context': [<snowplow_tracker.self_describing_json.SelfDescribingJson object at 0x7cd833596e50>]}
[0m10:18:02.786885 [debug] [MainThread]: Sending event: {'category': 'dbt', 'action': 'adapter_info', 'label': 'a689583b-54fc-4ad4-90db-9183bc974728', 'context': [<snowplow_tracker.self_describing_json.SelfDescribingJson object at 0x7cd830193070>]}
[0m10:18:02.789805 [info ] [MainThread]: Registered adapter: postgres=1.7.0
[0m10:18:02.823883 [debug] [MainThread]: checksum: 8434eacd4ffdf0ca3ab22bf0e2d55b45306c9599613e842b959405abc489e606, vars: {}, profile: , target: , version: 1.7.0
[0m10:18:03.383417 [debug] [MainThread]: Partial parsing enabled: 0 files deleted, 0 files added, 0 files changed.
[0m10:18:03.389655 [debug] [MainThread]: Partial parsing enabled, no changes found, skipping parsing
[0m10:18:03.436996 [debug] [MainThread]: Sending event: {'category': 'dbt', 'action': 'load_project', 'label': 'a689583b-54fc-4ad4-90db-9183bc974728', 'context': [<snowplow_tracker.self_describing_json.SelfDescribingJson object at 0x7cd82fc74ee0>]}
[0m10:18:03.534351 [debug] [MainThread]: Sending event: {'category': 'dbt', 'action': 'resource_counts', 'label': 'a689583b-54fc-4ad4-90db-9183bc974728', 'context': [<snowplow_tracker.self_describing_json.SelfDescribingJson object at 0x7cd82fd2cc10>]}
[0m10:18:03.537257 [info ] [MainThread]: Found 6 models, 17 tests, 0 sources, 0 exposures, 0 metrics, 401 macros, 0 groups, 0 semantic models
[0m10:18:03.539514 [debug] [MainThread]: Sending event: {'category': 'dbt', 'action': 'runnable_timing', 'label': 'a689583b-54fc-4ad4-90db-9183bc974728', 'context': [<snowplow_tracker.self_describing_json.SelfDescribingJson object at 0x7cd83010d3d0>]}
[0m10:18:03.543793 [info ] [MainThread]: 
[0m10:18:03.546764 [debug] [MainThread]: Acquiring new postgres connection 'master'
[0m10:18:03.552554 [debug] [ThreadPool]: Acquiring new postgres connection 'list_airflow'
[0m10:18:03.585879 [debug] [ThreadPool]: Using postgres connection "list_airflow"
[0m10:18:03.587895 [debug] [ThreadPool]: On list_airflow: /* {"app": "dbt", "dbt_version": "1.7.0", "profile_name": "ecommerce_analytics", "target_name": "dev", "connection_name": "list_airflow"} */

    select distinct nspname from pg_namespace
  
[0m10:18:03.589675 [debug] [ThreadPool]: Opening a new connection, currently in state init
[0m10:18:03.612595 [debug] [ThreadPool]: SQL status: SELECT 7 in 0.0 seconds
[0m10:18:03.617500 [debug] [ThreadPool]: On list_airflow: Close
[0m10:18:03.625559 [debug] [ThreadPool]: Re-using an available connection from the pool (formerly list_airflow, now list_airflow_analytics_analytics)
[0m10:18:03.629429 [debug] [ThreadPool]: Acquiring new postgres connection 'list_airflow_analytics_staging'
[0m10:18:03.649388 [debug] [ThreadPool]: Using postgres connection "list_airflow_analytics_analytics"
[0m10:18:03.657952 [debug] [ThreadPool]: Using postgres connection "list_airflow_analytics_staging"
[0m10:18:03.659894 [debug] [ThreadPool]: On list_airflow_analytics_analytics: BEGIN
[0m10:18:03.661445 [debug] [ThreadPool]: On list_airflow_analytics_staging: BEGIN
[0m10:18:03.663240 [debug] [ThreadPool]: Opening a new connection, currently in state closed
[0m10:18:03.664772 [debug] [ThreadPool]: Opening a new connection, currently in state init
[0m10:18:03.681952 [debug] [ThreadPool]: SQL status: BEGIN in 0.0 seconds
[0m10:18:03.683537 [debug] [ThreadPool]: Using postgres connection "list_airflow_analytics_analytics"
[0m10:18:03.686238 [debug] [ThreadPool]: On list_airflow_analytics_analytics: /* {"app": "dbt", "dbt_version": "1.7.0", "profile_name": "ecommerce_analytics", "target_name": "dev", "connection_name": "list_airflow_analytics_analytics"} */
select
      'airflow' as database,
      tablename as name,
      schemaname as schema,
      'table' as type
    from pg_tables
    where schemaname ilike 'analytics_analytics'
    union all
    select
      'airflow' as database,
      viewname as name,
      schemaname as schema,
      'view' as type
    from pg_views
    where schemaname ilike 'analytics_analytics'
    union all
    select
      'airflow' as database,
      matviewname as name,
      schemaname as schema,
      'materialized_view' as type
    from pg_matviews
    where schemaname ilike 'analytics_analytics'
  
[0m10:18:03.689006 [debug] [ThreadPool]: SQL status: BEGIN in 0.0 seconds
[0m10:18:03.693474 [debug] [ThreadPool]: SQL status: SELECT 0 in 0.0 seconds
[0m10:18:03.694635 [debug] [ThreadPool]: Using postgres connection "list_airflow_analytics_staging"
[0m10:18:03.697883 [debug] [ThreadPool]: On list_airflow_analytics_analytics: ROLLBACK
[0m10:18:03.699730 [debug] [ThreadPool]: On list_airflow_analytics_staging: /* {"app": "dbt", "dbt_version": "1.7.0", "profile_name": "ecommerce_analytics", "target_name": "dev", "connection_name": "list_airflow_analytics_staging"} */
select
      'airflow' as database,
      tablename as name,
      schemaname as schema,
      'table' as type
    from pg_tables
    where schemaname ilike 'analytics_staging'
    union all
    select
      'airflow' as database,
      viewname as name,
      schemaname as schema,
      'view' as type
    from pg_views
    where schemaname ilike 'analytics_staging'
    union all
    select
      'airflow' as database,
      matviewname as name,
      schemaname as schema,
      'materialized_view' as type
    from pg_matviews
    where schemaname ilike 'analytics_staging'
  
[0m10:18:03.703041 [debug] [ThreadPool]: On list_airflow_analytics_analytics: Close
[0m10:18:03.710399 [debug] [ThreadPool]: SQL status: SELECT 3 in 0.0 seconds
[0m10:18:03.714290 [debug] [ThreadPool]: On list_airflow_analytics_staging: ROLLBACK
[0m10:18:03.716624 [debug] [ThreadPool]: On list_airflow_analytics_staging: Close
[0m10:18:03.736992 [debug] [MainThread]: Using postgres connection "master"
[0m10:18:03.738545 [debug] [MainThread]: On master: BEGIN
[0m10:18:03.739925 [debug] [MainThread]: Opening a new connection, currently in state init
[0m10:18:03.758038 [debug] [MainThread]: SQL status: BEGIN in 0.0 seconds
[0m10:18:03.759580 [debug] [MainThread]: Using postgres connection "master"
[0m10:18:03.761520 [debug] [MainThread]: On master: /* {"app": "dbt", "dbt_version": "1.7.0", "profile_name": "ecommerce_analytics", "target_name": "dev", "connection_name": "master"} */
with relation as (
        select
            pg_rewrite.ev_class as class,
            pg_rewrite.oid as id
        from pg_rewrite
    ),
    class as (
        select
            oid as id,
            relname as name,
            relnamespace as schema,
            relkind as kind
        from pg_class
    ),
    dependency as (
        select distinct
            pg_depend.objid as id,
            pg_depend.refobjid as ref
        from pg_depend
    ),
    schema as (
        select
            pg_namespace.oid as id,
            pg_namespace.nspname as name
        from pg_namespace
        where nspname != 'information_schema' and nspname not like 'pg\_%'
    ),
    referenced as (
        select
            relation.id AS id,
            referenced_class.name ,
            referenced_class.schema ,
            referenced_class.kind
        from relation
        join class as referenced_class on relation.class=referenced_class.id
        where referenced_class.kind in ('r', 'v', 'm')
    ),
    relationships as (
        select
            referenced.name as referenced_name,
            referenced.schema as referenced_schema_id,
            dependent_class.name as dependent_name,
            dependent_class.schema as dependent_schema_id,
            referenced.kind as kind
        from referenced
        join dependency on referenced.id=dependency.id
        join class as dependent_class on dependency.ref=dependent_class.id
        where
            (referenced.name != dependent_class.name or
             referenced.schema != dependent_class.schema)
    )

    select
        referenced_schema.name as referenced_schema,
        relationships.referenced_name as referenced_name,
        dependent_schema.name as dependent_schema,
        relationships.dependent_name as dependent_name
    from relationships
    join schema as dependent_schema on relationships.dependent_schema_id=dependent_schema.id
    join schema as referenced_schema on relationships.referenced_schema_id=referenced_schema.id
    group by referenced_schema, referenced_name, dependent_schema, dependent_name
    order by referenced_schema, referenced_name, dependent_schema, dependent_name;
[0m10:18:03.816792 [debug] [MainThread]: SQL status: SELECT 3 in 0.0 seconds
[0m10:18:03.822851 [debug] [MainThread]: Sending event: {'category': 'dbt', 'action': 'runnable_timing', 'label': 'a689583b-54fc-4ad4-90db-9183bc974728', 'context': [<snowplow_tracker.self_describing_json.SelfDescribingJson object at 0x7cd82f9b24f0>]}
[0m10:18:03.825015 [debug] [MainThread]: On master: ROLLBACK
[0m10:18:03.826980 [debug] [MainThread]: Using postgres connection "master"
[0m10:18:03.828602 [debug] [MainThread]: On master: BEGIN
[0m10:18:03.831208 [debug] [MainThread]: SQL status: BEGIN in 0.0 seconds
[0m10:18:03.833134 [debug] [MainThread]: On master: COMMIT
[0m10:18:03.835783 [debug] [MainThread]: Using postgres connection "master"
[0m10:18:03.838135 [debug] [MainThread]: On master: COMMIT
[0m10:18:03.840972 [debug] [MainThread]: SQL status: COMMIT in 0.0 seconds
[0m10:18:03.843056 [debug] [MainThread]: On master: Close
[0m10:18:03.847549 [info ] [MainThread]: Concurrency: 4 threads (target='dev')
[0m10:18:03.854292 [info ] [MainThread]: 
[0m10:18:03.879581 [debug] [Thread-1  ]: Began running node model.ecommerce_analytics.stg_customers
[0m10:18:03.881385 [debug] [Thread-2  ]: Began running node model.ecommerce_analytics.stg_orders
[0m10:18:03.883480 [debug] [Thread-3  ]: Began running node model.ecommerce_analytics.stg_products
[0m10:18:03.886080 [info ] [Thread-1  ]: 1 of 3 START sql view model analytics_staging.stg_customers .................... [RUN]
[0m10:18:03.889333 [info ] [Thread-2  ]: 2 of 3 START sql view model analytics_staging.stg_orders ....................... [RUN]
[0m10:18:03.893351 [info ] [Thread-3  ]: 3 of 3 START sql view model analytics_staging.stg_products ..................... [RUN]
[0m10:18:03.895939 [debug] [Thread-1  ]: Re-using an available connection from the pool (formerly list_airflow_analytics_staging, now model.ecommerce_analytics.stg_customers)
[0m10:18:03.898314 [debug] [Thread-2  ]: Re-using an available connection from the pool (formerly list_airflow_analytics_analytics, now model.ecommerce_analytics.stg_orders)
[0m10:18:03.903385 [debug] [Thread-3  ]: Acquiring new postgres connection 'model.ecommerce_analytics.stg_products'
[0m10:18:03.905203 [debug] [Thread-1  ]: Began compiling node model.ecommerce_analytics.stg_customers
[0m10:18:03.907108 [debug] [Thread-2  ]: Began compiling node model.ecommerce_analytics.stg_orders
[0m10:18:03.909121 [debug] [Thread-3  ]: Began compiling node model.ecommerce_analytics.stg_products
[0m10:18:03.925799 [debug] [Thread-2  ]: Writing injected SQL for node "model.ecommerce_analytics.stg_orders"
[0m10:18:03.936716 [debug] [Thread-1  ]: Writing injected SQL for node "model.ecommerce_analytics.stg_customers"
[0m10:18:03.942201 [debug] [Thread-3  ]: Writing injected SQL for node "model.ecommerce_analytics.stg_products"
[0m10:18:03.957688 [debug] [Thread-3  ]: Timing info for model.ecommerce_analytics.stg_products (compile): 10:18:03.938126 => 10:18:03.956753
[0m10:18:03.959828 [debug] [Thread-2  ]: Timing info for model.ecommerce_analytics.stg_orders (compile): 10:18:03.921808 => 10:18:03.958727
[0m10:18:03.961760 [debug] [Thread-3  ]: Began executing node model.ecommerce_analytics.stg_products
[0m10:18:03.964115 [debug] [Thread-2  ]: Began executing node model.ecommerce_analytics.stg_orders
[0m10:18:03.966463 [debug] [Thread-1  ]: Timing info for model.ecommerce_analytics.stg_customers (compile): 10:18:03.910513 => 10:18:03.965296
[0m10:18:04.006334 [debug] [Thread-1  ]: Began executing node model.ecommerce_analytics.stg_customers
[0m10:18:04.210169 [debug] [Thread-1  ]: Writing runtime sql for node "model.ecommerce_analytics.stg_customers"
[0m10:18:04.212378 [debug] [Thread-3  ]: Writing runtime sql for node "model.ecommerce_analytics.stg_products"
[0m10:18:04.215185 [debug] [Thread-2  ]: Writing runtime sql for node "model.ecommerce_analytics.stg_orders"
[0m10:18:04.228663 [debug] [Thread-1  ]: Using postgres connection "model.ecommerce_analytics.stg_customers"
[0m10:18:04.230644 [debug] [Thread-3  ]: Using postgres connection "model.ecommerce_analytics.stg_products"
[0m10:18:04.232436 [debug] [Thread-1  ]: On model.ecommerce_analytics.stg_customers: BEGIN
[0m10:18:04.248709 [debug] [Thread-3  ]: On model.ecommerce_analytics.stg_products: BEGIN
[0m10:18:04.251512 [debug] [Thread-1  ]: Opening a new connection, currently in state closed
[0m10:18:04.253370 [debug] [Thread-2  ]: Using postgres connection "model.ecommerce_analytics.stg_orders"
[0m10:18:04.254924 [debug] [Thread-3  ]: Opening a new connection, currently in state init
[0m10:18:04.258244 [debug] [Thread-2  ]: On model.ecommerce_analytics.stg_orders: BEGIN
[0m10:18:04.260991 [debug] [Thread-2  ]: Opening a new connection, currently in state closed
[0m10:18:04.275667 [debug] [Thread-1  ]: SQL status: BEGIN in 0.0 seconds
[0m10:18:04.277634 [debug] [Thread-1  ]: Using postgres connection "model.ecommerce_analytics.stg_customers"
[0m10:18:04.279643 [debug] [Thread-3  ]: SQL status: BEGIN in 0.0 seconds
[0m10:18:04.281192 [debug] [Thread-1  ]: On model.ecommerce_analytics.stg_customers: /* {"app": "dbt", "dbt_version": "1.7.0", "profile_name": "ecommerce_analytics", "target_name": "dev", "node_id": "model.ecommerce_analytics.stg_customers"} */

  create view "airflow"."analytics_staging"."stg_customers__dbt_tmp"
    
    
  as (
    -- Staging model for customers
-- Reads from staging schema loaded by PySpark ETL

with source as (
    select * from staging.customers
),

renamed as (
    select
        customer_id,
        name         as customer_name,
        email,
        city,
        state,
        signup_date,
        segment,
        ingested_at
    from source
    where customer_id is not null
      and email is not null
)

select * from renamed
  );
[0m10:18:04.284086 [debug] [Thread-3  ]: Using postgres connection "model.ecommerce_analytics.stg_products"
[0m10:18:04.286406 [debug] [Thread-2  ]: SQL status: BEGIN in 0.0 seconds
[0m10:18:04.288997 [debug] [Thread-3  ]: On model.ecommerce_analytics.stg_products: /* {"app": "dbt", "dbt_version": "1.7.0", "profile_name": "ecommerce_analytics", "target_name": "dev", "node_id": "model.ecommerce_analytics.stg_products"} */

  create view "airflow"."analytics_staging"."stg_products__dbt_tmp"
    
    
  as (
    -- Staging model for products
-- Reads from staging schema loaded by PySpark ETL

with source as (
    select * from staging.products
),

renamed as (
    select
        product_id,
        product_name,
        category,
        brand,
        cost_price,
        selling_price,
        stock_quantity,
        profit_margin_pct,
        ingested_at
    from source
    where product_id is not null
      and selling_price > 0
)

select * from renamed
  );
[0m10:18:04.291609 [debug] [Thread-2  ]: Using postgres connection "model.ecommerce_analytics.stg_orders"
[0m10:18:04.294030 [debug] [Thread-1  ]: SQL status: CREATE VIEW in 0.0 seconds
[0m10:18:04.296267 [debug] [Thread-2  ]: On model.ecommerce_analytics.stg_orders: /* {"app": "dbt", "dbt_version": "1.7.0", "profile_name": "ecommerce_analytics", "target_name": "dev", "node_id": "model.ecommerce_analytics.stg_orders"} */

  create view "airflow"."analytics_staging"."stg_orders__dbt_tmp"
    
    
  as (
    -- Staging model for orders
-- Reads from staging schema loaded by PySpark ETL

with source as (
    select * from staging.orders
),

renamed as (
    select
        order_id,
        customer_id,
        product_id,
        order_date,
        quantity,
        unit_price,
        total_amount,
        lower(status) as status,
        ingested_at
    from source
    where order_id is not null
      and customer_id is not null
      and product_id is not null
)

select * from renamed
  );
[0m10:18:04.303943 [debug] [Thread-3  ]: SQL status: CREATE VIEW in 0.0 seconds
[0m10:18:04.318778 [debug] [Thread-1  ]: Using postgres connection "model.ecommerce_analytics.stg_customers"
[0m10:18:04.320342 [debug] [Thread-2  ]: SQL status: CREATE VIEW in 0.0 seconds
[0m10:18:04.331384 [debug] [Thread-3  ]: Using postgres connection "model.ecommerce_analytics.stg_products"
[0m10:18:04.332827 [debug] [Thread-1  ]: On model.ecommerce_analytics.stg_customers: /* {"app": "dbt", "dbt_version": "1.7.0", "profile_name": "ecommerce_analytics", "target_name": "dev", "node_id": "model.ecommerce_analytics.stg_customers"} */
alter table "airflow"."analytics_staging"."stg_customers" rename to "stg_customers__dbt_backup"
[0m10:18:04.343283 [debug] [Thread-2  ]: Using postgres connection "model.ecommerce_analytics.stg_orders"
[0m10:18:04.344574 [debug] [Thread-3  ]: On model.ecommerce_analytics.stg_products: /* {"app": "dbt", "dbt_version": "1.7.0", "profile_name": "ecommerce_analytics", "target_name": "dev", "node_id": "model.ecommerce_analytics.stg_products"} */
alter table "airflow"."analytics_staging"."stg_products" rename to "stg_products__dbt_backup"
[0m10:18:04.347086 [debug] [Thread-2  ]: On model.ecommerce_analytics.stg_orders: /* {"app": "dbt", "dbt_version": "1.7.0", "profile_name": "ecommerce_analytics", "target_name": "dev", "node_id": "model.ecommerce_analytics.stg_orders"} */
alter table "airflow"."analytics_staging"."stg_orders" rename to "stg_orders__dbt_backup"
[0m10:18:04.348634 [debug] [Thread-1  ]: SQL status: ALTER TABLE in 0.0 seconds
[0m10:18:04.351808 [debug] [Thread-3  ]: SQL status: ALTER TABLE in 0.0 seconds
[0m10:18:04.360399 [debug] [Thread-1  ]: Using postgres connection "model.ecommerce_analytics.stg_customers"
[0m10:18:04.361673 [debug] [Thread-2  ]: SQL status: ALTER TABLE in 0.0 seconds
[0m10:18:04.374506 [debug] [Thread-1  ]: On model.ecommerce_analytics.stg_customers: /* {"app": "dbt", "dbt_version": "1.7.0", "profile_name": "ecommerce_analytics", "target_name": "dev", "node_id": "model.ecommerce_analytics.stg_customers"} */
alter table "airflow"."analytics_staging"."stg_customers__dbt_tmp" rename to "stg_customers"
[0m10:18:04.372890 [debug] [Thread-3  ]: Using postgres connection "model.ecommerce_analytics.stg_products"
[0m10:18:04.384528 [debug] [Thread-2  ]: Using postgres connection "model.ecommerce_analytics.stg_orders"
[0m10:18:04.387394 [debug] [Thread-3  ]: On model.ecommerce_analytics.stg_products: /* {"app": "dbt", "dbt_version": "1.7.0", "profile_name": "ecommerce_analytics", "target_name": "dev", "node_id": "model.ecommerce_analytics.stg_products"} */
alter table "airflow"."analytics_staging"."stg_products__dbt_tmp" rename to "stg_products"
[0m10:18:04.388826 [debug] [Thread-1  ]: SQL status: ALTER TABLE in 0.0 seconds
[0m10:18:04.390168 [debug] [Thread-2  ]: On model.ecommerce_analytics.stg_orders: /* {"app": "dbt", "dbt_version": "1.7.0", "profile_name": "ecommerce_analytics", "target_name": "dev", "node_id": "model.ecommerce_analytics.stg_orders"} */
alter table "airflow"."analytics_staging"."stg_orders__dbt_tmp" rename to "stg_orders"
[0m10:18:04.404669 [debug] [Thread-3  ]: SQL status: ALTER TABLE in 0.0 seconds
[0m10:18:04.428190 [debug] [Thread-2  ]: SQL status: ALTER TABLE in 0.0 seconds
[0m10:18:04.456747 [debug] [Thread-3  ]: On model.ecommerce_analytics.stg_products: COMMIT
[0m10:18:04.458475 [debug] [Thread-1  ]: On model.ecommerce_analytics.stg_customers: COMMIT
[0m10:18:04.463281 [debug] [Thread-2  ]: On model.ecommerce_analytics.stg_orders: COMMIT
[0m10:18:04.465067 [debug] [Thread-3  ]: Using postgres connection "model.ecommerce_analytics.stg_products"
[0m10:18:04.467347 [debug] [Thread-1  ]: Using postgres connection "model.ecommerce_analytics.stg_customers"
[0m10:18:04.469864 [debug] [Thread-2  ]: Using postgres connection "model.ecommerce_analytics.stg_orders"
[0m10:18:04.471736 [debug] [Thread-3  ]: On model.ecommerce_analytics.stg_products: COMMIT
[0m10:18:04.473313 [debug] [Thread-1  ]: On model.ecommerce_analytics.stg_customers: COMMIT
[0m10:18:04.474950 [debug] [Thread-2  ]: On model.ecommerce_analytics.stg_orders: COMMIT
[0m10:18:04.478807 [debug] [Thread-3  ]: SQL status: COMMIT in 0.0 seconds
[0m10:18:04.480270 [debug] [Thread-2  ]: SQL status: COMMIT in 0.0 seconds
[0m10:18:04.481488 [debug] [Thread-1  ]: SQL status: COMMIT in 0.0 seconds
[0m10:18:04.507756 [debug] [Thread-2  ]: Applying DROP to: "airflow"."analytics_staging"."stg_orders__dbt_backup"
[0m10:18:04.509466 [debug] [Thread-3  ]: Applying DROP to: "airflow"."analytics_staging"."stg_products__dbt_backup"
[0m10:18:04.524533 [debug] [Thread-1  ]: Applying DROP to: "airflow"."analytics_staging"."stg_customers__dbt_backup"
[0m10:18:04.547417 [debug] [Thread-3  ]: Using postgres connection "model.ecommerce_analytics.stg_products"
[0m10:18:04.550824 [debug] [Thread-2  ]: Using postgres connection "model.ecommerce_analytics.stg_orders"
[0m10:18:04.555120 [debug] [Thread-1  ]: Using postgres connection "model.ecommerce_analytics.stg_customers"
[0m10:18:04.557076 [debug] [Thread-3  ]: On model.ecommerce_analytics.stg_products: /* {"app": "dbt", "dbt_version": "1.7.0", "profile_name": "ecommerce_analytics", "target_name": "dev", "node_id": "model.ecommerce_analytics.stg_products"} */
drop view if exists "airflow"."analytics_staging"."stg_products__dbt_backup" cascade
[0m10:18:04.559014 [debug] [Thread-2  ]: On model.ecommerce_analytics.stg_orders: /* {"app": "dbt", "dbt_version": "1.7.0", "profile_name": "ecommerce_analytics", "target_name": "dev", "node_id": "model.ecommerce_analytics.stg_orders"} */
drop view if exists "airflow"."analytics_staging"."stg_orders__dbt_backup" cascade
[0m10:18:04.560889 [debug] [Thread-1  ]: On model.ecommerce_analytics.stg_customers: /* {"app": "dbt", "dbt_version": "1.7.0", "profile_name": "ecommerce_analytics", "target_name": "dev", "node_id": "model.ecommerce_analytics.stg_customers"} */
drop view if exists "airflow"."analytics_staging"."stg_customers__dbt_backup" cascade
[0m10:18:04.567189 [debug] [Thread-3  ]: SQL status: DROP VIEW in 0.0 seconds
[0m10:18:04.569432 [debug] [Thread-2  ]: SQL status: DROP VIEW in 0.0 seconds
[0m10:18:04.571316 [debug] [Thread-1  ]: SQL status: DROP VIEW in 0.0 seconds
[0m10:18:04.575934 [debug] [Thread-3  ]: Timing info for model.ecommerce_analytics.stg_products (execute): 10:18:03.968021 => 10:18:04.575001
[0m10:18:04.581179 [debug] [Thread-2  ]: Timing info for model.ecommerce_analytics.stg_orders (execute): 10:18:03.979092 => 10:18:04.580612
[0m10:18:04.587569 [debug] [Thread-1  ]: Timing info for model.ecommerce_analytics.stg_customers (execute): 10:18:04.021702 => 10:18:04.586651
[0m10:18:04.589419 [debug] [Thread-3  ]: On model.ecommerce_analytics.stg_products: Close
[0m10:18:04.591307 [debug] [Thread-2  ]: On model.ecommerce_analytics.stg_orders: Close
[0m10:18:04.593023 [debug] [Thread-1  ]: On model.ecommerce_analytics.stg_customers: Close
[0m10:18:04.595737 [debug] [Thread-3  ]: Sending event: {'category': 'dbt', 'action': 'run_model', 'label': 'a689583b-54fc-4ad4-90db-9183bc974728', 'context': [<snowplow_tracker.self_describing_json.SelfDescribingJson object at 0x7cd82f9ab550>]}
[0m10:18:04.598673 [debug] [Thread-2  ]: Sending event: {'category': 'dbt', 'action': 'run_model', 'label': 'a689583b-54fc-4ad4-90db-9183bc974728', 'context': [<snowplow_tracker.self_describing_json.SelfDescribingJson object at 0x7cd82f961520>]}
[0m10:18:04.602310 [debug] [Thread-1  ]: Sending event: {'category': 'dbt', 'action': 'run_model', 'label': 'a689583b-54fc-4ad4-90db-9183bc974728', 'context': [<snowplow_tracker.self_describing_json.SelfDescribingJson object at 0x7cd82fc76310>]}
[0m10:18:04.606701 [info ] [Thread-3  ]: 3 of 3 OK created sql view model analytics_staging.stg_products ................ [[32mCREATE VIEW[0m in 0.70s]
[0m10:18:04.609706 [info ] [Thread-2  ]: 2 of 3 OK created sql view model analytics_staging.stg_orders .................. [[32mCREATE VIEW[0m in 0.70s]
[0m10:18:04.612264 [info ] [Thread-1  ]: 1 of 3 OK created sql view model analytics_staging.stg_customers ............... [[32mCREATE VIEW[0m in 0.71s]
[0m10:18:04.614884 [debug] [Thread-3  ]: Finished running node model.ecommerce_analytics.stg_products
[0m10:18:04.617691 [debug] [Thread-2  ]: Finished running node model.ecommerce_analytics.stg_orders
[0m10:18:04.620591 [debug] [Thread-1  ]: Finished running node model.ecommerce_analytics.stg_customers
[0m10:18:04.627698 [debug] [MainThread]: Using postgres connection "master"
[0m10:18:04.645597 [debug] [MainThread]: On master: BEGIN
[0m10:18:04.647391 [debug] [MainThread]: Opening a new connection, currently in state closed
[0m10:18:04.672853 [debug] [MainThread]: SQL status: BEGIN in 0.0 seconds
[0m10:18:04.674534 [debug] [MainThread]: On master: COMMIT
[0m10:18:04.676046 [debug] [MainThread]: Using postgres connection "master"
[0m10:18:04.677644 [debug] [MainThread]: On master: COMMIT
[0m10:18:04.679827 [debug] [MainThread]: SQL status: COMMIT in 0.0 seconds
[0m10:18:04.681753 [debug] [MainThread]: On master: Close
[0m10:18:04.685338 [debug] [MainThread]: Connection 'master' was properly closed.
[0m10:18:04.687415 [debug] [MainThread]: Connection 'model.ecommerce_analytics.stg_orders' was properly closed.
[0m10:18:04.689117 [debug] [MainThread]: Connection 'model.ecommerce_analytics.stg_customers' was properly closed.
[0m10:18:04.690801 [debug] [MainThread]: Connection 'model.ecommerce_analytics.stg_products' was properly closed.
[0m10:18:04.692220 [info ] [MainThread]: 
[0m10:18:04.694159 [info ] [MainThread]: Finished running 3 view models in 0 hours 0 minutes and 1.15 seconds (1.15s).
[0m10:18:04.699865 [debug] [MainThread]: Command end result
[0m10:18:04.987681 [info ] [MainThread]: 
[0m10:18:04.991712 [info ] [MainThread]: [32mCompleted successfully[0m
[0m10:18:05.001142 [info ] [MainThread]: 
[0m10:18:05.004604 [info ] [MainThread]: Done. PASS=3 WARN=0 ERROR=0 SKIP=0 TOTAL=3
[0m10:18:05.026347 [debug] [MainThread]: Resource report: {"command_name": "run", "command_success": true, "command_wall_clock_time": 3.7622, "process_user_time": 10.347348, "process_kernel_time": 1.100694, "process_mem_max_rss": "124444", "process_in_blocks": "144", "process_out_blocks": "0"}
[0m10:18:05.029250 [debug] [MainThread]: Command `dbt run` succeeded at 10:18:05.028788 after 3.77 seconds
[0m10:18:05.030894 [debug] [MainThread]: Sending event: {'category': 'dbt', 'action': 'invocation', 'label': 'end', 'context': [<snowplow_tracker.self_describing_json.SelfDescribingJson object at 0x7cd832d1a3d0>, <snowplow_tracker.self_describing_json.SelfDescribingJson object at 0x7cd82f96e940>, <snowplow_tracker.self_describing_json.SelfDescribingJson object at 0x7cd82f5a6d30>]}
[0m10:18:05.032405 [debug] [MainThread]: Flushing usage events
[0m10:18:05.595548 [debug] [MainThread]: Sending event: {'category': 'dbt', 'action': 'invocation', 'label': 'start', 'context': [<snowplow_tracker.self_describing_json.SelfDescribingJson object at 0x7c10039510a0>, <snowplow_tracker.self_describing_json.SelfDescribingJson object at 0x7c1003176250>, <snowplow_tracker.self_describing_json.SelfDescribingJson object at 0x7c100188ba30>]}


============================== 10:18:05.612290 | b81fa091-8cff-442e-81ea-ed201557fc50 ==============================
[0m10:18:05.612290 [info ] [MainThread]: Running with dbt=1.7.0
[0m10:18:05.614958 [debug] [MainThread]: running dbt with arguments {'printer_width': '80', 'indirect_selection': 'eager', 'log_cache_events': 'False', 'write_json': 'True', 'partial_parse': 'True', 'cache_selected_only': 'False', 'warn_error': 'None', 'fail_fast': 'False', 'profiles_dir': '.', 'log_path': '/opt/airflow/dbt_project/logs', 'debug': 'False', 'version_check': 'True', 'use_colors': 'True', 'use_experimental_parser': 'False', 'no_print': 'None', 'quiet': 'False', 'log_format': 'default', 'static_parser': 'True', 'warn_error_options': 'WarnErrorOptions(include=[], exclude=[])', 'invocation_command': 'dbt test --select staging --profiles-dir .', 'target_path': 'None', 'introspect': 'True', 'send_anonymous_usage_stats': 'True'}
[0m10:18:06.184408 [debug] [MainThread]: Sending event: {'category': 'dbt', 'action': 'project_id', 'label': 'b81fa091-8cff-442e-81ea-ed201557fc50', 'context': [<snowplow_tracker.self_describing_json.SelfDescribingJson object at 0x7c1001856e20>]}
[0m10:18:06.372327 [debug] [MainThread]: Sending event: {'category': 'dbt', 'action': 'adapter_info', 'label': 'b81fa091-8cff-442e-81ea-ed201557fc50', 'context': [<snowplow_tracker.self_describing_json.SelfDescribingJson object at 0x7c1001147340>]}
[0m10:18:06.374228 [info ] [MainThread]: Registered adapter: postgres=1.7.0
[0m10:18:06.407814 [debug] [MainThread]: checksum: 8434eacd4ffdf0ca3ab22bf0e2d55b45306c9599613e842b959405abc489e606, vars: {}, profile: , target: , version: 1.7.0
[0m10:18:06.788322 [debug] [MainThread]: Partial parsing enabled: 0 files deleted, 0 files added, 0 files changed.
[0m10:18:06.789803 [debug] [MainThread]: Partial parsing enabled, no changes found, skipping parsing
[0m10:18:06.803917 [debug] [MainThread]: Sending event: {'category': 'dbt', 'action': 'load_project', 'label': 'b81fa091-8cff-442e-81ea-ed201557fc50', 'context': [<snowplow_tracker.self_describing_json.SelfDescribingJson object at 0x7c10008b5e50>]}
[0m10:18:06.870177 [debug] [MainThread]: Sending event: {'category': 'dbt', 'action': 'resource_counts', 'label': 'b81fa091-8cff-442e-81ea-ed201557fc50', 'context': [<snowplow_tracker.self_describing_json.SelfDescribingJson object at 0x7c100096dbb0>]}
[0m10:18:06.871759 [info ] [MainThread]: Found 6 models, 17 tests, 0 sources, 0 exposures, 0 metrics, 401 macros, 0 groups, 0 semantic models
[0m10:18:06.873328 [debug] [MainThread]: Sending event: {'category': 'dbt', 'action': 'runnable_timing', 'label': 'b81fa091-8cff-442e-81ea-ed201557fc50', 'context': [<snowplow_tracker.self_describing_json.SelfDescribingJson object at 0x7c100096deb0>]}
[0m10:18:06.877468 [info ] [MainThread]: 
[0m10:18:06.879906 [debug] [MainThread]: Acquiring new postgres connection 'master'
[0m10:18:06.886556 [debug] [ThreadPool]: Acquiring new postgres connection 'list_airflow_analytics_analytics'
[0m10:18:06.894482 [debug] [ThreadPool]: Acquiring new postgres connection 'list_airflow_analytics_staging'
[0m10:18:06.931874 [debug] [ThreadPool]: Using postgres connection "list_airflow_analytics_analytics"
[0m10:18:06.941377 [debug] [ThreadPool]: Using postgres connection "list_airflow_analytics_staging"
[0m10:18:06.942968 [debug] [ThreadPool]: On list_airflow_analytics_analytics: BEGIN
[0m10:18:06.944930 [debug] [ThreadPool]: On list_airflow_analytics_staging: BEGIN
[0m10:18:06.946984 [debug] [ThreadPool]: Opening a new connection, currently in state init
[0m10:18:06.949026 [debug] [ThreadPool]: Opening a new connection, currently in state init
[0m10:18:06.968949 [debug] [ThreadPool]: SQL status: BEGIN in 0.0 seconds
[0m10:18:06.971112 [debug] [ThreadPool]: Using postgres connection "list_airflow_analytics_analytics"
[0m10:18:06.972781 [debug] [ThreadPool]: SQL status: BEGIN in 0.0 seconds
[0m10:18:06.974535 [debug] [ThreadPool]: On list_airflow_analytics_analytics: /* {"app": "dbt", "dbt_version": "1.7.0", "profile_name": "ecommerce_analytics", "target_name": "dev", "connection_name": "list_airflow_analytics_analytics"} */
select
      'airflow' as database,
      tablename as name,
      schemaname as schema,
      'table' as type
    from pg_tables
    where schemaname ilike 'analytics_analytics'
    union all
    select
      'airflow' as database,
      viewname as name,
      schemaname as schema,
      'view' as type
    from pg_views
    where schemaname ilike 'analytics_analytics'
    union all
    select
      'airflow' as database,
      matviewname as name,
      schemaname as schema,
      'materialized_view' as type
    from pg_matviews
    where schemaname ilike 'analytics_analytics'
  
[0m10:18:06.976858 [debug] [ThreadPool]: Using postgres connection "list_airflow_analytics_staging"
[0m10:18:06.980162 [debug] [ThreadPool]: On list_airflow_analytics_staging: /* {"app": "dbt", "dbt_version": "1.7.0", "profile_name": "ecommerce_analytics", "target_name": "dev", "connection_name": "list_airflow_analytics_staging"} */
select
      'airflow' as database,
      tablename as name,
      schemaname as schema,
      'table' as type
    from pg_tables
    where schemaname ilike 'analytics_staging'
    union all
    select
      'airflow' as database,
      viewname as name,
      schemaname as schema,
      'view' as type
    from pg_views
    where schemaname ilike 'analytics_staging'
    union all
    select
      'airflow' as database,
      matviewname as name,
      schemaname as schema,
      'materialized_view' as type
    from pg_matviews
    where schemaname ilike 'analytics_staging'
  
[0m10:18:06.984637 [debug] [ThreadPool]: SQL status: SELECT 0 in 0.0 seconds
[0m10:18:06.988490 [debug] [ThreadPool]: On list_airflow_analytics_analytics: ROLLBACK
[0m10:18:06.989570 [debug] [ThreadPool]: SQL status: SELECT 3 in 0.0 seconds
[0m10:18:06.991068 [debug] [ThreadPool]: On list_airflow_analytics_analytics: Close
[0m10:18:06.994303 [debug] [ThreadPool]: On list_airflow_analytics_staging: ROLLBACK
[0m10:18:06.998071 [debug] [ThreadPool]: On list_airflow_analytics_staging: Close
[0m10:18:07.013857 [debug] [MainThread]: Using postgres connection "master"
[0m10:18:07.018233 [debug] [MainThread]: On master: BEGIN
[0m10:18:07.019964 [debug] [MainThread]: Opening a new connection, currently in state init
[0m10:18:07.036780 [debug] [MainThread]: SQL status: BEGIN in 0.0 seconds
[0m10:18:07.038384 [debug] [MainThread]: Using postgres connection "master"
[0m10:18:07.039965 [debug] [MainThread]: On master: /* {"app": "dbt", "dbt_version": "1.7.0", "profile_name": "ecommerce_analytics", "target_name": "dev", "connection_name": "master"} */
with relation as (
        select
            pg_rewrite.ev_class as class,
            pg_rewrite.oid as id
        from pg_rewrite
    ),
    class as (
        select
            oid as id,
            relname as name,
            relnamespace as schema,
            relkind as kind
        from pg_class
    ),
    dependency as (
        select distinct
            pg_depend.objid as id,
            pg_depend.refobjid as ref
        from pg_depend
    ),
    schema as (
        select
            pg_namespace.oid as id,
            pg_namespace.nspname as name
        from pg_namespace
        where nspname != 'information_schema' and nspname not like 'pg\_%'
    ),
    referenced as (
        select
            relation.id AS id,
            referenced_class.name ,
            referenced_class.schema ,
            referenced_class.kind
        from relation
        join class as referenced_class on relation.class=referenced_class.id
        where referenced_class.kind in ('r', 'v', 'm')
    ),
    relationships as (
        select
            referenced.name as referenced_name,
            referenced.schema as referenced_schema_id,
            dependent_class.name as dependent_name,
            dependent_class.schema as dependent_schema_id,
            referenced.kind as kind
        from referenced
        join dependency on referenced.id=dependency.id
        join class as dependent_class on dependency.ref=dependent_class.id
        where
            (referenced.name != dependent_class.name or
             referenced.schema != dependent_class.schema)
    )

    select
        referenced_schema.name as referenced_schema,
        relationships.referenced_name as referenced_name,
        dependent_schema.name as dependent_schema,
        relationships.dependent_name as dependent_name
    from relationships
    join schema as dependent_schema on relationships.dependent_schema_id=dependent_schema.id
    join schema as referenced_schema on relationships.referenced_schema_id=referenced_schema.id
    group by referenced_schema, referenced_name, dependent_schema, dependent_name
    order by referenced_schema, referenced_name, dependent_schema, dependent_name;
[0m10:18:07.078717 [debug] [MainThread]: SQL status: SELECT 3 in 0.0 seconds
[0m10:18:07.082352 [debug] [MainThread]: Sending event: {'category': 'dbt', 'action': 'runnable_timing', 'label': 'b81fa091-8cff-442e-81ea-ed201557fc50', 'context': [<snowplow_tracker.self_describing_json.SelfDescribingJson object at 0x7c1000897bb0>]}
[0m10:18:07.084762 [debug] [MainThread]: On master: ROLLBACK
[0m10:18:07.086746 [debug] [MainThread]: Using postgres connection "master"
[0m10:18:07.088149 [debug] [MainThread]: On master: BEGIN
[0m10:18:07.090375 [debug] [MainThread]: SQL status: BEGIN in 0.0 seconds
[0m10:18:07.091835 [debug] [MainThread]: On master: COMMIT
[0m10:18:07.093102 [debug] [MainThread]: Using postgres connection "master"
[0m10:18:07.094566 [debug] [MainThread]: On master: COMMIT
[0m10:18:07.096323 [debug] [MainThread]: SQL status: COMMIT in 0.0 seconds
[0m10:18:07.097664 [debug] [MainThread]: On master: Close
[0m10:18:07.101159 [info ] [MainThread]: Concurrency: 4 threads (target='dev')
[0m10:18:07.103727 [info ] [MainThread]: 
[0m10:18:07.120845 [debug] [Thread-1  ]: Began running node test.ecommerce_analytics.accepted_values_stg_orders_status__completed__cancelled__pending.ee383a7b32
[0m10:18:07.122279 [debug] [Thread-2  ]: Began running node test.ecommerce_analytics.not_null_stg_customers_customer_id.e2cfb1f9aa
[0m10:18:07.123570 [debug] [Thread-3  ]: Began running node test.ecommerce_analytics.not_null_stg_customers_email.d7cf761533
[0m10:18:07.125743 [debug] [Thread-4  ]: Began running node test.ecommerce_analytics.not_null_stg_orders_customer_id.af79d5e4b5
[0m10:18:07.124757 [info ] [Thread-1  ]: 1 of 11 START test accepted_values_stg_orders_status__completed__cancelled__pending  [RUN]
[0m10:18:07.127482 [info ] [Thread-2  ]: 2 of 11 START test not_null_stg_customers_customer_id .......................... [RUN]
[0m10:18:07.129634 [info ] [Thread-3  ]: 3 of 11 START test not_null_stg_customers_email ................................ [RUN]
[0m10:18:07.131562 [info ] [Thread-4  ]: 4 of 11 START test not_null_stg_orders_customer_id ............................. [RUN]
[0m10:18:07.135017 [debug] [Thread-1  ]: Re-using an available connection from the pool (formerly list_airflow_analytics_staging, now test.ecommerce_analytics.accepted_values_stg_orders_status__completed__cancelled__pending.ee383a7b32)
[0m10:18:07.137496 [debug] [Thread-2  ]: Re-using an available connection from the pool (formerly list_airflow_analytics_analytics, now test.ecommerce_analytics.not_null_stg_customers_customer_id.e2cfb1f9aa)
[0m10:18:07.139966 [debug] [Thread-3  ]: Acquiring new postgres connection 'test.ecommerce_analytics.not_null_stg_customers_email.d7cf761533'
[0m10:18:07.142291 [debug] [Thread-4  ]: Acquiring new postgres connection 'test.ecommerce_analytics.not_null_stg_orders_customer_id.af79d5e4b5'
[0m10:18:07.143920 [debug] [Thread-1  ]: Began compiling node test.ecommerce_analytics.accepted_values_stg_orders_status__completed__cancelled__pending.ee383a7b32
[0m10:18:07.145419 [debug] [Thread-2  ]: Began compiling node test.ecommerce_analytics.not_null_stg_customers_customer_id.e2cfb1f9aa
[0m10:18:07.146861 [debug] [Thread-3  ]: Began compiling node test.ecommerce_analytics.not_null_stg_customers_email.d7cf761533
[0m10:18:07.148487 [debug] [Thread-4  ]: Began compiling node test.ecommerce_analytics.not_null_stg_orders_customer_id.af79d5e4b5
[0m10:18:07.212025 [debug] [Thread-1  ]: Writing injected SQL for node "test.ecommerce_analytics.accepted_values_stg_orders_status__completed__cancelled__pending.ee383a7b32"
[0m10:18:07.218530 [debug] [Thread-3  ]: Writing injected SQL for node "test.ecommerce_analytics.not_null_stg_customers_email.d7cf761533"
[0m10:18:07.219661 [debug] [Thread-2  ]: Writing injected SQL for node "test.ecommerce_analytics.not_null_stg_customers_customer_id.e2cfb1f9aa"
[0m10:18:07.230319 [debug] [Thread-4  ]: Writing injected SQL for node "test.ecommerce_analytics.not_null_stg_orders_customer_id.af79d5e4b5"
[0m10:18:07.246943 [debug] [Thread-1  ]: Timing info for test.ecommerce_analytics.accepted_values_stg_orders_status__completed__cancelled__pending.ee383a7b32 (compile): 10:18:07.150304 => 10:18:07.246231
[0m10:18:07.249516 [debug] [Thread-1  ]: Began executing node test.ecommerce_analytics.accepted_values_stg_orders_status__completed__cancelled__pending.ee383a7b32
[0m10:18:07.257813 [debug] [Thread-3  ]: Timing info for test.ecommerce_analytics.not_null_stg_customers_email.d7cf761533 (compile): 10:18:07.194150 => 10:18:07.257174
[0m10:18:07.270208 [debug] [Thread-3  ]: Began executing node test.ecommerce_analytics.not_null_stg_customers_email.d7cf761533
[0m10:18:07.297128 [debug] [Thread-1  ]: Writing runtime sql for node "test.ecommerce_analytics.accepted_values_stg_orders_status__completed__cancelled__pending.ee383a7b32"
[0m10:18:07.299511 [debug] [Thread-2  ]: Timing info for test.ecommerce_analytics.not_null_stg_customers_customer_id.e2cfb1f9aa (compile): 10:18:07.161476 => 10:18:07.298254
[0m10:18:07.308885 [debug] [Thread-4  ]: Timing info for test.ecommerce_analytics.not_null_stg_orders_customer_id.af79d5e4b5 (compile): 10:18:07.220332 => 10:18:07.308194
[0m10:18:07.316598 [debug] [Thread-3  ]: Writing runtime sql for node "test.ecommerce_analytics.not_null_stg_customers_email.d7cf761533"
[0m10:18:07.318810 [debug] [Thread-2  ]: Began executing node test.ecommerce_analytics.not_null_stg_customers_customer_id.e2cfb1f9aa
[0m10:18:07.320752 [debug] [Thread-4  ]: Began executing node test.ecommerce_analytics.not_null_stg_orders_customer_id.af79d5e4b5
[0m10:18:07.327751 [debug] [Thread-2  ]: Writing runtime sql for node "test.ecommerce_analytics.not_null_stg_customers_customer_id.e2cfb1f9aa"
[0m10:18:07.335823 [debug] [Thread-4  ]: Writing runtime sql for node "test.ecommerce_analytics.not_null_stg_orders_customer_id.af79d5e4b5"
[0m10:18:07.350074 [debug] [Thread-3  ]: Using postgres connection "test.ecommerce_analytics.not_null_stg_customers_email.d7cf761533"
[0m10:18:07.352098 [debug] [Thread-3  ]: On test.ecommerce_analytics.not_null_stg_customers_email.d7cf761533: BEGIN
[0m10:18:07.353956 [debug] [Thread-3  ]: Opening a new connection, currently in state init
[0m10:18:07.356696 [debug] [Thread-1  ]: Using postgres connection "test.ecommerce_analytics.accepted_values_stg_orders_status__completed__cancelled__pending.ee383a7b32"
[0m10:18:07.358980 [debug] [Thread-1  ]: On test.ecommerce_analytics.accepted_values_stg_orders_status__completed__cancelled__pending.ee383a7b32: BEGIN
[0m10:18:07.360223 [debug] [Thread-2  ]: Using postgres connection "test.ecommerce_analytics.not_null_stg_customers_customer_id.e2cfb1f9aa"
[0m10:18:07.361842 [debug] [Thread-1  ]: Opening a new connection, currently in state closed
[0m10:18:07.363562 [debug] [Thread-2  ]: On test.ecommerce_analytics.not_null_stg_customers_customer_id.e2cfb1f9aa: BEGIN
[0m10:18:07.366137 [debug] [Thread-4  ]: Using postgres connection "test.ecommerce_analytics.not_null_stg_orders_customer_id.af79d5e4b5"
[0m10:18:07.368580 [debug] [Thread-2  ]: Opening a new connection, currently in state closed
[0m10:18:07.370961 [debug] [Thread-4  ]: On test.ecommerce_analytics.not_null_stg_orders_customer_id.af79d5e4b5: BEGIN
[0m10:18:07.372138 [debug] [Thread-3  ]: SQL status: BEGIN in 0.0 seconds
[0m10:18:07.374491 [debug] [Thread-4  ]: Opening a new connection, currently in state init
[0m10:18:07.376973 [debug] [Thread-3  ]: Using postgres connection "test.ecommerce_analytics.not_null_stg_customers_email.d7cf761533"
[0m10:18:07.380615 [debug] [Thread-3  ]: On test.ecommerce_analytics.not_null_stg_customers_email.d7cf761533: /* {"app": "dbt", "dbt_version": "1.7.0", "profile_name": "ecommerce_analytics", "target_name": "dev", "node_id": "test.ecommerce_analytics.not_null_stg_customers_email.d7cf761533"} */
select
      count(*) as failures,
      count(*) != 0 as should_warn,
      count(*) != 0 as should_error
    from (
      
    
    



select email
from "airflow"."analytics_staging"."stg_customers"
where email is null



      
    ) dbt_internal_test
[0m10:18:07.382449 [debug] [Thread-1  ]: SQL status: BEGIN in 0.0 seconds
[0m10:18:07.385866 [debug] [Thread-3  ]: SQL status: SELECT 1 in 0.0 seconds
[0m10:18:07.387292 [debug] [Thread-1  ]: Using postgres connection "test.ecommerce_analytics.accepted_values_stg_orders_status__completed__cancelled__pending.ee383a7b32"
[0m10:18:07.389319 [debug] [Thread-2  ]: SQL status: BEGIN in 0.0 seconds
[0m10:18:07.395037 [debug] [Thread-3  ]: Timing info for test.ecommerce_analytics.not_null_stg_customers_email.d7cf761533 (execute): 10:18:07.278206 => 10:18:07.394405
[0m10:18:07.397052 [debug] [Thread-1  ]: On test.ecommerce_analytics.accepted_values_stg_orders_status__completed__cancelled__pending.ee383a7b32: /* {"app": "dbt", "dbt_version": "1.7.0", "profile_name": "ecommerce_analytics", "target_name": "dev", "node_id": "test.ecommerce_analytics.accepted_values_stg_orders_status__completed__cancelled__pending.ee383a7b32"} */
select
      count(*) as failures,
      count(*) != 0 as should_warn,
      count(*) != 0 as should_error
    from (
      
    
    

with all_values as (

    select
        status as value_field,
        count(*) as n_records

    from "airflow"."analytics_staging"."stg_orders"
    group by status

)

select *
from all_values
where value_field not in (
    'completed','cancelled','pending'
)



      
    ) dbt_internal_test
[0m10:18:07.398772 [debug] [Thread-4  ]: SQL status: BEGIN in 0.0 seconds
[0m10:18:07.400790 [debug] [Thread-2  ]: Using postgres connection "test.ecommerce_analytics.not_null_stg_customers_customer_id.e2cfb1f9aa"
[0m10:18:07.413782 [debug] [Thread-2  ]: On test.ecommerce_analytics.not_null_stg_customers_customer_id.e2cfb1f9aa: /* {"app": "dbt", "dbt_version": "1.7.0", "profile_name": "ecommerce_analytics", "target_name": "dev", "node_id": "test.ecommerce_analytics.not_null_stg_customers_customer_id.e2cfb1f9aa"} */
select
      count(*) as failures,
      count(*) != 0 as should_warn,
      count(*) != 0 as should_error
    from (
      
    
    



select customer_id
from "airflow"."analytics_staging"."stg_customers"
where customer_id is null



      
    ) dbt_internal_test
[0m10:18:07.406795 [debug] [Thread-4  ]: Using postgres connection "test.ecommerce_analytics.not_null_stg_orders_customer_id.af79d5e4b5"
[0m10:18:07.403099 [debug] [Thread-3  ]: On test.ecommerce_analytics.not_null_stg_customers_email.d7cf761533: ROLLBACK
[0m10:18:07.415976 [debug] [Thread-1  ]: SQL status: SELECT 1 in 0.0 seconds
[0m10:18:07.423502 [debug] [Thread-4  ]: On test.ecommerce_analytics.not_null_stg_orders_customer_id.af79d5e4b5: /* {"app": "dbt", "dbt_version": "1.7.0", "profile_name": "ecommerce_analytics", "target_name": "dev", "node_id": "test.ecommerce_analytics.not_null_stg_orders_customer_id.af79d5e4b5"} */
select
      count(*) as failures,
      count(*) != 0 as should_warn,
      count(*) != 0 as should_error
    from (
      
    
    



select customer_id
from "airflow"."analytics_staging"."stg_orders"
where customer_id is null



      
    ) dbt_internal_test
[0m10:18:07.426728 [debug] [Thread-2  ]: SQL status: SELECT 1 in 0.0 seconds
[0m10:18:07.440513 [debug] [Thread-3  ]: On test.ecommerce_analytics.not_null_stg_customers_email.d7cf761533: Close
[0m10:18:07.438265 [debug] [Thread-1  ]: Timing info for test.ecommerce_analytics.accepted_values_stg_orders_status__completed__cancelled__pending.ee383a7b32 (execute): 10:18:07.251917 => 10:18:07.433179
[0m10:18:07.453629 [debug] [Thread-4  ]: SQL status: SELECT 1 in 0.0 seconds
[0m10:18:07.455995 [debug] [Thread-2  ]: Timing info for test.ecommerce_analytics.not_null_stg_customers_customer_id.e2cfb1f9aa (execute): 10:18:07.322870 => 10:18:07.449585
[0m10:18:07.459264 [info ] [Thread-3  ]: 3 of 11 PASS not_null_stg_customers_email ...................................... [[32mPASS[0m in 0.32s]
[0m10:18:07.461031 [debug] [Thread-1  ]: On test.ecommerce_analytics.accepted_values_stg_orders_status__completed__cancelled__pending.ee383a7b32: ROLLBACK
[0m10:18:07.467295 [debug] [Thread-4  ]: Timing info for test.ecommerce_analytics.not_null_stg_orders_customer_id.af79d5e4b5 (execute): 10:18:07.329051 => 10:18:07.466029
[0m10:18:07.469347 [debug] [Thread-2  ]: On test.ecommerce_analytics.not_null_stg_customers_customer_id.e2cfb1f9aa: ROLLBACK
[0m10:18:07.471962 [debug] [Thread-3  ]: Finished running node test.ecommerce_analytics.not_null_stg_customers_email.d7cf761533
[0m10:18:07.474367 [debug] [Thread-1  ]: On test.ecommerce_analytics.accepted_values_stg_orders_status__completed__cancelled__pending.ee383a7b32: Close
[0m10:18:07.475893 [debug] [Thread-4  ]: On test.ecommerce_analytics.not_null_stg_orders_customer_id.af79d5e4b5: ROLLBACK
[0m10:18:07.478380 [debug] [Thread-2  ]: On test.ecommerce_analytics.not_null_stg_customers_customer_id.e2cfb1f9aa: Close
[0m10:18:07.479933 [debug] [Thread-3  ]: Began running node test.ecommerce_analytics.not_null_stg_orders_order_id.81cfe2fe64
[0m10:18:07.484299 [info ] [Thread-1  ]: 1 of 11 PASS accepted_values_stg_orders_status__completed__cancelled__pending .. [[32mPASS[0m in 0.35s]
[0m10:18:07.487004 [debug] [Thread-4  ]: On test.ecommerce_analytics.not_null_stg_orders_customer_id.af79d5e4b5: Close
[0m10:18:07.490222 [info ] [Thread-2  ]: 2 of 11 PASS not_null_stg_customers_customer_id ................................ [[32mPASS[0m in 0.35s]
[0m10:18:07.491849 [info ] [Thread-3  ]: 5 of 11 START test not_null_stg_orders_order_id ................................ [RUN]
[0m10:18:07.495318 [debug] [Thread-1  ]: Finished running node test.ecommerce_analytics.accepted_values_stg_orders_status__completed__cancelled__pending.ee383a7b32
[0m10:18:07.502839 [debug] [Thread-2  ]: Finished running node test.ecommerce_analytics.not_null_stg_customers_customer_id.e2cfb1f9aa
[0m10:18:07.500165 [info ] [Thread-4  ]: 4 of 11 PASS not_null_stg_orders_customer_id ................................... [[32mPASS[0m in 0.36s]
[0m10:18:07.506152 [debug] [Thread-3  ]: Re-using an available connection from the pool (formerly test.ecommerce_analytics.not_null_stg_customers_email.d7cf761533, now test.ecommerce_analytics.not_null_stg_orders_order_id.81cfe2fe64)
[0m10:18:07.508376 [debug] [Thread-1  ]: Began running node test.ecommerce_analytics.not_null_stg_orders_product_id.034adb910e
[0m10:18:07.510754 [debug] [Thread-2  ]: Began running node test.ecommerce_analytics.not_null_stg_products_product_id.6373b0acf3
[0m10:18:07.513093 [debug] [Thread-4  ]: Finished running node test.ecommerce_analytics.not_null_stg_orders_customer_id.af79d5e4b5
[0m10:18:07.515960 [debug] [Thread-3  ]: Began compiling node test.ecommerce_analytics.not_null_stg_orders_order_id.81cfe2fe64
[0m10:18:07.518807 [info ] [Thread-1  ]: 6 of 11 START test not_null_stg_orders_product_id .............................. [RUN]
[0m10:18:07.521823 [info ] [Thread-2  ]: 7 of 11 START test not_null_stg_products_product_id ............................ [RUN]
[0m10:18:07.524707 [debug] [Thread-4  ]: Began running node test.ecommerce_analytics.unique_stg_customers_customer_id.c7614daada
[0m10:18:07.540272 [debug] [Thread-1  ]: Re-using an available connection from the pool (formerly test.ecommerce_analytics.accepted_values_stg_orders_status__completed__cancelled__pending.ee383a7b32, now test.ecommerce_analytics.not_null_stg_orders_product_id.034adb910e)
[0m10:18:07.545463 [debug] [Thread-3  ]: Writing injected SQL for node "test.ecommerce_analytics.not_null_stg_orders_order_id.81cfe2fe64"
[0m10:18:07.548533 [debug] [Thread-2  ]: Re-using an available connection from the pool (formerly test.ecommerce_analytics.not_null_stg_customers_customer_id.e2cfb1f9aa, now test.ecommerce_analytics.not_null_stg_products_product_id.6373b0acf3)
[0m10:18:07.551899 [info ] [Thread-4  ]: 8 of 11 START test unique_stg_customers_customer_id ............................ [RUN]
[0m10:18:07.554382 [debug] [Thread-1  ]: Began compiling node test.ecommerce_analytics.not_null_stg_orders_product_id.034adb910e
[0m10:18:07.557222 [debug] [Thread-2  ]: Began compiling node test.ecommerce_analytics.not_null_stg_products_product_id.6373b0acf3
[0m10:18:07.559743 [debug] [Thread-4  ]: Re-using an available connection from the pool (formerly test.ecommerce_analytics.not_null_stg_orders_customer_id.af79d5e4b5, now test.ecommerce_analytics.unique_stg_customers_customer_id.c7614daada)
[0m10:18:07.585427 [debug] [Thread-1  ]: Writing injected SQL for node "test.ecommerce_analytics.not_null_stg_orders_product_id.034adb910e"
[0m10:18:07.587203 [debug] [Thread-4  ]: Began compiling node test.ecommerce_analytics.unique_stg_customers_customer_id.c7614daada
[0m10:18:07.593445 [debug] [Thread-2  ]: Writing injected SQL for node "test.ecommerce_analytics.not_null_stg_products_product_id.6373b0acf3"
[0m10:18:07.602346 [debug] [Thread-3  ]: Timing info for test.ecommerce_analytics.not_null_stg_orders_order_id.81cfe2fe64 (compile): 10:18:07.526364 => 10:18:07.601507
[0m10:18:07.614736 [debug] [Thread-4  ]: Writing injected SQL for node "test.ecommerce_analytics.unique_stg_customers_customer_id.c7614daada"
[0m10:18:07.618227 [debug] [Thread-3  ]: Began executing node test.ecommerce_analytics.not_null_stg_orders_order_id.81cfe2fe64
[0m10:18:07.620427 [debug] [Thread-1  ]: Timing info for test.ecommerce_analytics.not_null_stg_orders_product_id.034adb910e (compile): 10:18:07.561105 => 10:18:07.619609
[0m10:18:07.628665 [debug] [Thread-3  ]: Writing runtime sql for node "test.ecommerce_analytics.not_null_stg_orders_order_id.81cfe2fe64"
[0m10:18:07.630605 [debug] [Thread-2  ]: Timing info for test.ecommerce_analytics.not_null_stg_products_product_id.6373b0acf3 (compile): 10:18:07.572585 => 10:18:07.629704
[0m10:18:07.632919 [debug] [Thread-1  ]: Began executing node test.ecommerce_analytics.not_null_stg_orders_product_id.034adb910e
[0m10:18:07.636266 [debug] [Thread-2  ]: Began executing node test.ecommerce_analytics.not_null_stg_products_product_id.6373b0acf3
[0m10:18:07.638483 [debug] [Thread-4  ]: Timing info for test.ecommerce_analytics.unique_stg_customers_customer_id.c7614daada (compile): 10:18:07.596079 => 10:18:07.637499
[0m10:18:07.645922 [debug] [Thread-1  ]: Writing runtime sql for node "test.ecommerce_analytics.not_null_stg_orders_product_id.034adb910e"
[0m10:18:07.655556 [debug] [Thread-2  ]: Writing runtime sql for node "test.ecommerce_analytics.not_null_stg_products_product_id.6373b0acf3"
[0m10:18:07.656798 [debug] [Thread-4  ]: Began executing node test.ecommerce_analytics.unique_stg_customers_customer_id.c7614daada
[0m10:18:07.659955 [debug] [Thread-3  ]: Using postgres connection "test.ecommerce_analytics.not_null_stg_orders_order_id.81cfe2fe64"
[0m10:18:07.668649 [debug] [Thread-4  ]: Writing runtime sql for node "test.ecommerce_analytics.unique_stg_customers_customer_id.c7614daada"
[0m10:18:07.671084 [debug] [Thread-3  ]: On test.ecommerce_analytics.not_null_stg_orders_order_id.81cfe2fe64: BEGIN
[0m10:18:07.673673 [debug] [Thread-1  ]: Using postgres connection "test.ecommerce_analytics.not_null_stg_orders_product_id.034adb910e"
[0m10:18:07.675123 [debug] [Thread-2  ]: Using postgres connection "test.ecommerce_analytics.not_null_stg_products_product_id.6373b0acf3"
[0m10:18:07.676213 [debug] [Thread-3  ]: Opening a new connection, currently in state closed
[0m10:18:07.677929 [debug] [Thread-1  ]: On test.ecommerce_analytics.not_null_stg_orders_product_id.034adb910e: BEGIN
[0m10:18:07.679705 [debug] [Thread-2  ]: On test.ecommerce_analytics.not_null_stg_products_product_id.6373b0acf3: BEGIN
[0m10:18:07.683597 [debug] [Thread-1  ]: Opening a new connection, currently in state closed
[0m10:18:07.685759 [debug] [Thread-2  ]: Opening a new connection, currently in state closed
[0m10:18:07.691553 [debug] [Thread-4  ]: Using postgres connection "test.ecommerce_analytics.unique_stg_customers_customer_id.c7614daada"
[0m10:18:07.693629 [debug] [Thread-4  ]: On test.ecommerce_analytics.unique_stg_customers_customer_id.c7614daada: BEGIN
[0m10:18:07.695709 [debug] [Thread-4  ]: Opening a new connection, currently in state closed
[0m10:18:07.701489 [debug] [Thread-3  ]: SQL status: BEGIN in 0.0 seconds
[0m10:18:07.703961 [debug] [Thread-3  ]: Using postgres connection "test.ecommerce_analytics.not_null_stg_orders_order_id.81cfe2fe64"
[0m10:18:07.706350 [debug] [Thread-3  ]: On test.ecommerce_analytics.not_null_stg_orders_order_id.81cfe2fe64: /* {"app": "dbt", "dbt_version": "1.7.0", "profile_name": "ecommerce_analytics", "target_name": "dev", "node_id": "test.ecommerce_analytics.not_null_stg_orders_order_id.81cfe2fe64"} */
select
      count(*) as failures,
      count(*) != 0 as should_warn,
      count(*) != 0 as should_error
    from (
      
    
    



select order_id
from "airflow"."analytics_staging"."stg_orders"
where order_id is null



      
    ) dbt_internal_test
[0m10:18:07.709422 [debug] [Thread-2  ]: SQL status: BEGIN in 0.0 seconds
[0m10:18:07.711053 [debug] [Thread-1  ]: SQL status: BEGIN in 0.0 seconds
[0m10:18:07.716666 [debug] [Thread-2  ]: Using postgres connection "test.ecommerce_analytics.not_null_stg_products_product_id.6373b0acf3"
[0m10:18:07.719255 [debug] [Thread-3  ]: SQL status: SELECT 1 in 0.0 seconds
[0m10:18:07.721288 [debug] [Thread-4  ]: SQL status: BEGIN in 0.0 seconds
[0m10:18:07.723291 [debug] [Thread-1  ]: Using postgres connection "test.ecommerce_analytics.not_null_stg_orders_product_id.034adb910e"
[0m10:18:07.727037 [debug] [Thread-2  ]: On test.ecommerce_analytics.not_null_stg_products_product_id.6373b0acf3: /* {"app": "dbt", "dbt_version": "1.7.0", "profile_name": "ecommerce_analytics", "target_name": "dev", "node_id": "test.ecommerce_analytics.not_null_stg_products_product_id.6373b0acf3"} */
select
      count(*) as failures,
      count(*) != 0 as should_warn,
      count(*) != 0 as should_error
    from (
      
    
    



select product_id
from "airflow"."analytics_staging"."stg_products"
where product_id is null



      
    ) dbt_internal_test
[0m10:18:07.736148 [debug] [Thread-3  ]: Timing info for test.ecommerce_analytics.not_null_stg_orders_order_id.81cfe2fe64 (execute): 10:18:07.622032 => 10:18:07.735080
[0m10:18:07.737703 [debug] [Thread-4  ]: Using postgres connection "test.ecommerce_analytics.unique_stg_customers_customer_id.c7614daada"
[0m10:18:07.739736 [debug] [Thread-1  ]: On test.ecommerce_analytics.not_null_stg_orders_product_id.034adb910e: /* {"app": "dbt", "dbt_version": "1.7.0", "profile_name": "ecommerce_analytics", "target_name": "dev", "node_id": "test.ecommerce_analytics.not_null_stg_orders_product_id.034adb910e"} */
select
      count(*) as failures,
      count(*) != 0 as should_warn,
      count(*) != 0 as should_error
    from (
      
    
    



select product_id
from "airflow"."analytics_staging"."stg_orders"
where product_id is null



      
    ) dbt_internal_test
[0m10:18:07.741884 [debug] [Thread-3  ]: On test.ecommerce_analytics.not_null_stg_orders_order_id.81cfe2fe64: ROLLBACK
[0m10:18:07.743380 [debug] [Thread-2  ]: SQL status: SELECT 1 in 0.0 seconds
[0m10:18:07.744542 [debug] [Thread-4  ]: On test.ecommerce_analytics.unique_stg_customers_customer_id.c7614daada: /* {"app": "dbt", "dbt_version": "1.7.0", "profile_name": "ecommerce_analytics", "target_name": "dev", "node_id": "test.ecommerce_analytics.unique_stg_customers_customer_id.c7614daada"} */
select
      count(*) as failures,
      count(*) != 0 as should_warn,
      count(*) != 0 as should_error
    from (
      
    
    

select
    customer_id as unique_field,
    count(*) as n_records

from "airflow"."analytics_staging"."stg_customers"
where customer_id is not null
group by customer_id
having count(*) > 1



      
    ) dbt_internal_test
[0m10:18:07.747005 [debug] [Thread-3  ]: On test.ecommerce_analytics.not_null_stg_orders_order_id.81cfe2fe64: Close
[0m10:18:07.752365 [debug] [Thread-2  ]: Timing info for test.ecommerce_analytics.not_null_stg_products_product_id.6373b0acf3 (execute): 10:18:07.647313 => 10:18:07.751691
[0m10:18:07.753686 [debug] [Thread-1  ]: SQL status: SELECT 1 in 0.0 seconds
[0m10:18:07.757780 [debug] [Thread-4  ]: SQL status: SELECT 1 in 0.0 seconds
[0m10:18:07.756674 [info ] [Thread-3  ]: 5 of 11 PASS not_null_stg_orders_order_id ...................................... [[32mPASS[0m in 0.25s]
[0m10:18:07.760805 [debug] [Thread-2  ]: On test.ecommerce_analytics.not_null_stg_products_product_id.6373b0acf3: ROLLBACK
[0m10:18:07.766144 [debug] [Thread-1  ]: Timing info for test.ecommerce_analytics.not_null_stg_orders_product_id.034adb910e (execute): 10:18:07.639809 => 10:18:07.764679
[0m10:18:07.770655 [debug] [Thread-4  ]: Timing info for test.ecommerce_analytics.unique_stg_customers_customer_id.c7614daada (execute): 10:18:07.660815 => 10:18:07.769892
[0m10:18:07.772967 [debug] [Thread-3  ]: Finished running node test.ecommerce_analytics.not_null_stg_orders_order_id.81cfe2fe64
[0m10:18:07.775177 [debug] [Thread-2  ]: On test.ecommerce_analytics.not_null_stg_products_product_id.6373b0acf3: Close
[0m10:18:07.776795 [debug] [Thread-1  ]: On test.ecommerce_analytics.not_null_stg_orders_product_id.034adb910e: ROLLBACK
[0m10:18:07.778998 [debug] [Thread-4  ]: On test.ecommerce_analytics.unique_stg_customers_customer_id.c7614daada: ROLLBACK
[0m10:18:07.781758 [debug] [Thread-3  ]: Began running node test.ecommerce_analytics.unique_stg_customers_email.1ebcb2333e
[0m10:18:07.786010 [info ] [Thread-2  ]: 7 of 11 PASS not_null_stg_products_product_id .................................. [[32mPASS[0m in 0.24s]
[0m10:18:07.788259 [debug] [Thread-1  ]: On test.ecommerce_analytics.not_null_stg_orders_product_id.034adb910e: Close
[0m10:18:07.790373 [debug] [Thread-4  ]: On test.ecommerce_analytics.unique_stg_customers_customer_id.c7614daada: Close
[0m10:18:07.791722 [info ] [Thread-3  ]: 9 of 11 START test unique_stg_customers_email .................................. [RUN]
[0m10:18:07.794231 [debug] [Thread-2  ]: Finished running node test.ecommerce_analytics.not_null_stg_products_product_id.6373b0acf3
[0m10:18:07.797408 [info ] [Thread-1  ]: 6 of 11 PASS not_null_stg_orders_product_id .................................... [[32mPASS[0m in 0.26s]
[0m10:18:07.802172 [info ] [Thread-4  ]: 8 of 11 PASS unique_stg_customers_customer_id .................................. [[32mPASS[0m in 0.24s]
[0m10:18:07.804403 [debug] [Thread-3  ]: Re-using an available connection from the pool (formerly test.ecommerce_analytics.not_null_stg_orders_order_id.81cfe2fe64, now test.ecommerce_analytics.unique_stg_customers_email.1ebcb2333e)
[0m10:18:07.806502 [debug] [Thread-2  ]: Began running node test.ecommerce_analytics.unique_stg_orders_order_id.e3b841c71a
[0m10:18:07.808656 [debug] [Thread-1  ]: Finished running node test.ecommerce_analytics.not_null_stg_orders_product_id.034adb910e
[0m10:18:07.810819 [debug] [Thread-4  ]: Finished running node test.ecommerce_analytics.unique_stg_customers_customer_id.c7614daada
[0m10:18:07.812475 [debug] [Thread-3  ]: Began compiling node test.ecommerce_analytics.unique_stg_customers_email.1ebcb2333e
[0m10:18:07.814475 [info ] [Thread-2  ]: 10 of 11 START test unique_stg_orders_order_id ................................. [RUN]
[0m10:18:07.817848 [debug] [Thread-1  ]: Began running node test.ecommerce_analytics.unique_stg_products_product_id.7d950a1467
[0m10:18:07.833227 [debug] [Thread-2  ]: Re-using an available connection from the pool (formerly test.ecommerce_analytics.not_null_stg_products_product_id.6373b0acf3, now test.ecommerce_analytics.unique_stg_orders_order_id.e3b841c71a)
[0m10:18:07.836311 [debug] [Thread-3  ]: Writing injected SQL for node "test.ecommerce_analytics.unique_stg_customers_email.1ebcb2333e"
[0m10:18:07.838544 [info ] [Thread-1  ]: 11 of 11 START test unique_stg_products_product_id ............................. [RUN]
[0m10:18:07.840480 [debug] [Thread-2  ]: Began compiling node test.ecommerce_analytics.unique_stg_orders_order_id.e3b841c71a
[0m10:18:07.843433 [debug] [Thread-1  ]: Re-using an available connection from the pool (formerly test.ecommerce_analytics.not_null_stg_orders_product_id.034adb910e, now test.ecommerce_analytics.unique_stg_products_product_id.7d950a1467)
[0m10:18:07.856457 [debug] [Thread-1  ]: Began compiling node test.ecommerce_analytics.unique_stg_products_product_id.7d950a1467
[0m10:18:07.859153 [debug] [Thread-2  ]: Writing injected SQL for node "test.ecommerce_analytics.unique_stg_orders_order_id.e3b841c71a"
[0m10:18:07.873847 [debug] [Thread-1  ]: Writing injected SQL for node "test.ecommerce_analytics.unique_stg_products_product_id.7d950a1467"
[0m10:18:07.877293 [debug] [Thread-3  ]: Timing info for test.ecommerce_analytics.unique_stg_customers_email.1ebcb2333e (compile): 10:18:07.820590 => 10:18:07.876473
[0m10:18:07.879260 [debug] [Thread-3  ]: Began executing node test.ecommerce_analytics.unique_stg_customers_email.1ebcb2333e
[0m10:18:07.887891 [debug] [Thread-3  ]: Writing runtime sql for node "test.ecommerce_analytics.unique_stg_customers_email.1ebcb2333e"
[0m10:18:07.889385 [debug] [Thread-2  ]: Timing info for test.ecommerce_analytics.unique_stg_orders_order_id.e3b841c71a (compile): 10:18:07.844780 => 10:18:07.888751
[0m10:18:07.892003 [debug] [Thread-2  ]: Began executing node test.ecommerce_analytics.unique_stg_orders_order_id.e3b841c71a
[0m10:18:07.899971 [debug] [Thread-1  ]: Timing info for test.ecommerce_analytics.unique_stg_products_product_id.7d950a1467 (compile): 10:18:07.859955 => 10:18:07.898708
[0m10:18:07.903115 [debug] [Thread-2  ]: Writing runtime sql for node "test.ecommerce_analytics.unique_stg_orders_order_id.e3b841c71a"
[0m10:18:07.904717 [debug] [Thread-1  ]: Began executing node test.ecommerce_analytics.unique_stg_products_product_id.7d950a1467
[0m10:18:07.914215 [debug] [Thread-3  ]: Using postgres connection "test.ecommerce_analytics.unique_stg_customers_email.1ebcb2333e"
[0m10:18:07.913283 [debug] [Thread-1  ]: Writing runtime sql for node "test.ecommerce_analytics.unique_stg_products_product_id.7d950a1467"
[0m10:18:07.918297 [debug] [Thread-3  ]: On test.ecommerce_analytics.unique_stg_customers_email.1ebcb2333e: BEGIN
[0m10:18:07.921032 [debug] [Thread-3  ]: Opening a new connection, currently in state closed
[0m10:18:07.922691 [debug] [Thread-2  ]: Using postgres connection "test.ecommerce_analytics.unique_stg_orders_order_id.e3b841c71a"
[0m10:18:07.925082 [debug] [Thread-2  ]: On test.ecommerce_analytics.unique_stg_orders_order_id.e3b841c71a: BEGIN
[0m10:18:07.927024 [debug] [Thread-2  ]: Opening a new connection, currently in state closed
[0m10:18:07.929408 [debug] [Thread-1  ]: Using postgres connection "test.ecommerce_analytics.unique_stg_products_product_id.7d950a1467"
[0m10:18:07.932819 [debug] [Thread-1  ]: On test.ecommerce_analytics.unique_stg_products_product_id.7d950a1467: BEGIN
[0m10:18:07.934754 [debug] [Thread-1  ]: Opening a new connection, currently in state closed
[0m10:18:07.942207 [debug] [Thread-3  ]: SQL status: BEGIN in 0.0 seconds
[0m10:18:07.944116 [debug] [Thread-3  ]: Using postgres connection "test.ecommerce_analytics.unique_stg_customers_email.1ebcb2333e"
[0m10:18:07.947679 [debug] [Thread-3  ]: On test.ecommerce_analytics.unique_stg_customers_email.1ebcb2333e: /* {"app": "dbt", "dbt_version": "1.7.0", "profile_name": "ecommerce_analytics", "target_name": "dev", "node_id": "test.ecommerce_analytics.unique_stg_customers_email.1ebcb2333e"} */
select
      count(*) as failures,
      count(*) != 0 as should_warn,
      count(*) != 0 as should_error
    from (
      
    
    

select
    email as unique_field,
    count(*) as n_records

from "airflow"."analytics_staging"."stg_customers"
where email is not null
group by email
having count(*) > 1



      
    ) dbt_internal_test
[0m10:18:07.950172 [debug] [Thread-2  ]: SQL status: BEGIN in 0.0 seconds
[0m10:18:07.953115 [debug] [Thread-1  ]: SQL status: BEGIN in 0.0 seconds
[0m10:18:07.954448 [debug] [Thread-2  ]: Using postgres connection "test.ecommerce_analytics.unique_stg_orders_order_id.e3b841c71a"
[0m10:18:07.956029 [debug] [Thread-3  ]: SQL status: SELECT 1 in 0.0 seconds
[0m10:18:07.957308 [debug] [Thread-1  ]: Using postgres connection "test.ecommerce_analytics.unique_stg_products_product_id.7d950a1467"
[0m10:18:07.959027 [debug] [Thread-2  ]: On test.ecommerce_analytics.unique_stg_orders_order_id.e3b841c71a: /* {"app": "dbt", "dbt_version": "1.7.0", "profile_name": "ecommerce_analytics", "target_name": "dev", "node_id": "test.ecommerce_analytics.unique_stg_orders_order_id.e3b841c71a"} */
select
      count(*) as failures,
      count(*) != 0 as should_warn,
      count(*) != 0 as should_error
    from (
      
    
    

select
    order_id as unique_field,
    count(*) as n_records

from "airflow"."analytics_staging"."stg_orders"
where order_id is not null
group by order_id
having count(*) > 1



      
    ) dbt_internal_test
[0m10:18:07.963316 [debug] [Thread-3  ]: Timing info for test.ecommerce_analytics.unique_stg_customers_email.1ebcb2333e (execute): 10:18:07.881206 => 10:18:07.962651
[0m10:18:07.965776 [debug] [Thread-1  ]: On test.ecommerce_analytics.unique_stg_products_product_id.7d950a1467: /* {"app": "dbt", "dbt_version": "1.7.0", "profile_name": "ecommerce_analytics", "target_name": "dev", "node_id": "test.ecommerce_analytics.unique_stg_products_product_id.7d950a1467"} */
select
      count(*) as failures,
      count(*) != 0 as should_warn,
      count(*) != 0 as should_error
    from (
      
    
    

select
    product_id as unique_field,
    count(*) as n_records

from "airflow"."analytics_staging"."stg_products"
where product_id is not null
group by product_id
having count(*) > 1



      
    ) dbt_internal_test
[0m10:18:07.968515 [debug] [Thread-3  ]: On test.ecommerce_analytics.unique_stg_customers_email.1ebcb2333e: ROLLBACK
[0m10:18:07.970526 [debug] [Thread-2  ]: SQL status: SELECT 1 in 0.0 seconds
[0m10:18:07.973006 [debug] [Thread-1  ]: SQL status: SELECT 1 in 0.0 seconds
[0m10:18:07.974596 [debug] [Thread-3  ]: On test.ecommerce_analytics.unique_stg_customers_email.1ebcb2333e: Close
[0m10:18:07.978156 [debug] [Thread-2  ]: Timing info for test.ecommerce_analytics.unique_stg_orders_order_id.e3b841c71a (execute): 10:18:07.893188 => 10:18:07.977343
[0m10:18:07.983154 [debug] [Thread-1  ]: Timing info for test.ecommerce_analytics.unique_stg_products_product_id.7d950a1467 (execute): 10:18:07.907458 => 10:18:07.982212
[0m10:18:07.986720 [info ] [Thread-3  ]: 9 of 11 PASS unique_stg_customers_email ........................................ [[32mPASS[0m in 0.18s]
[0m10:18:07.989699 [debug] [Thread-2  ]: On test.ecommerce_analytics.unique_stg_orders_order_id.e3b841c71a: ROLLBACK
[0m10:18:07.991418 [debug] [Thread-1  ]: On test.ecommerce_analytics.unique_stg_products_product_id.7d950a1467: ROLLBACK
[0m10:18:07.993427 [debug] [Thread-3  ]: Finished running node test.ecommerce_analytics.unique_stg_customers_email.1ebcb2333e
[0m10:18:07.995586 [debug] [Thread-2  ]: On test.ecommerce_analytics.unique_stg_orders_order_id.e3b841c71a: Close
[0m10:18:07.997262 [debug] [Thread-1  ]: On test.ecommerce_analytics.unique_stg_products_product_id.7d950a1467: Close
[0m10:18:08.002285 [info ] [Thread-2  ]: 10 of 11 PASS unique_stg_orders_order_id ....................................... [[32mPASS[0m in 0.17s]
[0m10:18:08.005581 [info ] [Thread-1  ]: 11 of 11 PASS unique_stg_products_product_id ................................... [[32mPASS[0m in 0.16s]
[0m10:18:08.009543 [debug] [Thread-2  ]: Finished running node test.ecommerce_analytics.unique_stg_orders_order_id.e3b841c71a
[0m10:18:08.011897 [debug] [Thread-1  ]: Finished running node test.ecommerce_analytics.unique_stg_products_product_id.7d950a1467
[0m10:18:08.019261 [debug] [MainThread]: Using postgres connection "master"
[0m10:18:08.020916 [debug] [MainThread]: On master: BEGIN
[0m10:18:08.022651 [debug] [MainThread]: Opening a new connection, currently in state closed
[0m10:18:08.039191 [debug] [MainThread]: SQL status: BEGIN in 0.0 seconds
[0m10:18:08.040661 [debug] [MainThread]: On master: COMMIT
[0m10:18:08.042203 [debug] [MainThread]: Using postgres connection "master"
[0m10:18:08.043641 [debug] [MainThread]: On master: COMMIT
[0m10:18:08.045399 [debug] [MainThread]: SQL status: COMMIT in 0.0 seconds
[0m10:18:08.046962 [debug] [MainThread]: On master: Close
[0m10:18:08.050822 [debug] [MainThread]: Connection 'master' was properly closed.
[0m10:18:08.052443 [debug] [MainThread]: Connection 'test.ecommerce_analytics.unique_stg_orders_order_id.e3b841c71a' was properly closed.
[0m10:18:08.054014 [debug] [MainThread]: Connection 'test.ecommerce_analytics.unique_stg_products_product_id.7d950a1467' was properly closed.
[0m10:18:08.055492 [debug] [MainThread]: Connection 'test.ecommerce_analytics.unique_stg_customers_email.1ebcb2333e' was properly closed.
[0m10:18:08.056860 [debug] [MainThread]: Connection 'test.ecommerce_analytics.unique_stg_customers_customer_id.c7614daada' was properly closed.
[0m10:18:08.058408 [info ] [MainThread]: 
[0m10:18:08.060192 [info ] [MainThread]: Finished running 11 tests in 0 hours 0 minutes and 1.18 seconds (1.18s).
[0m10:18:08.068046 [debug] [MainThread]: Command end result
[0m10:18:08.124111 [info ] [MainThread]: 
[0m10:18:08.125920 [info ] [MainThread]: [32mCompleted successfully[0m
[0m10:18:08.127636 [info ] [MainThread]: 
[0m10:18:08.129271 [info ] [MainThread]: Done. PASS=11 WARN=0 ERROR=0 SKIP=0 TOTAL=11
[0m10:18:08.133146 [debug] [MainThread]: Resource report: {"command_name": "test", "command_success": true, "command_wall_clock_time": 2.8278036, "process_user_time": 10.209192, "process_kernel_time": 0.999932, "process_mem_max_rss": "123656", "process_in_blocks": "0", "process_out_blocks": "0"}
[0m10:18:08.136154 [debug] [MainThread]: Command `dbt test` succeeded at 10:18:08.135659 after 2.83 seconds
[0m10:18:08.137862 [debug] [MainThread]: Sending event: {'category': 'dbt', 'action': 'invocation', 'label': 'end', 'context': [<snowplow_tracker.self_describing_json.SelfDescribingJson object at 0x7c10039510a0>, <snowplow_tracker.self_describing_json.SelfDescribingJson object at 0x7c10064d4040>, <snowplow_tracker.self_describing_json.SelfDescribingJson object at 0x7c1001147340>]}
[0m10:18:08.139749 [debug] [MainThread]: Flushing usage events
[0m10:18:13.719286 [debug] [MainThread]: Sending event: {'category': 'dbt', 'action': 'invocation', 'label': 'start', 'context': [<snowplow_tracker.self_describing_json.SelfDescribingJson object at 0x754144131130>, <snowplow_tracker.self_describing_json.SelfDescribingJson object at 0x754141f11850>, <snowplow_tracker.self_describing_json.SelfDescribingJson object at 0x754141f11790>]}


============================== 10:18:13.731947 | a1052619-6f08-4b12-97f2-7befdc40ba6d ==============================
[0m10:18:13.731947 [info ] [MainThread]: Running with dbt=1.7.0
[0m10:18:13.733521 [debug] [MainThread]: running dbt with arguments {'printer_width': '80', 'indirect_selection': 'eager', 'log_cache_events': 'False', 'write_json': 'True', 'partial_parse': 'True', 'cache_selected_only': 'False', 'profiles_dir': '.', 'debug': 'False', 'version_check': 'True', 'log_path': '/opt/airflow/dbt_project/logs', 'fail_fast': 'False', 'warn_error': 'None', 'use_colors': 'True', 'use_experimental_parser': 'False', 'no_print': 'None', 'quiet': 'False', 'warn_error_options': 'WarnErrorOptions(include=[], exclude=[])', 'static_parser': 'True', 'invocation_command': 'dbt test --select staging --profiles-dir .', 'log_format': 'default', 'target_path': 'None', 'introspect': 'True', 'send_anonymous_usage_stats': 'True'}
[0m10:18:14.220904 [debug] [MainThread]: Sending event: {'category': 'dbt', 'action': 'project_id', 'label': 'a1052619-6f08-4b12-97f2-7befdc40ba6d', 'context': [<snowplow_tracker.self_describing_json.SelfDescribingJson object at 0x754141f24550>]}
[0m10:18:14.420362 [debug] [MainThread]: Sending event: {'category': 'dbt', 'action': 'adapter_info', 'label': 'a1052619-6f08-4b12-97f2-7befdc40ba6d', 'context': [<snowplow_tracker.self_describing_json.SelfDescribingJson object at 0x754141fccd60>]}
[0m10:18:14.422909 [info ] [MainThread]: Registered adapter: postgres=1.7.0
[0m10:18:14.455549 [debug] [MainThread]: checksum: 8434eacd4ffdf0ca3ab22bf0e2d55b45306c9599613e842b959405abc489e606, vars: {}, profile: , target: , version: 1.7.0
[0m10:18:14.890935 [debug] [MainThread]: Partial parsing enabled: 0 files deleted, 0 files added, 0 files changed.
[0m10:18:14.892656 [debug] [MainThread]: Partial parsing enabled, no changes found, skipping parsing
[0m10:18:14.903976 [debug] [MainThread]: Sending event: {'category': 'dbt', 'action': 'load_project', 'label': 'a1052619-6f08-4b12-97f2-7befdc40ba6d', 'context': [<snowplow_tracker.self_describing_json.SelfDescribingJson object at 0x754140db5eb0>]}
[0m10:18:14.973759 [debug] [MainThread]: Sending event: {'category': 'dbt', 'action': 'resource_counts', 'label': 'a1052619-6f08-4b12-97f2-7befdc40ba6d', 'context': [<snowplow_tracker.self_describing_json.SelfDescribingJson object at 0x7541410a9c40>]}
[0m10:18:14.975776 [info ] [MainThread]: Found 6 models, 17 tests, 0 sources, 0 exposures, 0 metrics, 401 macros, 0 groups, 0 semantic models
[0m10:18:14.977323 [debug] [MainThread]: Sending event: {'category': 'dbt', 'action': 'runnable_timing', 'label': 'a1052619-6f08-4b12-97f2-7befdc40ba6d', 'context': [<snowplow_tracker.self_describing_json.SelfDescribingJson object at 0x7541410a9f40>]}
[0m10:18:14.980816 [info ] [MainThread]: 
[0m10:18:14.982827 [debug] [MainThread]: Acquiring new postgres connection 'master'
[0m10:18:14.986885 [debug] [ThreadPool]: Acquiring new postgres connection 'list_airflow_analytics_analytics'
[0m10:18:14.989345 [debug] [ThreadPool]: Acquiring new postgres connection 'list_airflow_analytics_staging'
[0m10:18:15.030784 [debug] [ThreadPool]: Using postgres connection "list_airflow_analytics_staging"
[0m10:18:15.032113 [debug] [ThreadPool]: Using postgres connection "list_airflow_analytics_analytics"
[0m10:18:15.033236 [debug] [ThreadPool]: On list_airflow_analytics_staging: BEGIN
[0m10:18:15.035136 [debug] [ThreadPool]: On list_airflow_analytics_analytics: BEGIN
[0m10:18:15.036642 [debug] [ThreadPool]: Opening a new connection, currently in state init
[0m10:18:15.038224 [debug] [ThreadPool]: Opening a new connection, currently in state init
[0m10:18:15.054828 [debug] [ThreadPool]: SQL status: BEGIN in 0.0 seconds
[0m10:18:15.057427 [debug] [ThreadPool]: Using postgres connection "list_airflow_analytics_analytics"
[0m10:18:15.059476 [debug] [ThreadPool]: On list_airflow_analytics_analytics: /* {"app": "dbt", "dbt_version": "1.7.0", "profile_name": "ecommerce_analytics", "target_name": "dev", "connection_name": "list_airflow_analytics_analytics"} */
select
      'airflow' as database,
      tablename as name,
      schemaname as schema,
      'table' as type
    from pg_tables
    where schemaname ilike 'analytics_analytics'
    union all
    select
      'airflow' as database,
      viewname as name,
      schemaname as schema,
      'view' as type
    from pg_views
    where schemaname ilike 'analytics_analytics'
    union all
    select
      'airflow' as database,
      matviewname as name,
      schemaname as schema,
      'materialized_view' as type
    from pg_matviews
    where schemaname ilike 'analytics_analytics'
  
[0m10:18:15.061941 [debug] [ThreadPool]: SQL status: BEGIN in 0.0 seconds
[0m10:18:15.063645 [debug] [ThreadPool]: Using postgres connection "list_airflow_analytics_staging"
[0m10:18:15.065313 [debug] [ThreadPool]: On list_airflow_analytics_staging: /* {"app": "dbt", "dbt_version": "1.7.0", "profile_name": "ecommerce_analytics", "target_name": "dev", "connection_name": "list_airflow_analytics_staging"} */
select
      'airflow' as database,
      tablename as name,
      schemaname as schema,
      'table' as type
    from pg_tables
    where schemaname ilike 'analytics_staging'
    union all
    select
      'airflow' as database,
      viewname as name,
      schemaname as schema,
      'view' as type
    from pg_views
    where schemaname ilike 'analytics_staging'
    union all
    select
      'airflow' as database,
      matviewname as name,
      schemaname as schema,
      'materialized_view' as type
    from pg_matviews
    where schemaname ilike 'analytics_staging'
  
[0m10:18:15.066917 [debug] [ThreadPool]: SQL status: SELECT 0 in 0.0 seconds
[0m10:18:15.070456 [debug] [ThreadPool]: On list_airflow_analytics_analytics: ROLLBACK
[0m10:18:15.074006 [debug] [ThreadPool]: On list_airflow_analytics_analytics: Close
[0m10:18:15.076430 [debug] [ThreadPool]: SQL status: SELECT 3 in 0.0 seconds
[0m10:18:15.080875 [debug] [ThreadPool]: On list_airflow_analytics_staging: ROLLBACK
[0m10:18:15.082803 [debug] [ThreadPool]: On list_airflow_analytics_staging: Close
[0m10:18:15.098888 [debug] [MainThread]: Using postgres connection "master"
[0m10:18:15.100473 [debug] [MainThread]: On master: BEGIN
[0m10:18:15.101906 [debug] [MainThread]: Opening a new connection, currently in state init
[0m10:18:15.120760 [debug] [MainThread]: SQL status: BEGIN in 0.0 seconds
[0m10:18:15.122514 [debug] [MainThread]: Using postgres connection "master"
[0m10:18:15.124955 [debug] [MainThread]: On master: /* {"app": "dbt", "dbt_version": "1.7.0", "profile_name": "ecommerce_analytics", "target_name": "dev", "connection_name": "master"} */
with relation as (
        select
            pg_rewrite.ev_class as class,
            pg_rewrite.oid as id
        from pg_rewrite
    ),
    class as (
        select
            oid as id,
            relname as name,
            relnamespace as schema,
            relkind as kind
        from pg_class
    ),
    dependency as (
        select distinct
            pg_depend.objid as id,
            pg_depend.refobjid as ref
        from pg_depend
    ),
    schema as (
        select
            pg_namespace.oid as id,
            pg_namespace.nspname as name
        from pg_namespace
        where nspname != 'information_schema' and nspname not like 'pg\_%'
    ),
    referenced as (
        select
            relation.id AS id,
            referenced_class.name ,
            referenced_class.schema ,
            referenced_class.kind
        from relation
        join class as referenced_class on relation.class=referenced_class.id
        where referenced_class.kind in ('r', 'v', 'm')
    ),
    relationships as (
        select
            referenced.name as referenced_name,
            referenced.schema as referenced_schema_id,
            dependent_class.name as dependent_name,
            dependent_class.schema as dependent_schema_id,
            referenced.kind as kind
        from referenced
        join dependency on referenced.id=dependency.id
        join class as dependent_class on dependency.ref=dependent_class.id
        where
            (referenced.name != dependent_class.name or
             referenced.schema != dependent_class.schema)
    )

    select
        referenced_schema.name as referenced_schema,
        relationships.referenced_name as referenced_name,
        dependent_schema.name as dependent_schema,
        relationships.dependent_name as dependent_name
    from relationships
    join schema as dependent_schema on relationships.dependent_schema_id=dependent_schema.id
    join schema as referenced_schema on relationships.referenced_schema_id=referenced_schema.id
    group by referenced_schema, referenced_name, dependent_schema, dependent_name
    order by referenced_schema, referenced_name, dependent_schema, dependent_name;
[0m10:18:15.200670 [debug] [MainThread]: SQL status: SELECT 3 in 0.0 seconds
[0m10:18:15.207543 [debug] [MainThread]: Sending event: {'category': 'dbt', 'action': 'runnable_timing', 'label': 'a1052619-6f08-4b12-97f2-7befdc40ba6d', 'context': [<snowplow_tracker.self_describing_json.SelfDescribingJson object at 0x754140d40760>]}
[0m10:18:15.210586 [debug] [MainThread]: On master: ROLLBACK
[0m10:18:15.213357 [debug] [MainThread]: Using postgres connection "master"
[0m10:18:15.215766 [debug] [MainThread]: On master: BEGIN
[0m10:18:15.219268 [debug] [MainThread]: SQL status: BEGIN in 0.0 seconds
[0m10:18:15.221681 [debug] [MainThread]: On master: COMMIT
[0m10:18:15.229295 [debug] [MainThread]: Using postgres connection "master"
[0m10:18:15.231810 [debug] [MainThread]: On master: COMMIT
[0m10:18:15.234520 [debug] [MainThread]: SQL status: COMMIT in 0.0 seconds
[0m10:18:15.237613 [debug] [MainThread]: On master: Close
[0m10:18:15.245516 [info ] [MainThread]: Concurrency: 4 threads (target='dev')
[0m10:18:15.248680 [info ] [MainThread]: 
[0m10:18:15.290820 [debug] [Thread-1  ]: Began running node test.ecommerce_analytics.accepted_values_stg_orders_status__completed__cancelled__pending.ee383a7b32
[0m10:18:15.293366 [debug] [Thread-2  ]: Began running node test.ecommerce_analytics.not_null_stg_customers_customer_id.e2cfb1f9aa
[0m10:18:15.295932 [debug] [Thread-3  ]: Began running node test.ecommerce_analytics.not_null_stg_customers_email.d7cf761533
[0m10:18:15.297607 [info ] [Thread-1  ]: 1 of 11 START test accepted_values_stg_orders_status__completed__cancelled__pending  [RUN]
[0m10:18:15.299954 [debug] [Thread-4  ]: Began running node test.ecommerce_analytics.not_null_stg_orders_customer_id.af79d5e4b5
[0m10:18:15.316242 [info ] [Thread-4  ]: 4 of 11 START test not_null_stg_orders_customer_id ............................. [RUN]
[0m10:18:15.308694 [info ] [Thread-3  ]: 3 of 11 START test not_null_stg_customers_email ................................ [RUN]
[0m10:18:15.312491 [debug] [Thread-1  ]: Re-using an available connection from the pool (formerly list_airflow_analytics_analytics, now test.ecommerce_analytics.accepted_values_stg_orders_status__completed__cancelled__pending.ee383a7b32)
[0m10:18:15.303494 [info ] [Thread-2  ]: 2 of 11 START test not_null_stg_customers_customer_id .......................... [RUN]
[0m10:18:15.320054 [debug] [Thread-4  ]: Acquiring new postgres connection 'test.ecommerce_analytics.not_null_stg_orders_customer_id.af79d5e4b5'
[0m10:18:15.324244 [debug] [Thread-3  ]: Acquiring new postgres connection 'test.ecommerce_analytics.not_null_stg_customers_email.d7cf761533'
[0m10:18:15.326904 [debug] [Thread-1  ]: Began compiling node test.ecommerce_analytics.accepted_values_stg_orders_status__completed__cancelled__pending.ee383a7b32
[0m10:18:15.330793 [debug] [Thread-2  ]: Re-using an available connection from the pool (formerly list_airflow_analytics_staging, now test.ecommerce_analytics.not_null_stg_customers_customer_id.e2cfb1f9aa)
[0m10:18:15.333543 [debug] [Thread-4  ]: Began compiling node test.ecommerce_analytics.not_null_stg_orders_customer_id.af79d5e4b5
[0m10:18:15.337785 [debug] [Thread-3  ]: Began compiling node test.ecommerce_analytics.not_null_stg_customers_email.d7cf761533
[0m10:18:15.354939 [debug] [Thread-2  ]: Began compiling node test.ecommerce_analytics.not_null_stg_customers_customer_id.e2cfb1f9aa
[0m10:18:15.496666 [debug] [Thread-1  ]: Writing injected SQL for node "test.ecommerce_analytics.accepted_values_stg_orders_status__completed__cancelled__pending.ee383a7b32"
[0m10:18:15.516370 [debug] [Thread-4  ]: Writing injected SQL for node "test.ecommerce_analytics.not_null_stg_orders_customer_id.af79d5e4b5"
[0m10:18:15.519747 [debug] [Thread-2  ]: Writing injected SQL for node "test.ecommerce_analytics.not_null_stg_customers_customer_id.e2cfb1f9aa"
[0m10:18:15.527028 [debug] [Thread-3  ]: Writing injected SQL for node "test.ecommerce_analytics.not_null_stg_customers_email.d7cf761533"
[0m10:18:15.538430 [debug] [Thread-1  ]: Timing info for test.ecommerce_analytics.accepted_values_stg_orders_status__completed__cancelled__pending.ee383a7b32 (compile): 10:18:15.340898 => 10:18:15.537480
[0m10:18:15.540697 [debug] [Thread-4  ]: Timing info for test.ecommerce_analytics.not_null_stg_orders_customer_id.af79d5e4b5 (compile): 10:18:15.375550 => 10:18:15.539891
[0m10:18:15.542439 [debug] [Thread-1  ]: Began executing node test.ecommerce_analytics.accepted_values_stg_orders_status__completed__cancelled__pending.ee383a7b32
[0m10:18:15.544699 [debug] [Thread-4  ]: Began executing node test.ecommerce_analytics.not_null_stg_orders_customer_id.af79d5e4b5
[0m10:18:15.546472 [debug] [Thread-3  ]: Timing info for test.ecommerce_analytics.not_null_stg_customers_email.d7cf761533 (compile): 10:18:15.397551 => 10:18:15.545690
[0m10:18:15.558778 [debug] [Thread-2  ]: Timing info for test.ecommerce_analytics.not_null_stg_customers_customer_id.e2cfb1f9aa (compile): 10:18:15.413909 => 10:18:15.557950
[0m10:18:15.597603 [debug] [Thread-3  ]: Began executing node test.ecommerce_analytics.not_null_stg_customers_email.d7cf761533
[0m10:18:15.611772 [debug] [Thread-1  ]: Writing runtime sql for node "test.ecommerce_analytics.accepted_values_stg_orders_status__completed__cancelled__pending.ee383a7b32"
[0m10:18:15.614587 [debug] [Thread-4  ]: Writing runtime sql for node "test.ecommerce_analytics.not_null_stg_orders_customer_id.af79d5e4b5"
[0m10:18:15.615835 [debug] [Thread-2  ]: Began executing node test.ecommerce_analytics.not_null_stg_customers_customer_id.e2cfb1f9aa
[0m10:18:15.625552 [debug] [Thread-3  ]: Writing runtime sql for node "test.ecommerce_analytics.not_null_stg_customers_email.d7cf761533"
[0m10:18:15.633827 [debug] [Thread-2  ]: Writing runtime sql for node "test.ecommerce_analytics.not_null_stg_customers_customer_id.e2cfb1f9aa"
[0m10:18:15.645753 [debug] [Thread-1  ]: Using postgres connection "test.ecommerce_analytics.accepted_values_stg_orders_status__completed__cancelled__pending.ee383a7b32"
[0m10:18:15.647640 [debug] [Thread-1  ]: On test.ecommerce_analytics.accepted_values_stg_orders_status__completed__cancelled__pending.ee383a7b32: BEGIN
[0m10:18:15.649583 [debug] [Thread-4  ]: Using postgres connection "test.ecommerce_analytics.not_null_stg_orders_customer_id.af79d5e4b5"
[0m10:18:15.650921 [debug] [Thread-1  ]: Opening a new connection, currently in state closed
[0m10:18:15.653697 [debug] [Thread-4  ]: On test.ecommerce_analytics.not_null_stg_orders_customer_id.af79d5e4b5: BEGIN
[0m10:18:15.657786 [debug] [Thread-2  ]: Using postgres connection "test.ecommerce_analytics.not_null_stg_customers_customer_id.e2cfb1f9aa"
[0m10:18:15.662518 [debug] [Thread-4  ]: Opening a new connection, currently in state init
[0m10:18:15.664226 [debug] [Thread-3  ]: Using postgres connection "test.ecommerce_analytics.not_null_stg_customers_email.d7cf761533"
[0m10:18:15.665898 [debug] [Thread-2  ]: On test.ecommerce_analytics.not_null_stg_customers_customer_id.e2cfb1f9aa: BEGIN
[0m10:18:15.668987 [debug] [Thread-3  ]: On test.ecommerce_analytics.not_null_stg_customers_email.d7cf761533: BEGIN
[0m10:18:15.671328 [debug] [Thread-2  ]: Opening a new connection, currently in state closed
[0m10:18:15.676498 [debug] [Thread-3  ]: Opening a new connection, currently in state init
[0m10:18:15.679345 [debug] [Thread-1  ]: SQL status: BEGIN in 0.0 seconds
[0m10:18:15.681786 [debug] [Thread-1  ]: Using postgres connection "test.ecommerce_analytics.accepted_values_stg_orders_status__completed__cancelled__pending.ee383a7b32"
[0m10:18:15.684157 [debug] [Thread-1  ]: On test.ecommerce_analytics.accepted_values_stg_orders_status__completed__cancelled__pending.ee383a7b32: /* {"app": "dbt", "dbt_version": "1.7.0", "profile_name": "ecommerce_analytics", "target_name": "dev", "node_id": "test.ecommerce_analytics.accepted_values_stg_orders_status__completed__cancelled__pending.ee383a7b32"} */
select
      count(*) as failures,
      count(*) != 0 as should_warn,
      count(*) != 0 as should_error
    from (
      
    
    

with all_values as (

    select
        status as value_field,
        count(*) as n_records

    from "airflow"."analytics_staging"."stg_orders"
    group by status

)

select *
from all_values
where value_field not in (
    'completed','cancelled','pending'
)



      
    ) dbt_internal_test
[0m10:18:15.687214 [debug] [Thread-4  ]: SQL status: BEGIN in 0.0 seconds
[0m10:18:15.689493 [debug] [Thread-4  ]: Using postgres connection "test.ecommerce_analytics.not_null_stg_orders_customer_id.af79d5e4b5"
[0m10:18:15.691934 [debug] [Thread-1  ]: SQL status: SELECT 1 in 0.0 seconds
[0m10:18:15.693186 [debug] [Thread-4  ]: On test.ecommerce_analytics.not_null_stg_orders_customer_id.af79d5e4b5: /* {"app": "dbt", "dbt_version": "1.7.0", "profile_name": "ecommerce_analytics", "target_name": "dev", "node_id": "test.ecommerce_analytics.not_null_stg_orders_customer_id.af79d5e4b5"} */
select
      count(*) as failures,
      count(*) != 0 as should_warn,
      count(*) != 0 as should_error
    from (
      
    
    



select customer_id
from "airflow"."analytics_staging"."stg_orders"
where customer_id is null



      
    ) dbt_internal_test
[0m10:18:15.698337 [debug] [Thread-1  ]: Timing info for test.ecommerce_analytics.accepted_values_stg_orders_status__completed__cancelled__pending.ee383a7b32 (execute): 10:18:15.547225 => 10:18:15.697538
[0m10:18:15.701203 [debug] [Thread-2  ]: SQL status: BEGIN in 0.0 seconds
[0m10:18:15.702897 [debug] [Thread-1  ]: On test.ecommerce_analytics.accepted_values_stg_orders_status__completed__cancelled__pending.ee383a7b32: ROLLBACK
[0m10:18:15.704079 [debug] [Thread-3  ]: SQL status: BEGIN in 0.0 seconds
[0m10:18:15.705355 [debug] [Thread-4  ]: SQL status: SELECT 1 in 0.0 seconds
[0m10:18:15.707777 [debug] [Thread-2  ]: Using postgres connection "test.ecommerce_analytics.not_null_stg_customers_customer_id.e2cfb1f9aa"
[0m10:18:15.710391 [debug] [Thread-1  ]: On test.ecommerce_analytics.accepted_values_stg_orders_status__completed__cancelled__pending.ee383a7b32: Close
[0m10:18:15.711554 [debug] [Thread-3  ]: Using postgres connection "test.ecommerce_analytics.not_null_stg_customers_email.d7cf761533"
[0m10:18:15.715374 [debug] [Thread-4  ]: Timing info for test.ecommerce_analytics.not_null_stg_orders_customer_id.af79d5e4b5 (execute): 10:18:15.575465 => 10:18:15.714730
[0m10:18:15.718815 [debug] [Thread-2  ]: On test.ecommerce_analytics.not_null_stg_customers_customer_id.e2cfb1f9aa: /* {"app": "dbt", "dbt_version": "1.7.0", "profile_name": "ecommerce_analytics", "target_name": "dev", "node_id": "test.ecommerce_analytics.not_null_stg_customers_customer_id.e2cfb1f9aa"} */
select
      count(*) as failures,
      count(*) != 0 as should_warn,
      count(*) != 0 as should_error
    from (
      
    
    



select customer_id
from "airflow"."analytics_staging"."stg_customers"
where customer_id is null



      
    ) dbt_internal_test
[0m10:18:15.722191 [info ] [Thread-1  ]: 1 of 11 PASS accepted_values_stg_orders_status__completed__cancelled__pending .. [[32mPASS[0m in 0.41s]
[0m10:18:15.724979 [debug] [Thread-3  ]: On test.ecommerce_analytics.not_null_stg_customers_email.d7cf761533: /* {"app": "dbt", "dbt_version": "1.7.0", "profile_name": "ecommerce_analytics", "target_name": "dev", "node_id": "test.ecommerce_analytics.not_null_stg_customers_email.d7cf761533"} */
select
      count(*) as failures,
      count(*) != 0 as should_warn,
      count(*) != 0 as should_error
    from (
      
    
    



select email
from "airflow"."analytics_staging"."stg_customers"
where email is null



      
    ) dbt_internal_test
[0m10:18:15.727331 [debug] [Thread-4  ]: On test.ecommerce_analytics.not_null_stg_orders_customer_id.af79d5e4b5: ROLLBACK
[0m10:18:15.730355 [debug] [Thread-1  ]: Finished running node test.ecommerce_analytics.accepted_values_stg_orders_status__completed__cancelled__pending.ee383a7b32
[0m10:18:15.731737 [debug] [Thread-2  ]: SQL status: SELECT 1 in 0.0 seconds
[0m10:18:15.733952 [debug] [Thread-4  ]: On test.ecommerce_analytics.not_null_stg_orders_customer_id.af79d5e4b5: Close
[0m10:18:15.735537 [debug] [Thread-1  ]: Began running node test.ecommerce_analytics.not_null_stg_orders_order_id.81cfe2fe64
[0m10:18:15.736903 [debug] [Thread-3  ]: SQL status: SELECT 1 in 0.0 seconds
[0m10:18:15.741954 [debug] [Thread-2  ]: Timing info for test.ecommerce_analytics.not_null_stg_customers_customer_id.e2cfb1f9aa (execute): 10:18:15.627971 => 10:18:15.741306
[0m10:18:15.745375 [info ] [Thread-4  ]: 4 of 11 PASS not_null_stg_orders_customer_id ................................... [[32mPASS[0m in 0.43s]
[0m10:18:15.747180 [info ] [Thread-1  ]: 5 of 11 START test not_null_stg_orders_order_id ................................ [RUN]
[0m10:18:15.751995 [debug] [Thread-3  ]: Timing info for test.ecommerce_analytics.not_null_stg_customers_email.d7cf761533 (execute): 10:18:15.618396 => 10:18:15.751299
[0m10:18:15.753496 [debug] [Thread-2  ]: On test.ecommerce_analytics.not_null_stg_customers_customer_id.e2cfb1f9aa: ROLLBACK
[0m10:18:15.756377 [debug] [Thread-4  ]: Finished running node test.ecommerce_analytics.not_null_stg_orders_customer_id.af79d5e4b5
[0m10:18:15.759513 [debug] [Thread-1  ]: Re-using an available connection from the pool (formerly test.ecommerce_analytics.accepted_values_stg_orders_status__completed__cancelled__pending.ee383a7b32, now test.ecommerce_analytics.not_null_stg_orders_order_id.81cfe2fe64)
[0m10:18:15.761573 [debug] [Thread-3  ]: On test.ecommerce_analytics.not_null_stg_customers_email.d7cf761533: ROLLBACK
[0m10:18:15.763989 [debug] [Thread-2  ]: On test.ecommerce_analytics.not_null_stg_customers_customer_id.e2cfb1f9aa: Close
[0m10:18:15.766017 [debug] [Thread-4  ]: Began running node test.ecommerce_analytics.not_null_stg_orders_product_id.034adb910e
[0m10:18:15.768313 [debug] [Thread-1  ]: Began compiling node test.ecommerce_analytics.not_null_stg_orders_order_id.81cfe2fe64
[0m10:18:15.770978 [debug] [Thread-3  ]: On test.ecommerce_analytics.not_null_stg_customers_email.d7cf761533: Close
[0m10:18:15.775722 [info ] [Thread-2  ]: 2 of 11 PASS not_null_stg_customers_customer_id ................................ [[32mPASS[0m in 0.45s]
[0m10:18:15.776893 [info ] [Thread-4  ]: 6 of 11 START test not_null_stg_orders_product_id .............................. [RUN]
[0m10:18:15.788022 [debug] [Thread-1  ]: Writing injected SQL for node "test.ecommerce_analytics.not_null_stg_orders_order_id.81cfe2fe64"
[0m10:18:15.794045 [debug] [Thread-2  ]: Finished running node test.ecommerce_analytics.not_null_stg_customers_customer_id.e2cfb1f9aa
[0m10:18:15.791990 [info ] [Thread-3  ]: 3 of 11 PASS not_null_stg_customers_email ...................................... [[32mPASS[0m in 0.47s]
[0m10:18:15.797163 [debug] [Thread-4  ]: Re-using an available connection from the pool (formerly test.ecommerce_analytics.not_null_stg_orders_customer_id.af79d5e4b5, now test.ecommerce_analytics.not_null_stg_orders_product_id.034adb910e)
[0m10:18:15.800399 [debug] [Thread-2  ]: Began running node test.ecommerce_analytics.not_null_stg_products_product_id.6373b0acf3
[0m10:18:15.803117 [debug] [Thread-3  ]: Finished running node test.ecommerce_analytics.not_null_stg_customers_email.d7cf761533
[0m10:18:15.805301 [debug] [Thread-4  ]: Began compiling node test.ecommerce_analytics.not_null_stg_orders_product_id.034adb910e
[0m10:18:15.807576 [info ] [Thread-2  ]: 7 of 11 START test not_null_stg_products_product_id ............................ [RUN]
[0m10:18:15.810328 [debug] [Thread-3  ]: Began running node test.ecommerce_analytics.unique_stg_customers_customer_id.c7614daada
[0m10:18:15.824664 [debug] [Thread-2  ]: Re-using an available connection from the pool (formerly test.ecommerce_analytics.not_null_stg_customers_customer_id.e2cfb1f9aa, now test.ecommerce_analytics.not_null_stg_products_product_id.6373b0acf3)
[0m10:18:15.828570 [debug] [Thread-4  ]: Writing injected SQL for node "test.ecommerce_analytics.not_null_stg_orders_product_id.034adb910e"
[0m10:18:15.830945 [info ] [Thread-3  ]: 8 of 11 START test unique_stg_customers_customer_id ............................ [RUN]
[0m10:18:15.833253 [debug] [Thread-2  ]: Began compiling node test.ecommerce_analytics.not_null_stg_products_product_id.6373b0acf3
[0m10:18:15.835050 [debug] [Thread-1  ]: Timing info for test.ecommerce_analytics.not_null_stg_orders_order_id.81cfe2fe64 (compile): 10:18:15.778654 => 10:18:15.834418
[0m10:18:15.839077 [debug] [Thread-3  ]: Re-using an available connection from the pool (formerly test.ecommerce_analytics.not_null_stg_customers_email.d7cf761533, now test.ecommerce_analytics.unique_stg_customers_customer_id.c7614daada)
[0m10:18:15.853400 [debug] [Thread-1  ]: Began executing node test.ecommerce_analytics.not_null_stg_orders_order_id.81cfe2fe64
[0m10:18:15.858285 [debug] [Thread-2  ]: Writing injected SQL for node "test.ecommerce_analytics.not_null_stg_products_product_id.6373b0acf3"
[0m10:18:15.860183 [debug] [Thread-3  ]: Began compiling node test.ecommerce_analytics.unique_stg_customers_customer_id.c7614daada
[0m10:18:15.867241 [debug] [Thread-1  ]: Writing runtime sql for node "test.ecommerce_analytics.not_null_stg_orders_order_id.81cfe2fe64"
[0m10:18:15.881190 [debug] [Thread-4  ]: Timing info for test.ecommerce_analytics.not_null_stg_orders_product_id.034adb910e (compile): 10:18:15.812141 => 10:18:15.880526
[0m10:18:15.886624 [debug] [Thread-3  ]: Writing injected SQL for node "test.ecommerce_analytics.unique_stg_customers_customer_id.c7614daada"
[0m10:18:15.890999 [debug] [Thread-4  ]: Began executing node test.ecommerce_analytics.not_null_stg_orders_product_id.034adb910e
[0m10:18:15.893436 [debug] [Thread-2  ]: Timing info for test.ecommerce_analytics.not_null_stg_products_product_id.6373b0acf3 (compile): 10:18:15.841503 => 10:18:15.892560
[0m10:18:15.900502 [debug] [Thread-4  ]: Writing runtime sql for node "test.ecommerce_analytics.not_null_stg_orders_product_id.034adb910e"
[0m10:18:15.902776 [debug] [Thread-2  ]: Began executing node test.ecommerce_analytics.not_null_stg_products_product_id.6373b0acf3
[0m10:18:15.905779 [debug] [Thread-1  ]: Using postgres connection "test.ecommerce_analytics.not_null_stg_orders_order_id.81cfe2fe64"
[0m10:18:15.913505 [debug] [Thread-2  ]: Writing runtime sql for node "test.ecommerce_analytics.not_null_stg_products_product_id.6373b0acf3"
[0m10:18:15.914892 [debug] [Thread-1  ]: On test.ecommerce_analytics.not_null_stg_orders_order_id.81cfe2fe64: BEGIN
[0m10:18:15.917709 [debug] [Thread-1  ]: Opening a new connection, currently in state closed
[0m10:18:15.919594 [debug] [Thread-3  ]: Timing info for test.ecommerce_analytics.unique_stg_customers_customer_id.c7614daada (compile): 10:18:15.869389 => 10:18:15.918863
[0m10:18:15.922031 [debug] [Thread-3  ]: Began executing node test.ecommerce_analytics.unique_stg_customers_customer_id.c7614daada
[0m10:18:15.932367 [debug] [Thread-3  ]: Writing runtime sql for node "test.ecommerce_analytics.unique_stg_customers_customer_id.c7614daada"
[0m10:18:15.933924 [debug] [Thread-4  ]: Using postgres connection "test.ecommerce_analytics.not_null_stg_orders_product_id.034adb910e"
[0m10:18:15.937296 [debug] [Thread-2  ]: Using postgres connection "test.ecommerce_analytics.not_null_stg_products_product_id.6373b0acf3"
[0m10:18:15.939215 [debug] [Thread-4  ]: On test.ecommerce_analytics.not_null_stg_orders_product_id.034adb910e: BEGIN
[0m10:18:15.941148 [debug] [Thread-1  ]: SQL status: BEGIN in 0.0 seconds
[0m10:18:15.942532 [debug] [Thread-2  ]: On test.ecommerce_analytics.not_null_stg_products_product_id.6373b0acf3: BEGIN
[0m10:18:15.944126 [debug] [Thread-4  ]: Opening a new connection, currently in state closed
[0m10:18:15.945676 [debug] [Thread-1  ]: Using postgres connection "test.ecommerce_analytics.not_null_stg_orders_order_id.81cfe2fe64"
[0m10:18:15.947314 [debug] [Thread-2  ]: Opening a new connection, currently in state closed
[0m10:18:15.950351 [debug] [Thread-1  ]: On test.ecommerce_analytics.not_null_stg_orders_order_id.81cfe2fe64: /* {"app": "dbt", "dbt_version": "1.7.0", "profile_name": "ecommerce_analytics", "target_name": "dev", "node_id": "test.ecommerce_analytics.not_null_stg_orders_order_id.81cfe2fe64"} */
select
      count(*) as failures,
      count(*) != 0 as should_warn,
      count(*) != 0 as should_error
    from (
      
    
    



select order_id
from "airflow"."analytics_staging"."stg_orders"
where order_id is null



      
    ) dbt_internal_test
[0m10:18:15.955960 [debug] [Thread-1  ]: SQL status: SELECT 1 in 0.0 seconds
[0m10:18:15.958240 [debug] [Thread-3  ]: Using postgres connection "test.ecommerce_analytics.unique_stg_customers_customer_id.c7614daada"
[0m10:18:15.962885 [debug] [Thread-1  ]: Timing info for test.ecommerce_analytics.not_null_stg_orders_order_id.81cfe2fe64 (execute): 10:18:15.861334 => 10:18:15.962169
[0m10:18:15.964766 [debug] [Thread-3  ]: On test.ecommerce_analytics.unique_stg_customers_customer_id.c7614daada: BEGIN
[0m10:18:15.966551 [debug] [Thread-4  ]: SQL status: BEGIN in 0.0 seconds
[0m10:18:15.967825 [debug] [Thread-1  ]: On test.ecommerce_analytics.not_null_stg_orders_order_id.81cfe2fe64: ROLLBACK
[0m10:18:15.969515 [debug] [Thread-3  ]: Opening a new connection, currently in state closed
[0m10:18:15.970795 [debug] [Thread-2  ]: SQL status: BEGIN in 0.0 seconds
[0m10:18:15.972439 [debug] [Thread-4  ]: Using postgres connection "test.ecommerce_analytics.not_null_stg_orders_product_id.034adb910e"
[0m10:18:15.974929 [debug] [Thread-1  ]: On test.ecommerce_analytics.not_null_stg_orders_order_id.81cfe2fe64: Close
[0m10:18:15.977109 [debug] [Thread-2  ]: Using postgres connection "test.ecommerce_analytics.not_null_stg_products_product_id.6373b0acf3"
[0m10:18:15.978975 [debug] [Thread-4  ]: On test.ecommerce_analytics.not_null_stg_orders_product_id.034adb910e: /* {"app": "dbt", "dbt_version": "1.7.0", "profile_name": "ecommerce_analytics", "target_name": "dev", "node_id": "test.ecommerce_analytics.not_null_stg_orders_product_id.034adb910e"} */
select
      count(*) as failures,
      count(*) != 0 as should_warn,
      count(*) != 0 as should_error
    from (
      
    
    



select product_id
from "airflow"."analytics_staging"."stg_orders"
where product_id is null



      
    ) dbt_internal_test
[0m10:18:15.982852 [debug] [Thread-2  ]: On test.ecommerce_analytics.not_null_stg_products_product_id.6373b0acf3: /* {"app": "dbt", "dbt_version": "1.7.0", "profile_name": "ecommerce_analytics", "target_name": "dev", "node_id": "test.ecommerce_analytics.not_null_stg_products_product_id.6373b0acf3"} */
select
      count(*) as failures,
      count(*) != 0 as should_warn,
      count(*) != 0 as should_error
    from (
      
    
    



select product_id
from "airflow"."analytics_staging"."stg_products"
where product_id is null



      
    ) dbt_internal_test
[0m10:18:15.981664 [info ] [Thread-1  ]: 5 of 11 PASS not_null_stg_orders_order_id ...................................... [[32mPASS[0m in 0.22s]
[0m10:18:15.986952 [debug] [Thread-1  ]: Finished running node test.ecommerce_analytics.not_null_stg_orders_order_id.81cfe2fe64
[0m10:18:15.988593 [debug] [Thread-2  ]: SQL status: SELECT 1 in 0.0 seconds
[0m10:18:15.990717 [debug] [Thread-4  ]: SQL status: SELECT 1 in 0.0 seconds
[0m10:18:15.992281 [debug] [Thread-1  ]: Began running node test.ecommerce_analytics.unique_stg_customers_email.1ebcb2333e
[0m10:18:15.996787 [debug] [Thread-2  ]: Timing info for test.ecommerce_analytics.not_null_stg_products_product_id.6373b0acf3 (execute): 10:18:15.907565 => 10:18:15.996148
[0m10:18:15.997973 [debug] [Thread-3  ]: SQL status: BEGIN in 0.0 seconds
[0m10:18:16.001204 [debug] [Thread-4  ]: Timing info for test.ecommerce_analytics.not_null_stg_orders_product_id.034adb910e (execute): 10:18:15.894890 => 10:18:16.000636
[0m10:18:16.002850 [info ] [Thread-1  ]: 9 of 11 START test unique_stg_customers_email .................................. [RUN]
[0m10:18:16.004309 [debug] [Thread-2  ]: On test.ecommerce_analytics.not_null_stg_products_product_id.6373b0acf3: ROLLBACK
[0m10:18:16.007139 [debug] [Thread-3  ]: Using postgres connection "test.ecommerce_analytics.unique_stg_customers_customer_id.c7614daada"
[0m10:18:16.008899 [debug] [Thread-4  ]: On test.ecommerce_analytics.not_null_stg_orders_product_id.034adb910e: ROLLBACK
[0m10:18:16.011009 [debug] [Thread-1  ]: Re-using an available connection from the pool (formerly test.ecommerce_analytics.not_null_stg_orders_order_id.81cfe2fe64, now test.ecommerce_analytics.unique_stg_customers_email.1ebcb2333e)
[0m10:18:16.012896 [debug] [Thread-2  ]: On test.ecommerce_analytics.not_null_stg_products_product_id.6373b0acf3: Close
[0m10:18:16.014018 [debug] [Thread-3  ]: On test.ecommerce_analytics.unique_stg_customers_customer_id.c7614daada: /* {"app": "dbt", "dbt_version": "1.7.0", "profile_name": "ecommerce_analytics", "target_name": "dev", "node_id": "test.ecommerce_analytics.unique_stg_customers_customer_id.c7614daada"} */
select
      count(*) as failures,
      count(*) != 0 as should_warn,
      count(*) != 0 as should_error
    from (
      
    
    

select
    customer_id as unique_field,
    count(*) as n_records

from "airflow"."analytics_staging"."stg_customers"
where customer_id is not null
group by customer_id
having count(*) > 1



      
    ) dbt_internal_test
[0m10:18:16.015955 [debug] [Thread-4  ]: On test.ecommerce_analytics.not_null_stg_orders_product_id.034adb910e: Close
[0m10:18:16.017018 [debug] [Thread-1  ]: Began compiling node test.ecommerce_analytics.unique_stg_customers_email.1ebcb2333e
[0m10:18:16.019486 [info ] [Thread-2  ]: 7 of 11 PASS not_null_stg_products_product_id .................................. [[32mPASS[0m in 0.20s]
[0m10:18:16.034116 [debug] [Thread-1  ]: Writing injected SQL for node "test.ecommerce_analytics.unique_stg_customers_email.1ebcb2333e"
[0m10:18:16.023917 [info ] [Thread-4  ]: 6 of 11 PASS not_null_stg_orders_product_id .................................... [[32mPASS[0m in 0.23s]
[0m10:18:16.035815 [debug] [Thread-3  ]: SQL status: SELECT 1 in 0.0 seconds
[0m10:18:16.037324 [debug] [Thread-2  ]: Finished running node test.ecommerce_analytics.not_null_stg_products_product_id.6373b0acf3
[0m10:18:16.041291 [debug] [Thread-4  ]: Finished running node test.ecommerce_analytics.not_null_stg_orders_product_id.034adb910e
[0m10:18:16.045352 [debug] [Thread-3  ]: Timing info for test.ecommerce_analytics.unique_stg_customers_customer_id.c7614daada (execute): 10:18:15.924610 => 10:18:16.044645
[0m10:18:16.047428 [debug] [Thread-2  ]: Began running node test.ecommerce_analytics.unique_stg_orders_order_id.e3b841c71a
[0m10:18:16.049516 [debug] [Thread-4  ]: Began running node test.ecommerce_analytics.unique_stg_products_product_id.7d950a1467
[0m10:18:16.051409 [debug] [Thread-3  ]: On test.ecommerce_analytics.unique_stg_customers_customer_id.c7614daada: ROLLBACK
[0m10:18:16.053169 [info ] [Thread-2  ]: 10 of 11 START test unique_stg_orders_order_id ................................. [RUN]
[0m10:18:16.055901 [info ] [Thread-4  ]: 11 of 11 START test unique_stg_products_product_id ............................. [RUN]
[0m10:18:16.059109 [debug] [Thread-3  ]: On test.ecommerce_analytics.unique_stg_customers_customer_id.c7614daada: Close
[0m10:18:16.060896 [debug] [Thread-2  ]: Re-using an available connection from the pool (formerly test.ecommerce_analytics.not_null_stg_products_product_id.6373b0acf3, now test.ecommerce_analytics.unique_stg_orders_order_id.e3b841c71a)
[0m10:18:16.062523 [debug] [Thread-1  ]: Timing info for test.ecommerce_analytics.unique_stg_customers_email.1ebcb2333e (compile): 10:18:16.024688 => 10:18:16.061793
[0m10:18:16.064036 [debug] [Thread-4  ]: Re-using an available connection from the pool (formerly test.ecommerce_analytics.not_null_stg_orders_product_id.034adb910e, now test.ecommerce_analytics.unique_stg_products_product_id.7d950a1467)
[0m10:18:16.067866 [debug] [Thread-2  ]: Began compiling node test.ecommerce_analytics.unique_stg_orders_order_id.e3b841c71a
[0m10:18:16.066727 [info ] [Thread-3  ]: 8 of 11 PASS unique_stg_customers_customer_id .................................. [[32mPASS[0m in 0.23s]
[0m10:18:16.069769 [debug] [Thread-1  ]: Began executing node test.ecommerce_analytics.unique_stg_customers_email.1ebcb2333e
[0m10:18:16.072188 [debug] [Thread-4  ]: Began compiling node test.ecommerce_analytics.unique_stg_products_product_id.7d950a1467
[0m10:18:16.085716 [debug] [Thread-3  ]: Finished running node test.ecommerce_analytics.unique_stg_customers_customer_id.c7614daada
[0m10:18:16.087953 [debug] [Thread-2  ]: Writing injected SQL for node "test.ecommerce_analytics.unique_stg_orders_order_id.e3b841c71a"
[0m10:18:16.096035 [debug] [Thread-1  ]: Writing runtime sql for node "test.ecommerce_analytics.unique_stg_customers_email.1ebcb2333e"
[0m10:18:16.106797 [debug] [Thread-4  ]: Writing injected SQL for node "test.ecommerce_analytics.unique_stg_products_product_id.7d950a1467"
[0m10:18:16.119664 [debug] [Thread-2  ]: Timing info for test.ecommerce_analytics.unique_stg_orders_order_id.e3b841c71a (compile): 10:18:16.073863 => 10:18:16.118922
[0m10:18:16.121595 [debug] [Thread-2  ]: Began executing node test.ecommerce_analytics.unique_stg_orders_order_id.e3b841c71a
[0m10:18:16.123850 [debug] [Thread-4  ]: Timing info for test.ecommerce_analytics.unique_stg_products_product_id.7d950a1467 (compile): 10:18:16.096831 => 10:18:16.122793
[0m10:18:16.131516 [debug] [Thread-2  ]: Writing runtime sql for node "test.ecommerce_analytics.unique_stg_orders_order_id.e3b841c71a"
[0m10:18:16.133117 [debug] [Thread-1  ]: Using postgres connection "test.ecommerce_analytics.unique_stg_customers_email.1ebcb2333e"
[0m10:18:16.134392 [debug] [Thread-4  ]: Began executing node test.ecommerce_analytics.unique_stg_products_product_id.7d950a1467
[0m10:18:16.136890 [debug] [Thread-1  ]: On test.ecommerce_analytics.unique_stg_customers_email.1ebcb2333e: BEGIN
[0m10:18:16.146768 [debug] [Thread-4  ]: Writing runtime sql for node "test.ecommerce_analytics.unique_stg_products_product_id.7d950a1467"
[0m10:18:16.148805 [debug] [Thread-1  ]: Opening a new connection, currently in state closed
[0m10:18:16.161648 [debug] [Thread-2  ]: Using postgres connection "test.ecommerce_analytics.unique_stg_orders_order_id.e3b841c71a"
[0m10:18:16.165317 [debug] [Thread-2  ]: On test.ecommerce_analytics.unique_stg_orders_order_id.e3b841c71a: BEGIN
[0m10:18:16.168120 [debug] [Thread-2  ]: Opening a new connection, currently in state closed
[0m10:18:16.170115 [debug] [Thread-4  ]: Using postgres connection "test.ecommerce_analytics.unique_stg_products_product_id.7d950a1467"
[0m10:18:16.174385 [debug] [Thread-4  ]: On test.ecommerce_analytics.unique_stg_products_product_id.7d950a1467: BEGIN
[0m10:18:16.177336 [debug] [Thread-1  ]: SQL status: BEGIN in 0.0 seconds
[0m10:18:16.179009 [debug] [Thread-4  ]: Opening a new connection, currently in state closed
[0m10:18:16.180803 [debug] [Thread-1  ]: Using postgres connection "test.ecommerce_analytics.unique_stg_customers_email.1ebcb2333e"
[0m10:18:16.183934 [debug] [Thread-1  ]: On test.ecommerce_analytics.unique_stg_customers_email.1ebcb2333e: /* {"app": "dbt", "dbt_version": "1.7.0", "profile_name": "ecommerce_analytics", "target_name": "dev", "node_id": "test.ecommerce_analytics.unique_stg_customers_email.1ebcb2333e"} */
select
      count(*) as failures,
      count(*) != 0 as should_warn,
      count(*) != 0 as should_error
    from (
      
    
    

select
    email as unique_field,
    count(*) as n_records

from "airflow"."analytics_staging"."stg_customers"
where email is not null
group by email
having count(*) > 1



      
    ) dbt_internal_test
[0m10:18:16.190068 [debug] [Thread-1  ]: SQL status: SELECT 1 in 0.0 seconds
[0m10:18:16.195763 [debug] [Thread-1  ]: Timing info for test.ecommerce_analytics.unique_stg_customers_email.1ebcb2333e (execute): 10:18:16.090212 => 10:18:16.195091
[0m10:18:16.197356 [debug] [Thread-2  ]: SQL status: BEGIN in 0.0 seconds
[0m10:18:16.199367 [debug] [Thread-1  ]: On test.ecommerce_analytics.unique_stg_customers_email.1ebcb2333e: ROLLBACK
[0m10:18:16.201457 [debug] [Thread-2  ]: Using postgres connection "test.ecommerce_analytics.unique_stg_orders_order_id.e3b841c71a"
[0m10:18:16.203556 [debug] [Thread-4  ]: SQL status: BEGIN in 0.0 seconds
[0m10:18:16.206302 [debug] [Thread-1  ]: On test.ecommerce_analytics.unique_stg_customers_email.1ebcb2333e: Close
[0m10:18:16.208112 [debug] [Thread-2  ]: On test.ecommerce_analytics.unique_stg_orders_order_id.e3b841c71a: /* {"app": "dbt", "dbt_version": "1.7.0", "profile_name": "ecommerce_analytics", "target_name": "dev", "node_id": "test.ecommerce_analytics.unique_stg_orders_order_id.e3b841c71a"} */
select
      count(*) as failures,
      count(*) != 0 as should_warn,
      count(*) != 0 as should_error
    from (
      
    
    

select
    order_id as unique_field,
    count(*) as n_records

from "airflow"."analytics_staging"."stg_orders"
where order_id is not null
group by order_id
having count(*) > 1



      
    ) dbt_internal_test
[0m10:18:16.210371 [debug] [Thread-4  ]: Using postgres connection "test.ecommerce_analytics.unique_stg_products_product_id.7d950a1467"
[0m10:18:16.213882 [info ] [Thread-1  ]: 9 of 11 PASS unique_stg_customers_email ........................................ [[32mPASS[0m in 0.20s]
[0m10:18:16.217187 [debug] [Thread-4  ]: On test.ecommerce_analytics.unique_stg_products_product_id.7d950a1467: /* {"app": "dbt", "dbt_version": "1.7.0", "profile_name": "ecommerce_analytics", "target_name": "dev", "node_id": "test.ecommerce_analytics.unique_stg_products_product_id.7d950a1467"} */
select
      count(*) as failures,
      count(*) != 0 as should_warn,
      count(*) != 0 as should_error
    from (
      
    
    

select
    product_id as unique_field,
    count(*) as n_records

from "airflow"."analytics_staging"."stg_products"
where product_id is not null
group by product_id
having count(*) > 1



      
    ) dbt_internal_test
[0m10:18:16.219233 [debug] [Thread-2  ]: SQL status: SELECT 1 in 0.0 seconds
[0m10:18:16.222001 [debug] [Thread-1  ]: Finished running node test.ecommerce_analytics.unique_stg_customers_email.1ebcb2333e
[0m10:18:16.228955 [debug] [Thread-2  ]: Timing info for test.ecommerce_analytics.unique_stg_orders_order_id.e3b841c71a (execute): 10:18:16.124762 => 10:18:16.228242
[0m10:18:16.230300 [debug] [Thread-4  ]: SQL status: SELECT 1 in 0.0 seconds
[0m10:18:16.232284 [debug] [Thread-2  ]: On test.ecommerce_analytics.unique_stg_orders_order_id.e3b841c71a: ROLLBACK
[0m10:18:16.236733 [debug] [Thread-4  ]: Timing info for test.ecommerce_analytics.unique_stg_products_product_id.7d950a1467 (execute): 10:18:16.139074 => 10:18:16.235745
[0m10:18:16.241418 [debug] [Thread-2  ]: On test.ecommerce_analytics.unique_stg_orders_order_id.e3b841c71a: Close
[0m10:18:16.243284 [debug] [Thread-4  ]: On test.ecommerce_analytics.unique_stg_products_product_id.7d950a1467: ROLLBACK
[0m10:18:16.247033 [info ] [Thread-2  ]: 10 of 11 PASS unique_stg_orders_order_id ....................................... [[32mPASS[0m in 0.19s]
[0m10:18:16.250833 [debug] [Thread-4  ]: On test.ecommerce_analytics.unique_stg_products_product_id.7d950a1467: Close
[0m10:18:16.252464 [debug] [Thread-2  ]: Finished running node test.ecommerce_analytics.unique_stg_orders_order_id.e3b841c71a
[0m10:18:16.256058 [info ] [Thread-4  ]: 11 of 11 PASS unique_stg_products_product_id ................................... [[32mPASS[0m in 0.19s]
[0m10:18:16.259497 [debug] [Thread-4  ]: Finished running node test.ecommerce_analytics.unique_stg_products_product_id.7d950a1467
[0m10:18:16.264360 [debug] [MainThread]: Using postgres connection "master"
[0m10:18:16.265779 [debug] [MainThread]: On master: BEGIN
[0m10:18:16.267199 [debug] [MainThread]: Opening a new connection, currently in state closed
[0m10:18:16.283217 [debug] [MainThread]: SQL status: BEGIN in 0.0 seconds
[0m10:18:16.284645 [debug] [MainThread]: On master: COMMIT
[0m10:18:16.286009 [debug] [MainThread]: Using postgres connection "master"
[0m10:18:16.287383 [debug] [MainThread]: On master: COMMIT
[0m10:18:16.290313 [debug] [MainThread]: SQL status: COMMIT in 0.0 seconds
[0m10:18:16.292125 [debug] [MainThread]: On master: Close
[0m10:18:16.294069 [debug] [MainThread]: Connection 'master' was properly closed.
[0m10:18:16.295418 [debug] [MainThread]: Connection 'test.ecommerce_analytics.unique_stg_customers_email.1ebcb2333e' was properly closed.
[0m10:18:16.296967 [debug] [MainThread]: Connection 'test.ecommerce_analytics.unique_stg_orders_order_id.e3b841c71a' was properly closed.
[0m10:18:16.298602 [debug] [MainThread]: Connection 'test.ecommerce_analytics.unique_stg_products_product_id.7d950a1467' was properly closed.
[0m10:18:16.299698 [debug] [MainThread]: Connection 'test.ecommerce_analytics.unique_stg_customers_customer_id.c7614daada' was properly closed.
[0m10:18:16.300985 [info ] [MainThread]: 
[0m10:18:16.302493 [info ] [MainThread]: Finished running 11 tests in 0 hours 0 minutes and 1.32 seconds (1.32s).
[0m10:18:16.307773 [debug] [MainThread]: Command end result
[0m10:18:16.349884 [info ] [MainThread]: 
[0m10:18:16.351601 [info ] [MainThread]: [32mCompleted successfully[0m
[0m10:18:16.353041 [info ] [MainThread]: 
[0m10:18:16.354785 [info ] [MainThread]: Done. PASS=11 WARN=0 ERROR=0 SKIP=0 TOTAL=11
[0m10:18:16.358681 [debug] [MainThread]: Resource report: {"command_name": "test", "command_success": true, "command_wall_clock_time": 2.7550933, "process_user_time": 6.769979, "process_kernel_time": 0.548809, "process_mem_max_rss": "124256", "process_in_blocks": "0", "process_out_blocks": "0"}
[0m10:18:16.360479 [debug] [MainThread]: Command `dbt test` succeeded at 10:18:16.360042 after 2.76 seconds
[0m10:18:16.361906 [debug] [MainThread]: Sending event: {'category': 'dbt', 'action': 'invocation', 'label': 'end', 'context': [<snowplow_tracker.self_describing_json.SelfDescribingJson object at 0x754144131130>, <snowplow_tracker.self_describing_json.SelfDescribingJson object at 0x7541415b71f0>, <snowplow_tracker.self_describing_json.SelfDescribingJson object at 0x754141fccd60>]}
[0m10:18:16.363686 [debug] [MainThread]: Flushing usage events
[0m10:18:16.855245 [debug] [MainThread]: Sending event: {'category': 'dbt', 'action': 'invocation', 'label': 'start', 'context': [<snowplow_tracker.self_describing_json.SelfDescribingJson object at 0x79b5146130d0>, <snowplow_tracker.self_describing_json.SelfDescribingJson object at 0x79b512546b50>, <snowplow_tracker.self_describing_json.SelfDescribingJson object at 0x79b512546040>]}


============================== 10:18:16.865858 | 34d3e441-a8f2-4058-a071-682bd29efe18 ==============================
[0m10:18:16.865858 [info ] [MainThread]: Running with dbt=1.7.0
[0m10:18:16.867264 [debug] [MainThread]: running dbt with arguments {'printer_width': '80', 'indirect_selection': 'eager', 'log_cache_events': 'False', 'write_json': 'True', 'partial_parse': 'True', 'cache_selected_only': 'False', 'profiles_dir': '.', 'version_check': 'True', 'fail_fast': 'False', 'log_path': '/opt/airflow/dbt_project/logs', 'debug': 'False', 'warn_error': 'None', 'use_colors': 'True', 'use_experimental_parser': 'False', 'no_print': 'None', 'quiet': 'False', 'log_format': 'default', 'invocation_command': 'dbt run --select marts --profiles-dir .', 'warn_error_options': 'WarnErrorOptions(include=[], exclude=[])', 'static_parser': 'True', 'target_path': 'None', 'introspect': 'True', 'send_anonymous_usage_stats': 'True'}
[0m10:18:17.257859 [debug] [MainThread]: Sending event: {'category': 'dbt', 'action': 'project_id', 'label': '34d3e441-a8f2-4058-a071-682bd29efe18', 'context': [<snowplow_tracker.self_describing_json.SelfDescribingJson object at 0x79b514e34dc0>]}
[0m10:18:17.433548 [debug] [MainThread]: Sending event: {'category': 'dbt', 'action': 'adapter_info', 'label': '34d3e441-a8f2-4058-a071-682bd29efe18', 'context': [<snowplow_tracker.self_describing_json.SelfDescribingJson object at 0x79b511713070>]}
[0m10:18:17.435553 [info ] [MainThread]: Registered adapter: postgres=1.7.0
[0m10:18:17.464367 [debug] [MainThread]: checksum: 8434eacd4ffdf0ca3ab22bf0e2d55b45306c9599613e842b959405abc489e606, vars: {}, profile: , target: , version: 1.7.0
[0m10:18:17.837921 [debug] [MainThread]: Partial parsing enabled: 0 files deleted, 0 files added, 0 files changed.
[0m10:18:17.840256 [debug] [MainThread]: Partial parsing enabled, no changes found, skipping parsing
[0m10:18:17.851801 [debug] [MainThread]: Sending event: {'category': 'dbt', 'action': 'load_project', 'label': '34d3e441-a8f2-4058-a071-682bd29efe18', 'context': [<snowplow_tracker.self_describing_json.SelfDescribingJson object at 0x79b5112b3ee0>]}
[0m10:18:17.919936 [debug] [MainThread]: Sending event: {'category': 'dbt', 'action': 'resource_counts', 'label': '34d3e441-a8f2-4058-a071-682bd29efe18', 'context': [<snowplow_tracker.self_describing_json.SelfDescribingJson object at 0x79b51136cc10>]}
[0m10:18:17.921838 [info ] [MainThread]: Found 6 models, 17 tests, 0 sources, 0 exposures, 0 metrics, 401 macros, 0 groups, 0 semantic models
[0m10:18:17.923532 [debug] [MainThread]: Sending event: {'category': 'dbt', 'action': 'runnable_timing', 'label': '34d3e441-a8f2-4058-a071-682bd29efe18', 'context': [<snowplow_tracker.self_describing_json.SelfDescribingJson object at 0x79b51168d0a0>]}
[0m10:18:17.926662 [info ] [MainThread]: 
[0m10:18:17.928668 [debug] [MainThread]: Acquiring new postgres connection 'master'
[0m10:18:17.931600 [debug] [ThreadPool]: Acquiring new postgres connection 'list_airflow'
[0m10:18:17.956094 [debug] [ThreadPool]: Using postgres connection "list_airflow"
[0m10:18:17.958022 [debug] [ThreadPool]: On list_airflow: /* {"app": "dbt", "dbt_version": "1.7.0", "profile_name": "ecommerce_analytics", "target_name": "dev", "connection_name": "list_airflow"} */

    select distinct nspname from pg_namespace
  
[0m10:18:17.959582 [debug] [ThreadPool]: Opening a new connection, currently in state init
[0m10:18:17.976589 [debug] [ThreadPool]: SQL status: SELECT 7 in 0.0 seconds
[0m10:18:17.979813 [debug] [ThreadPool]: On list_airflow: Close
[0m10:18:17.983166 [debug] [ThreadPool]: Re-using an available connection from the pool (formerly list_airflow, now create_airflow_analytics_analytics)
[0m10:18:17.985404 [debug] [ThreadPool]: Creating schema "database: "airflow"
schema: "analytics_analytics"
"
[0m10:18:17.997093 [debug] [ThreadPool]: Using postgres connection "create_airflow_analytics_analytics"
[0m10:18:17.998875 [debug] [ThreadPool]: On create_airflow_analytics_analytics: BEGIN
[0m10:18:18.000390 [debug] [ThreadPool]: Opening a new connection, currently in state closed
[0m10:18:18.015155 [debug] [ThreadPool]: SQL status: BEGIN in 0.0 seconds
[0m10:18:18.016700 [debug] [ThreadPool]: Using postgres connection "create_airflow_analytics_analytics"
[0m10:18:18.018110 [debug] [ThreadPool]: On create_airflow_analytics_analytics: /* {"app": "dbt", "dbt_version": "1.7.0", "profile_name": "ecommerce_analytics", "target_name": "dev", "connection_name": "create_airflow_analytics_analytics"} */
create schema if not exists "analytics_analytics"
[0m10:18:18.020803 [debug] [ThreadPool]: SQL status: CREATE SCHEMA in 0.0 seconds
[0m10:18:18.023735 [debug] [ThreadPool]: On create_airflow_analytics_analytics: COMMIT
[0m10:18:18.025111 [debug] [ThreadPool]: Using postgres connection "create_airflow_analytics_analytics"
[0m10:18:18.026412 [debug] [ThreadPool]: On create_airflow_analytics_analytics: COMMIT
[0m10:18:18.032618 [debug] [ThreadPool]: SQL status: COMMIT in 0.0 seconds
[0m10:18:18.034473 [debug] [ThreadPool]: On create_airflow_analytics_analytics: Close
[0m10:18:18.040570 [debug] [ThreadPool]: Re-using an available connection from the pool (formerly create_airflow_analytics_analytics, now list_airflow_analytics_analytics)
[0m10:18:18.042771 [debug] [ThreadPool]: Acquiring new postgres connection 'list_airflow_analytics_staging'
[0m10:18:18.063065 [debug] [ThreadPool]: Using postgres connection "list_airflow_analytics_analytics"
[0m10:18:18.068251 [debug] [ThreadPool]: Using postgres connection "list_airflow_analytics_staging"
[0m10:18:18.069240 [debug] [ThreadPool]: On list_airflow_analytics_analytics: BEGIN
[0m10:18:18.071442 [debug] [ThreadPool]: On list_airflow_analytics_staging: BEGIN
[0m10:18:18.073633 [debug] [ThreadPool]: Opening a new connection, currently in state closed
[0m10:18:18.075076 [debug] [ThreadPool]: Opening a new connection, currently in state init
[0m10:18:18.089789 [debug] [ThreadPool]: SQL status: BEGIN in 0.0 seconds
[0m10:18:18.090832 [debug] [ThreadPool]: SQL status: BEGIN in 0.0 seconds
[0m10:18:18.091715 [debug] [ThreadPool]: Using postgres connection "list_airflow_analytics_staging"
[0m10:18:18.093119 [debug] [ThreadPool]: Using postgres connection "list_airflow_analytics_analytics"
[0m10:18:18.094611 [debug] [ThreadPool]: On list_airflow_analytics_staging: /* {"app": "dbt", "dbt_version": "1.7.0", "profile_name": "ecommerce_analytics", "target_name": "dev", "connection_name": "list_airflow_analytics_staging"} */
select
      'airflow' as database,
      tablename as name,
      schemaname as schema,
      'table' as type
    from pg_tables
    where schemaname ilike 'analytics_staging'
    union all
    select
      'airflow' as database,
      viewname as name,
      schemaname as schema,
      'view' as type
    from pg_views
    where schemaname ilike 'analytics_staging'
    union all
    select
      'airflow' as database,
      matviewname as name,
      schemaname as schema,
      'materialized_view' as type
    from pg_matviews
    where schemaname ilike 'analytics_staging'
  
[0m10:18:18.096089 [debug] [ThreadPool]: On list_airflow_analytics_analytics: /* {"app": "dbt", "dbt_version": "1.7.0", "profile_name": "ecommerce_analytics", "target_name": "dev", "connection_name": "list_airflow_analytics_analytics"} */
select
      'airflow' as database,
      tablename as name,
      schemaname as schema,
      'table' as type
    from pg_tables
    where schemaname ilike 'analytics_analytics'
    union all
    select
      'airflow' as database,
      viewname as name,
      schemaname as schema,
      'view' as type
    from pg_views
    where schemaname ilike 'analytics_analytics'
    union all
    select
      'airflow' as database,
      matviewname as name,
      schemaname as schema,
      'materialized_view' as type
    from pg_matviews
    where schemaname ilike 'analytics_analytics'
  
[0m10:18:18.103557 [debug] [ThreadPool]: SQL status: SELECT 0 in 0.0 seconds
[0m10:18:18.105161 [debug] [ThreadPool]: SQL status: SELECT 3 in 0.0 seconds
[0m10:18:18.108077 [debug] [ThreadPool]: On list_airflow_analytics_analytics: ROLLBACK
[0m10:18:18.110970 [debug] [ThreadPool]: On list_airflow_analytics_staging: ROLLBACK
[0m10:18:18.112848 [debug] [ThreadPool]: On list_airflow_analytics_analytics: Close
[0m10:18:18.114187 [debug] [ThreadPool]: On list_airflow_analytics_staging: Close
[0m10:18:18.127755 [debug] [MainThread]: Using postgres connection "master"
[0m10:18:18.129308 [debug] [MainThread]: On master: BEGIN
[0m10:18:18.130730 [debug] [MainThread]: Opening a new connection, currently in state init
[0m10:18:18.144903 [debug] [MainThread]: SQL status: BEGIN in 0.0 seconds
[0m10:18:18.146335 [debug] [MainThread]: Using postgres connection "master"
[0m10:18:18.147801 [debug] [MainThread]: On master: /* {"app": "dbt", "dbt_version": "1.7.0", "profile_name": "ecommerce_analytics", "target_name": "dev", "connection_name": "master"} */
with relation as (
        select
            pg_rewrite.ev_class as class,
            pg_rewrite.oid as id
        from pg_rewrite
    ),
    class as (
        select
            oid as id,
            relname as name,
            relnamespace as schema,
            relkind as kind
        from pg_class
    ),
    dependency as (
        select distinct
            pg_depend.objid as id,
            pg_depend.refobjid as ref
        from pg_depend
    ),
    schema as (
        select
            pg_namespace.oid as id,
            pg_namespace.nspname as name
        from pg_namespace
        where nspname != 'information_schema' and nspname not like 'pg\_%'
    ),
    referenced as (
        select
            relation.id AS id,
            referenced_class.name ,
            referenced_class.schema ,
            referenced_class.kind
        from relation
        join class as referenced_class on relation.class=referenced_class.id
        where referenced_class.kind in ('r', 'v', 'm')
    ),
    relationships as (
        select
            referenced.name as referenced_name,
            referenced.schema as referenced_schema_id,
            dependent_class.name as dependent_name,
            dependent_class.schema as dependent_schema_id,
            referenced.kind as kind
        from referenced
        join dependency on referenced.id=dependency.id
        join class as dependent_class on dependency.ref=dependent_class.id
        where
            (referenced.name != dependent_class.name or
             referenced.schema != dependent_class.schema)
    )

    select
        referenced_schema.name as referenced_schema,
        relationships.referenced_name as referenced_name,
        dependent_schema.name as dependent_schema,
        relationships.dependent_name as dependent_name
    from relationships
    join schema as dependent_schema on relationships.dependent_schema_id=dependent_schema.id
    join schema as referenced_schema on relationships.referenced_schema_id=referenced_schema.id
    group by referenced_schema, referenced_name, dependent_schema, dependent_name
    order by referenced_schema, referenced_name, dependent_schema, dependent_name;
[0m10:18:18.184059 [debug] [MainThread]: SQL status: SELECT 3 in 0.0 seconds
[0m10:18:18.187123 [debug] [MainThread]: Sending event: {'category': 'dbt', 'action': 'runnable_timing', 'label': '34d3e441-a8f2-4058-a071-682bd29efe18', 'context': [<snowplow_tracker.self_describing_json.SelfDescribingJson object at 0x79b5112b3e80>]}
[0m10:18:18.188876 [debug] [MainThread]: On master: ROLLBACK
[0m10:18:18.190723 [debug] [MainThread]: Using postgres connection "master"
[0m10:18:18.192283 [debug] [MainThread]: On master: BEGIN
[0m10:18:18.194301 [debug] [MainThread]: SQL status: BEGIN in 0.0 seconds
[0m10:18:18.195612 [debug] [MainThread]: On master: COMMIT
[0m10:18:18.197055 [debug] [MainThread]: Using postgres connection "master"
[0m10:18:18.198309 [debug] [MainThread]: On master: COMMIT
[0m10:18:18.200128 [debug] [MainThread]: SQL status: COMMIT in 0.0 seconds
[0m10:18:18.201940 [debug] [MainThread]: On master: Close
[0m10:18:18.205649 [info ] [MainThread]: Concurrency: 4 threads (target='dev')
[0m10:18:18.207529 [info ] [MainThread]: 
[0m10:18:18.221412 [debug] [Thread-1  ]: Began running node model.ecommerce_analytics.mart_customer_orders
[0m10:18:18.223066 [debug] [Thread-2  ]: Began running node model.ecommerce_analytics.mart_daily_sales
[0m10:18:18.224207 [debug] [Thread-3  ]: Began running node model.ecommerce_analytics.mart_revenue_by_category
[0m10:18:18.225377 [info ] [Thread-1  ]: 1 of 3 START sql table model analytics_analytics.mart_customer_orders .......... [RUN]
[0m10:18:18.226951 [info ] [Thread-2  ]: 2 of 3 START sql table model analytics_analytics.mart_daily_sales .............. [RUN]
[0m10:18:18.228624 [info ] [Thread-3  ]: 3 of 3 START sql table model analytics_analytics.mart_revenue_by_category ...... [RUN]
[0m10:18:18.230430 [debug] [Thread-1  ]: Re-using an available connection from the pool (formerly list_airflow_analytics_staging, now model.ecommerce_analytics.mart_customer_orders)
[0m10:18:18.232209 [debug] [Thread-2  ]: Re-using an available connection from the pool (formerly list_airflow_analytics_analytics, now model.ecommerce_analytics.mart_daily_sales)
[0m10:18:18.234369 [debug] [Thread-3  ]: Acquiring new postgres connection 'model.ecommerce_analytics.mart_revenue_by_category'
[0m10:18:18.235888 [debug] [Thread-1  ]: Began compiling node model.ecommerce_analytics.mart_customer_orders
[0m10:18:18.237879 [debug] [Thread-2  ]: Began compiling node model.ecommerce_analytics.mart_daily_sales
[0m10:18:18.240036 [debug] [Thread-3  ]: Began compiling node model.ecommerce_analytics.mart_revenue_by_category
[0m10:18:18.259076 [debug] [Thread-2  ]: Writing injected SQL for node "model.ecommerce_analytics.mart_daily_sales"
[0m10:18:18.262885 [debug] [Thread-1  ]: Writing injected SQL for node "model.ecommerce_analytics.mart_customer_orders"
[0m10:18:18.272162 [debug] [Thread-3  ]: Writing injected SQL for node "model.ecommerce_analytics.mart_revenue_by_category"
[0m10:18:18.285156 [debug] [Thread-2  ]: Timing info for model.ecommerce_analytics.mart_daily_sales (compile): 10:18:18.252672 => 10:18:18.284392
[0m10:18:18.287213 [debug] [Thread-2  ]: Began executing node model.ecommerce_analytics.mart_daily_sales
[0m10:18:18.307016 [debug] [Thread-1  ]: Timing info for model.ecommerce_analytics.mart_customer_orders (compile): 10:18:18.241609 => 10:18:18.306392
[0m10:18:18.319007 [debug] [Thread-1  ]: Began executing node model.ecommerce_analytics.mart_customer_orders
[0m10:18:18.331912 [debug] [Thread-3  ]: Timing info for model.ecommerce_analytics.mart_revenue_by_category (compile): 10:18:18.263577 => 10:18:18.331289
[0m10:18:18.366077 [debug] [Thread-3  ]: Began executing node model.ecommerce_analytics.mart_revenue_by_category
[0m10:18:18.415989 [debug] [Thread-2  ]: Writing runtime sql for node "model.ecommerce_analytics.mart_daily_sales"
[0m10:18:18.430927 [debug] [Thread-1  ]: Writing runtime sql for node "model.ecommerce_analytics.mart_customer_orders"
[0m10:18:18.432254 [debug] [Thread-3  ]: Writing runtime sql for node "model.ecommerce_analytics.mart_revenue_by_category"
[0m10:18:18.445855 [debug] [Thread-2  ]: Using postgres connection "model.ecommerce_analytics.mart_daily_sales"
[0m10:18:18.447477 [debug] [Thread-2  ]: On model.ecommerce_analytics.mart_daily_sales: BEGIN
[0m10:18:18.448967 [debug] [Thread-2  ]: Opening a new connection, currently in state closed
[0m10:18:18.450039 [debug] [Thread-1  ]: Using postgres connection "model.ecommerce_analytics.mart_customer_orders"
[0m10:18:18.452114 [debug] [Thread-1  ]: On model.ecommerce_analytics.mart_customer_orders: BEGIN
[0m10:18:18.456390 [debug] [Thread-3  ]: Using postgres connection "model.ecommerce_analytics.mart_revenue_by_category"
[0m10:18:18.458175 [debug] [Thread-1  ]: Opening a new connection, currently in state closed
[0m10:18:18.459628 [debug] [Thread-3  ]: On model.ecommerce_analytics.mart_revenue_by_category: BEGIN
[0m10:18:18.461642 [debug] [Thread-3  ]: Opening a new connection, currently in state init
[0m10:18:18.465214 [debug] [Thread-2  ]: SQL status: BEGIN in 0.0 seconds
[0m10:18:18.466708 [debug] [Thread-2  ]: Using postgres connection "model.ecommerce_analytics.mart_daily_sales"
[0m10:18:18.468129 [debug] [Thread-2  ]: On model.ecommerce_analytics.mart_daily_sales: /* {"app": "dbt", "dbt_version": "1.7.0", "profile_name": "ecommerce_analytics", "target_name": "dev", "node_id": "model.ecommerce_analytics.mart_daily_sales"} */

  
    

  create  table "airflow"."analytics_analytics"."mart_daily_sales__dbt_tmp"
  
  
    as
  
  (
    -- Mart: Daily Sales Summary
-- Aggregates orders by date for trend analysis

with orders as (
    select * from "airflow"."analytics_staging"."stg_orders"
),

daily_sales as (
    select
        order_date,
        count(distinct order_id)             as total_orders,
        count(distinct customer_id)          as unique_customers,
        sum(total_amount)                    as daily_revenue,
        avg(total_amount)                    as avg_order_value,
        sum(quantity)                        as total_units_sold,
        sum(case when status = 'completed'
            then total_amount else 0 end)    as completed_revenue,
        sum(case when status = 'cancelled'
            then 1 else 0 end)               as cancelled_orders,
        sum(case when status = 'pending'
            then 1 else 0 end)               as pending_orders
    from orders
    group by order_date
)

select * from daily_sales
order by order_date
  );
  
[0m10:18:18.473489 [debug] [Thread-1  ]: SQL status: BEGIN in 0.0 seconds
[0m10:18:18.475063 [debug] [Thread-1  ]: Using postgres connection "model.ecommerce_analytics.mart_customer_orders"
[0m10:18:18.476190 [debug] [Thread-3  ]: SQL status: BEGIN in 0.0 seconds
[0m10:18:18.477149 [debug] [Thread-2  ]: SQL status: SELECT 12 in 0.0 seconds
[0m10:18:18.478070 [debug] [Thread-1  ]: On model.ecommerce_analytics.mart_customer_orders: /* {"app": "dbt", "dbt_version": "1.7.0", "profile_name": "ecommerce_analytics", "target_name": "dev", "node_id": "model.ecommerce_analytics.mart_customer_orders"} */

  
    

  create  table "airflow"."analytics_analytics"."mart_customer_orders__dbt_tmp"
  
  
    as
  
  (
    -- Mart: Customer Orders Summary
-- Joins orders with customers to give a full picture per customer

with orders as (
    select * from "airflow"."analytics_staging"."stg_orders"
),

customers as (
    select * from "airflow"."analytics_staging"."stg_customers"
),

customer_order_summary as (
    select
        c.customer_id,
        c.customer_name,
        c.email,
        c.city,
        c.state,
        c.segment,
        count(o.order_id)                    as total_orders,
        sum(o.total_amount)                  as total_revenue,
        avg(o.total_amount)                  as avg_order_value,
        min(o.order_date)                    as first_order_date,
        max(o.order_date)                    as last_order_date,
        sum(case when o.status = 'completed'
            then o.total_amount else 0 end)  as completed_revenue,
        sum(case when o.status = 'cancelled'
            then 1 else 0 end)               as cancelled_orders
    from customers c
    left join orders o on c.customer_id = o.customer_id
    group by
        c.customer_id, c.customer_name, c.email,
        c.city, c.state, c.segment
)

select * from customer_order_summary
  );
  
[0m10:18:18.479678 [debug] [Thread-3  ]: Using postgres connection "model.ecommerce_analytics.mart_revenue_by_category"
[0m10:18:18.493714 [debug] [Thread-2  ]: Using postgres connection "model.ecommerce_analytics.mart_daily_sales"
[0m10:18:18.494906 [debug] [Thread-3  ]: On model.ecommerce_analytics.mart_revenue_by_category: /* {"app": "dbt", "dbt_version": "1.7.0", "profile_name": "ecommerce_analytics", "target_name": "dev", "node_id": "model.ecommerce_analytics.mart_revenue_by_category"} */

  
    

  create  table "airflow"."analytics_analytics"."mart_revenue_by_category__dbt_tmp"
  
  
    as
  
  (
    -- Mart: Revenue by Product Category
-- Joins orders with products to analyze revenue by category

with orders as (
    select * from "airflow"."analytics_staging"."stg_orders"
),

products as (
    select * from "airflow"."analytics_staging"."stg_products"
),

category_revenue as (
    select
        p.category,
        p.brand,
        count(distinct o.order_id)           as total_orders,
        sum(o.quantity)                      as total_units_sold,
        sum(o.total_amount)                  as total_revenue,
        avg(o.total_amount)                  as avg_order_value,
        sum(o.quantity * p.cost_price)       as total_cost,
        sum(o.total_amount) -
            sum(o.quantity * p.cost_price)   as total_profit,
        avg(p.profit_margin_pct)             as avg_profit_margin
    from orders o
    left join products p on o.product_id = p.product_id
    where o.status = 'completed'
    group by p.category, p.brand
)

select * from category_revenue
  );
  
[0m10:18:18.496596 [debug] [Thread-2  ]: On model.ecommerce_analytics.mart_daily_sales: /* {"app": "dbt", "dbt_version": "1.7.0", "profile_name": "ecommerce_analytics", "target_name": "dev", "node_id": "model.ecommerce_analytics.mart_daily_sales"} */
alter table "airflow"."analytics_analytics"."mart_daily_sales__dbt_tmp" rename to "mart_daily_sales"
[0m10:18:18.499487 [debug] [Thread-2  ]: SQL status: ALTER TABLE in 0.0 seconds
[0m10:18:18.507208 [debug] [Thread-1  ]: SQL status: SELECT 7 in 0.0 seconds
[0m10:18:18.513682 [debug] [Thread-3  ]: SQL status: SELECT 4 in 0.0 seconds
[0m10:18:18.534996 [debug] [Thread-1  ]: Using postgres connection "model.ecommerce_analytics.mart_customer_orders"
[0m10:18:18.552763 [debug] [Thread-2  ]: On model.ecommerce_analytics.mart_daily_sales: COMMIT
[0m10:18:18.556039 [debug] [Thread-3  ]: Using postgres connection "model.ecommerce_analytics.mart_revenue_by_category"
[0m10:18:18.557132 [debug] [Thread-1  ]: On model.ecommerce_analytics.mart_customer_orders: /* {"app": "dbt", "dbt_version": "1.7.0", "profile_name": "ecommerce_analytics", "target_name": "dev", "node_id": "model.ecommerce_analytics.mart_customer_orders"} */
alter table "airflow"."analytics_analytics"."mart_customer_orders__dbt_tmp" rename to "mart_customer_orders"
[0m10:18:18.558560 [debug] [Thread-2  ]: Using postgres connection "model.ecommerce_analytics.mart_daily_sales"
[0m10:18:18.559964 [debug] [Thread-3  ]: On model.ecommerce_analytics.mart_revenue_by_category: /* {"app": "dbt", "dbt_version": "1.7.0", "profile_name": "ecommerce_analytics", "target_name": "dev", "node_id": "model.ecommerce_analytics.mart_revenue_by_category"} */
alter table "airflow"."analytics_analytics"."mart_revenue_by_category__dbt_tmp" rename to "mart_revenue_by_category"
[0m10:18:18.561953 [debug] [Thread-2  ]: On model.ecommerce_analytics.mart_daily_sales: COMMIT
[0m10:18:18.562932 [debug] [Thread-1  ]: SQL status: ALTER TABLE in 0.0 seconds
[0m10:18:18.565243 [debug] [Thread-3  ]: SQL status: ALTER TABLE in 0.0 seconds
[0m10:18:18.569116 [debug] [Thread-1  ]: On model.ecommerce_analytics.mart_customer_orders: COMMIT
[0m10:18:18.570656 [debug] [Thread-2  ]: SQL status: COMMIT in 0.0 seconds
[0m10:18:18.575493 [debug] [Thread-3  ]: On model.ecommerce_analytics.mart_revenue_by_category: COMMIT
[0m10:18:18.577183 [debug] [Thread-1  ]: Using postgres connection "model.ecommerce_analytics.mart_customer_orders"
[0m10:18:18.589622 [debug] [Thread-3  ]: Using postgres connection "model.ecommerce_analytics.mart_revenue_by_category"
[0m10:18:18.592811 [debug] [Thread-2  ]: Applying DROP to: "airflow"."analytics_analytics"."mart_daily_sales__dbt_backup"
[0m10:18:18.594379 [debug] [Thread-1  ]: On model.ecommerce_analytics.mart_customer_orders: COMMIT
[0m10:18:18.595681 [debug] [Thread-3  ]: On model.ecommerce_analytics.mart_revenue_by_category: COMMIT
[0m10:18:18.606941 [debug] [Thread-2  ]: Using postgres connection "model.ecommerce_analytics.mart_daily_sales"
[0m10:18:18.609305 [debug] [Thread-2  ]: On model.ecommerce_analytics.mart_daily_sales: /* {"app": "dbt", "dbt_version": "1.7.0", "profile_name": "ecommerce_analytics", "target_name": "dev", "node_id": "model.ecommerce_analytics.mart_daily_sales"} */
drop table if exists "airflow"."analytics_analytics"."mart_daily_sales__dbt_backup" cascade
[0m10:18:18.610486 [debug] [Thread-1  ]: SQL status: COMMIT in 0.0 seconds
[0m10:18:18.611671 [debug] [Thread-3  ]: SQL status: COMMIT in 0.0 seconds
[0m10:18:18.612744 [debug] [Thread-2  ]: SQL status: DROP TABLE in 0.0 seconds
[0m10:18:18.619190 [debug] [Thread-1  ]: Applying DROP to: "airflow"."analytics_analytics"."mart_customer_orders__dbt_backup"
[0m10:18:18.625669 [debug] [Thread-3  ]: Applying DROP to: "airflow"."analytics_analytics"."mart_revenue_by_category__dbt_backup"
[0m10:18:18.628964 [debug] [Thread-2  ]: Timing info for model.ecommerce_analytics.mart_daily_sales (execute): 10:18:18.289382 => 10:18:18.628511
[0m10:18:18.631446 [debug] [Thread-1  ]: Using postgres connection "model.ecommerce_analytics.mart_customer_orders"
[0m10:18:18.633806 [debug] [Thread-3  ]: Using postgres connection "model.ecommerce_analytics.mart_revenue_by_category"
[0m10:18:18.635292 [debug] [Thread-2  ]: On model.ecommerce_analytics.mart_daily_sales: Close
[0m10:18:18.637350 [debug] [Thread-1  ]: On model.ecommerce_analytics.mart_customer_orders: /* {"app": "dbt", "dbt_version": "1.7.0", "profile_name": "ecommerce_analytics", "target_name": "dev", "node_id": "model.ecommerce_analytics.mart_customer_orders"} */
drop table if exists "airflow"."analytics_analytics"."mart_customer_orders__dbt_backup" cascade
[0m10:18:18.639693 [debug] [Thread-3  ]: On model.ecommerce_analytics.mart_revenue_by_category: /* {"app": "dbt", "dbt_version": "1.7.0", "profile_name": "ecommerce_analytics", "target_name": "dev", "node_id": "model.ecommerce_analytics.mart_revenue_by_category"} */
drop table if exists "airflow"."analytics_analytics"."mart_revenue_by_category__dbt_backup" cascade
[0m10:18:18.642070 [debug] [Thread-2  ]: Sending event: {'category': 'dbt', 'action': 'run_model', 'label': '34d3e441-a8f2-4058-a071-682bd29efe18', 'context': [<snowplow_tracker.self_describing_json.SelfDescribingJson object at 0x79b510bbfdf0>]}
[0m10:18:18.645178 [debug] [Thread-1  ]: SQL status: DROP TABLE in 0.0 seconds
[0m10:18:18.646776 [debug] [Thread-3  ]: SQL status: DROP TABLE in 0.0 seconds
[0m10:18:18.648201 [info ] [Thread-2  ]: 2 of 3 OK created sql table model analytics_analytics.mart_daily_sales ......... [[32mSELECT 12[0m in 0.41s]
[0m10:18:18.651826 [debug] [Thread-1  ]: Timing info for model.ecommerce_analytics.mart_customer_orders (execute): 10:18:18.332562 => 10:18:18.651340
[0m10:18:18.656218 [debug] [Thread-3  ]: Timing info for model.ecommerce_analytics.mart_revenue_by_category (execute): 10:18:18.377651 => 10:18:18.655726
[0m10:18:18.658615 [debug] [Thread-2  ]: Finished running node model.ecommerce_analytics.mart_daily_sales
[0m10:18:18.660219 [debug] [Thread-1  ]: On model.ecommerce_analytics.mart_customer_orders: Close
[0m10:18:18.661727 [debug] [Thread-3  ]: On model.ecommerce_analytics.mart_revenue_by_category: Close
[0m10:18:18.664966 [debug] [Thread-1  ]: Sending event: {'category': 'dbt', 'action': 'run_model', 'label': '34d3e441-a8f2-4058-a071-682bd29efe18', 'context': [<snowplow_tracker.self_describing_json.SelfDescribingJson object at 0x79b510b8fe50>]}
[0m10:18:18.667286 [debug] [Thread-3  ]: Sending event: {'category': 'dbt', 'action': 'run_model', 'label': '34d3e441-a8f2-4058-a071-682bd29efe18', 'context': [<snowplow_tracker.self_describing_json.SelfDescribingJson object at 0x79b510b8fd00>]}
[0m10:18:18.668776 [info ] [Thread-1  ]: 1 of 3 OK created sql table model analytics_analytics.mart_customer_orders ..... [[32mSELECT 7[0m in 0.43s]
[0m10:18:18.672085 [info ] [Thread-3  ]: 3 of 3 OK created sql table model analytics_analytics.mart_revenue_by_category . [[32mSELECT 4[0m in 0.43s]
[0m10:18:18.674471 [debug] [Thread-1  ]: Finished running node model.ecommerce_analytics.mart_customer_orders
[0m10:18:18.676654 [debug] [Thread-3  ]: Finished running node model.ecommerce_analytics.mart_revenue_by_category
[0m10:18:18.681600 [debug] [MainThread]: Using postgres connection "master"
[0m10:18:18.683072 [debug] [MainThread]: On master: BEGIN
[0m10:18:18.684299 [debug] [MainThread]: Opening a new connection, currently in state closed
[0m10:18:18.698713 [debug] [MainThread]: SQL status: BEGIN in 0.0 seconds
[0m10:18:18.700385 [debug] [MainThread]: On master: COMMIT
[0m10:18:18.701673 [debug] [MainThread]: Using postgres connection "master"
[0m10:18:18.703192 [debug] [MainThread]: On master: COMMIT
[0m10:18:18.705699 [debug] [MainThread]: SQL status: COMMIT in 0.0 seconds
[0m10:18:18.707362 [debug] [MainThread]: On master: Close
[0m10:18:18.709294 [debug] [MainThread]: Connection 'master' was properly closed.
[0m10:18:18.710564 [debug] [MainThread]: Connection 'model.ecommerce_analytics.mart_daily_sales' was properly closed.
[0m10:18:18.711888 [debug] [MainThread]: Connection 'model.ecommerce_analytics.mart_customer_orders' was properly closed.
[0m10:18:18.713166 [debug] [MainThread]: Connection 'model.ecommerce_analytics.mart_revenue_by_category' was properly closed.
[0m10:18:18.714610 [info ] [MainThread]: 
[0m10:18:18.716027 [info ] [MainThread]: Finished running 3 table models in 0 hours 0 minutes and 0.79 seconds (0.79s).
[0m10:18:18.718464 [debug] [MainThread]: Command end result
[0m10:18:18.765958 [info ] [MainThread]: 
[0m10:18:18.767732 [info ] [MainThread]: [32mCompleted successfully[0m
[0m10:18:18.769164 [info ] [MainThread]: 
[0m10:18:18.771895 [info ] [MainThread]: Done. PASS=3 WARN=0 ERROR=0 SKIP=0 TOTAL=3
[0m10:18:18.775046 [debug] [MainThread]: Resource report: {"command_name": "run", "command_success": true, "command_wall_clock_time": 2.0229764, "process_user_time": 6.326131, "process_kernel_time": 0.440148, "process_mem_max_rss": "123816", "process_in_blocks": "0", "process_out_blocks": "0"}
[0m10:18:18.776807 [debug] [MainThread]: Command `dbt run` succeeded at 10:18:18.776422 after 2.02 seconds
[0m10:18:18.778229 [debug] [MainThread]: Sending event: {'category': 'dbt', 'action': 'invocation', 'label': 'end', 'context': [<snowplow_tracker.self_describing_json.SelfDescribingJson object at 0x79b5146130d0>, <snowplow_tracker.self_describing_json.SelfDescribingJson object at 0x79b51303fac0>, <snowplow_tracker.self_describing_json.SelfDescribingJson object at 0x79b511713070>]}
[0m10:18:18.779743 [debug] [MainThread]: Flushing usage events
[0m10:18:24.277763 [debug] [MainThread]: Sending event: {'category': 'dbt', 'action': 'invocation', 'label': 'start', 'context': [<snowplow_tracker.self_describing_json.SelfDescribingJson object at 0x746fbe8d93d0>, <snowplow_tracker.self_describing_json.SelfDescribingJson object at 0x746fbc791fd0>, <snowplow_tracker.self_describing_json.SelfDescribingJson object at 0x746fbc791610>]}


============================== 10:18:24.290299 | 531f8225-bb93-4cc5-8725-64ff34051276 ==============================
[0m10:18:24.290299 [info ] [MainThread]: Running with dbt=1.7.0
[0m10:18:24.292139 [debug] [MainThread]: running dbt with arguments {'printer_width': '80', 'indirect_selection': 'eager', 'log_cache_events': 'False', 'write_json': 'True', 'partial_parse': 'True', 'cache_selected_only': 'False', 'warn_error': 'None', 'fail_fast': 'False', 'version_check': 'True', 'log_path': '/opt/airflow/dbt_project/logs', 'debug': 'False', 'profiles_dir': '.', 'use_colors': 'True', 'use_experimental_parser': 'False', 'no_print': 'None', 'quiet': 'False', 'log_format': 'default', 'static_parser': 'True', 'warn_error_options': 'WarnErrorOptions(include=[], exclude=[])', 'invocation_command': 'dbt run --select marts --profiles-dir .', 'target_path': 'None', 'introspect': 'True', 'send_anonymous_usage_stats': 'True'}
[0m10:18:24.753781 [debug] [MainThread]: Sending event: {'category': 'dbt', 'action': 'project_id', 'label': '531f8225-bb93-4cc5-8725-64ff34051276', 'context': [<snowplow_tracker.self_describing_json.SelfDescribingJson object at 0x746fbec24e80>]}
[0m10:18:24.956030 [debug] [MainThread]: Sending event: {'category': 'dbt', 'action': 'adapter_info', 'label': '531f8225-bb93-4cc5-8725-64ff34051276', 'context': [<snowplow_tracker.self_describing_json.SelfDescribingJson object at 0x746fbbd4f100>]}
[0m10:18:24.957975 [info ] [MainThread]: Registered adapter: postgres=1.7.0
[0m10:18:24.988588 [debug] [MainThread]: checksum: 8434eacd4ffdf0ca3ab22bf0e2d55b45306c9599613e842b959405abc489e606, vars: {}, profile: , target: , version: 1.7.0
[0m10:18:25.606481 [debug] [MainThread]: Partial parsing enabled: 0 files deleted, 0 files added, 0 files changed.
[0m10:18:25.607992 [debug] [MainThread]: Partial parsing enabled, no changes found, skipping parsing
[0m10:18:25.624080 [debug] [MainThread]: Sending event: {'category': 'dbt', 'action': 'load_project', 'label': '531f8225-bb93-4cc5-8725-64ff34051276', 'context': [<snowplow_tracker.self_describing_json.SelfDescribingJson object at 0x746fbb5f5f10>]}
[0m10:18:25.690324 [debug] [MainThread]: Sending event: {'category': 'dbt', 'action': 'resource_counts', 'label': '531f8225-bb93-4cc5-8725-64ff34051276', 'context': [<snowplow_tracker.self_describing_json.SelfDescribingJson object at 0x746fbb8f0ca0>]}
[0m10:18:25.692063 [info ] [MainThread]: Found 6 models, 17 tests, 0 sources, 0 exposures, 0 metrics, 401 macros, 0 groups, 0 semantic models
[0m10:18:25.693556 [debug] [MainThread]: Sending event: {'category': 'dbt', 'action': 'runnable_timing', 'label': '531f8225-bb93-4cc5-8725-64ff34051276', 'context': [<snowplow_tracker.self_describing_json.SelfDescribingJson object at 0x746fbb8f0f10>]}
[0m10:18:25.697384 [info ] [MainThread]: 
[0m10:18:25.701590 [debug] [MainThread]: Acquiring new postgres connection 'master'
[0m10:18:25.705225 [debug] [ThreadPool]: Acquiring new postgres connection 'list_airflow'
[0m10:18:25.738571 [debug] [ThreadPool]: Using postgres connection "list_airflow"
[0m10:18:25.739923 [debug] [ThreadPool]: On list_airflow: /* {"app": "dbt", "dbt_version": "1.7.0", "profile_name": "ecommerce_analytics", "target_name": "dev", "connection_name": "list_airflow"} */

    select distinct nspname from pg_namespace
  
[0m10:18:25.741097 [debug] [ThreadPool]: Opening a new connection, currently in state init
[0m10:18:25.758415 [debug] [ThreadPool]: SQL status: SELECT 8 in 0.0 seconds
[0m10:18:25.761499 [debug] [ThreadPool]: On list_airflow: Close
[0m10:18:25.767712 [debug] [ThreadPool]: Re-using an available connection from the pool (formerly list_airflow, now list_airflow_analytics_analytics)
[0m10:18:25.775425 [debug] [ThreadPool]: Acquiring new postgres connection 'list_airflow_analytics_staging'
[0m10:18:25.790469 [debug] [ThreadPool]: Using postgres connection "list_airflow_analytics_analytics"
[0m10:18:25.795962 [debug] [ThreadPool]: Using postgres connection "list_airflow_analytics_staging"
[0m10:18:25.797037 [debug] [ThreadPool]: On list_airflow_analytics_analytics: BEGIN
[0m10:18:25.799250 [debug] [ThreadPool]: On list_airflow_analytics_staging: BEGIN
[0m10:18:25.801526 [debug] [ThreadPool]: Opening a new connection, currently in state closed
[0m10:18:25.803060 [debug] [ThreadPool]: Opening a new connection, currently in state init
[0m10:18:25.818893 [debug] [ThreadPool]: SQL status: BEGIN in 0.0 seconds
[0m10:18:25.820020 [debug] [ThreadPool]: SQL status: BEGIN in 0.0 seconds
[0m10:18:25.820951 [debug] [ThreadPool]: Using postgres connection "list_airflow_analytics_analytics"
[0m10:18:25.822438 [debug] [ThreadPool]: Using postgres connection "list_airflow_analytics_staging"
[0m10:18:25.823983 [debug] [ThreadPool]: On list_airflow_analytics_analytics: /* {"app": "dbt", "dbt_version": "1.7.0", "profile_name": "ecommerce_analytics", "target_name": "dev", "connection_name": "list_airflow_analytics_analytics"} */
select
      'airflow' as database,
      tablename as name,
      schemaname as schema,
      'table' as type
    from pg_tables
    where schemaname ilike 'analytics_analytics'
    union all
    select
      'airflow' as database,
      viewname as name,
      schemaname as schema,
      'view' as type
    from pg_views
    where schemaname ilike 'analytics_analytics'
    union all
    select
      'airflow' as database,
      matviewname as name,
      schemaname as schema,
      'materialized_view' as type
    from pg_matviews
    where schemaname ilike 'analytics_analytics'
  
[0m10:18:25.825423 [debug] [ThreadPool]: On list_airflow_analytics_staging: /* {"app": "dbt", "dbt_version": "1.7.0", "profile_name": "ecommerce_analytics", "target_name": "dev", "connection_name": "list_airflow_analytics_staging"} */
select
      'airflow' as database,
      tablename as name,
      schemaname as schema,
      'table' as type
    from pg_tables
    where schemaname ilike 'analytics_staging'
    union all
    select
      'airflow' as database,
      viewname as name,
      schemaname as schema,
      'view' as type
    from pg_views
    where schemaname ilike 'analytics_staging'
    union all
    select
      'airflow' as database,
      matviewname as name,
      schemaname as schema,
      'materialized_view' as type
    from pg_matviews
    where schemaname ilike 'analytics_staging'
  
[0m10:18:25.831803 [debug] [ThreadPool]: SQL status: SELECT 3 in 0.0 seconds
[0m10:18:25.833992 [debug] [ThreadPool]: SQL status: SELECT 3 in 0.0 seconds
[0m10:18:25.836812 [debug] [ThreadPool]: On list_airflow_analytics_analytics: ROLLBACK
[0m10:18:25.840228 [debug] [ThreadPool]: On list_airflow_analytics_staging: ROLLBACK
[0m10:18:25.844015 [debug] [ThreadPool]: On list_airflow_analytics_analytics: Close
[0m10:18:25.846338 [debug] [ThreadPool]: On list_airflow_analytics_staging: Close
[0m10:18:25.869721 [debug] [MainThread]: Using postgres connection "master"
[0m10:18:25.871751 [debug] [MainThread]: On master: BEGIN
[0m10:18:25.873244 [debug] [MainThread]: Opening a new connection, currently in state init
[0m10:18:25.887815 [debug] [MainThread]: SQL status: BEGIN in 0.0 seconds
[0m10:18:25.889365 [debug] [MainThread]: Using postgres connection "master"
[0m10:18:25.891133 [debug] [MainThread]: On master: /* {"app": "dbt", "dbt_version": "1.7.0", "profile_name": "ecommerce_analytics", "target_name": "dev", "connection_name": "master"} */
with relation as (
        select
            pg_rewrite.ev_class as class,
            pg_rewrite.oid as id
        from pg_rewrite
    ),
    class as (
        select
            oid as id,
            relname as name,
            relnamespace as schema,
            relkind as kind
        from pg_class
    ),
    dependency as (
        select distinct
            pg_depend.objid as id,
            pg_depend.refobjid as ref
        from pg_depend
    ),
    schema as (
        select
            pg_namespace.oid as id,
            pg_namespace.nspname as name
        from pg_namespace
        where nspname != 'information_schema' and nspname not like 'pg\_%'
    ),
    referenced as (
        select
            relation.id AS id,
            referenced_class.name ,
            referenced_class.schema ,
            referenced_class.kind
        from relation
        join class as referenced_class on relation.class=referenced_class.id
        where referenced_class.kind in ('r', 'v', 'm')
    ),
    relationships as (
        select
            referenced.name as referenced_name,
            referenced.schema as referenced_schema_id,
            dependent_class.name as dependent_name,
            dependent_class.schema as dependent_schema_id,
            referenced.kind as kind
        from referenced
        join dependency on referenced.id=dependency.id
        join class as dependent_class on dependency.ref=dependent_class.id
        where
            (referenced.name != dependent_class.name or
             referenced.schema != dependent_class.schema)
    )

    select
        referenced_schema.name as referenced_schema,
        relationships.referenced_name as referenced_name,
        dependent_schema.name as dependent_schema,
        relationships.dependent_name as dependent_name
    from relationships
    join schema as dependent_schema on relationships.dependent_schema_id=dependent_schema.id
    join schema as referenced_schema on relationships.referenced_schema_id=referenced_schema.id
    group by referenced_schema, referenced_name, dependent_schema, dependent_name
    order by referenced_schema, referenced_name, dependent_schema, dependent_name;
[0m10:18:25.935373 [debug] [MainThread]: SQL status: SELECT 3 in 0.0 seconds
[0m10:18:25.938635 [debug] [MainThread]: Sending event: {'category': 'dbt', 'action': 'runnable_timing', 'label': '531f8225-bb93-4cc5-8725-64ff34051276', 'context': [<snowplow_tracker.self_describing_json.SelfDescribingJson object at 0x746fbb5f5fa0>]}
[0m10:18:25.940287 [debug] [MainThread]: On master: ROLLBACK
[0m10:18:25.942269 [debug] [MainThread]: Using postgres connection "master"
[0m10:18:25.943695 [debug] [MainThread]: On master: BEGIN
[0m10:18:25.945914 [debug] [MainThread]: SQL status: BEGIN in 0.0 seconds
[0m10:18:25.947874 [debug] [MainThread]: On master: COMMIT
[0m10:18:25.950437 [debug] [MainThread]: Using postgres connection "master"
[0m10:18:25.952305 [debug] [MainThread]: On master: COMMIT
[0m10:18:25.953858 [debug] [MainThread]: SQL status: COMMIT in 0.0 seconds
[0m10:18:25.955310 [debug] [MainThread]: On master: Close
[0m10:18:25.957268 [info ] [MainThread]: Concurrency: 4 threads (target='dev')
[0m10:18:25.959089 [info ] [MainThread]: 
[0m10:18:25.976779 [debug] [Thread-1  ]: Began running node model.ecommerce_analytics.mart_customer_orders
[0m10:18:25.978654 [debug] [Thread-2  ]: Began running node model.ecommerce_analytics.mart_daily_sales
[0m10:18:25.980113 [debug] [Thread-3  ]: Began running node model.ecommerce_analytics.mart_revenue_by_category
[0m10:18:25.983321 [info ] [Thread-1  ]: 1 of 3 START sql table model analytics_analytics.mart_customer_orders .......... [RUN]
[0m10:18:25.986109 [info ] [Thread-2  ]: 2 of 3 START sql table model analytics_analytics.mart_daily_sales .............. [RUN]
[0m10:18:25.988189 [info ] [Thread-3  ]: 3 of 3 START sql table model analytics_analytics.mart_revenue_by_category ...... [RUN]
[0m10:18:25.990486 [debug] [Thread-1  ]: Re-using an available connection from the pool (formerly list_airflow_analytics_staging, now model.ecommerce_analytics.mart_customer_orders)
[0m10:18:25.993148 [debug] [Thread-2  ]: Re-using an available connection from the pool (formerly list_airflow_analytics_analytics, now model.ecommerce_analytics.mart_daily_sales)
[0m10:18:25.996169 [debug] [Thread-3  ]: Acquiring new postgres connection 'model.ecommerce_analytics.mart_revenue_by_category'
[0m10:18:26.002397 [debug] [Thread-1  ]: Began compiling node model.ecommerce_analytics.mart_customer_orders
[0m10:18:26.004884 [debug] [Thread-2  ]: Began compiling node model.ecommerce_analytics.mart_daily_sales
[0m10:18:26.006583 [debug] [Thread-3  ]: Began compiling node model.ecommerce_analytics.mart_revenue_by_category
[0m10:18:26.024702 [debug] [Thread-2  ]: Writing injected SQL for node "model.ecommerce_analytics.mart_daily_sales"
[0m10:18:26.031768 [debug] [Thread-1  ]: Writing injected SQL for node "model.ecommerce_analytics.mart_customer_orders"
[0m10:18:26.039851 [debug] [Thread-3  ]: Writing injected SQL for node "model.ecommerce_analytics.mart_revenue_by_category"
[0m10:18:26.052642 [debug] [Thread-1  ]: Timing info for model.ecommerce_analytics.mart_customer_orders (compile): 10:18:26.007915 => 10:18:26.051875
[0m10:18:26.054215 [debug] [Thread-2  ]: Timing info for model.ecommerce_analytics.mart_daily_sales (compile): 10:18:26.018746 => 10:18:26.053444
[0m10:18:26.055268 [debug] [Thread-1  ]: Began executing node model.ecommerce_analytics.mart_customer_orders
[0m10:18:26.056393 [debug] [Thread-3  ]: Timing info for model.ecommerce_analytics.mart_revenue_by_category (compile): 10:18:26.033551 => 10:18:26.055849
[0m10:18:26.057891 [debug] [Thread-2  ]: Began executing node model.ecommerce_analytics.mart_daily_sales
[0m10:18:26.070939 [debug] [Thread-3  ]: Began executing node model.ecommerce_analytics.mart_revenue_by_category
[0m10:18:26.248707 [debug] [Thread-1  ]: Writing runtime sql for node "model.ecommerce_analytics.mart_customer_orders"
[0m10:18:26.247043 [debug] [Thread-2  ]: Writing runtime sql for node "model.ecommerce_analytics.mart_daily_sales"
[0m10:18:26.256324 [debug] [Thread-3  ]: Writing runtime sql for node "model.ecommerce_analytics.mart_revenue_by_category"
[0m10:18:26.268696 [debug] [Thread-1  ]: Using postgres connection "model.ecommerce_analytics.mart_customer_orders"
[0m10:18:26.270274 [debug] [Thread-3  ]: Using postgres connection "model.ecommerce_analytics.mart_revenue_by_category"
[0m10:18:26.271357 [debug] [Thread-1  ]: On model.ecommerce_analytics.mart_customer_orders: BEGIN
[0m10:18:26.272941 [debug] [Thread-3  ]: On model.ecommerce_analytics.mart_revenue_by_category: BEGIN
[0m10:18:26.274430 [debug] [Thread-1  ]: Opening a new connection, currently in state closed
[0m10:18:26.275633 [debug] [Thread-2  ]: Using postgres connection "model.ecommerce_analytics.mart_daily_sales"
[0m10:18:26.276659 [debug] [Thread-3  ]: Opening a new connection, currently in state init
[0m10:18:26.279236 [debug] [Thread-2  ]: On model.ecommerce_analytics.mart_daily_sales: BEGIN
[0m10:18:26.283432 [debug] [Thread-2  ]: Opening a new connection, currently in state closed
[0m10:18:26.293545 [debug] [Thread-1  ]: SQL status: BEGIN in 0.0 seconds
[0m10:18:26.295224 [debug] [Thread-1  ]: Using postgres connection "model.ecommerce_analytics.mart_customer_orders"
[0m10:18:26.296947 [debug] [Thread-1  ]: On model.ecommerce_analytics.mart_customer_orders: /* {"app": "dbt", "dbt_version": "1.7.0", "profile_name": "ecommerce_analytics", "target_name": "dev", "node_id": "model.ecommerce_analytics.mart_customer_orders"} */

  
    

  create  table "airflow"."analytics_analytics"."mart_customer_orders__dbt_tmp"
  
  
    as
  
  (
    -- Mart: Customer Orders Summary
-- Joins orders with customers to give a full picture per customer

with orders as (
    select * from "airflow"."analytics_staging"."stg_orders"
),

customers as (
    select * from "airflow"."analytics_staging"."stg_customers"
),

customer_order_summary as (
    select
        c.customer_id,
        c.customer_name,
        c.email,
        c.city,
        c.state,
        c.segment,
        count(o.order_id)                    as total_orders,
        sum(o.total_amount)                  as total_revenue,
        avg(o.total_amount)                  as avg_order_value,
        min(o.order_date)                    as first_order_date,
        max(o.order_date)                    as last_order_date,
        sum(case when o.status = 'completed'
            then o.total_amount else 0 end)  as completed_revenue,
        sum(case when o.status = 'cancelled'
            then 1 else 0 end)               as cancelled_orders
    from customers c
    left join orders o on c.customer_id = o.customer_id
    group by
        c.customer_id, c.customer_name, c.email,
        c.city, c.state, c.segment
)

select * from customer_order_summary
  );
  
[0m10:18:26.298816 [debug] [Thread-3  ]: SQL status: BEGIN in 0.0 seconds
[0m10:18:26.301019 [debug] [Thread-3  ]: Using postgres connection "model.ecommerce_analytics.mart_revenue_by_category"
[0m10:18:26.302709 [debug] [Thread-3  ]: On model.ecommerce_analytics.mart_revenue_by_category: /* {"app": "dbt", "dbt_version": "1.7.0", "profile_name": "ecommerce_analytics", "target_name": "dev", "node_id": "model.ecommerce_analytics.mart_revenue_by_category"} */

  
    

  create  table "airflow"."analytics_analytics"."mart_revenue_by_category__dbt_tmp"
  
  
    as
  
  (
    -- Mart: Revenue by Product Category
-- Joins orders with products to analyze revenue by category

with orders as (
    select * from "airflow"."analytics_staging"."stg_orders"
),

products as (
    select * from "airflow"."analytics_staging"."stg_products"
),

category_revenue as (
    select
        p.category,
        p.brand,
        count(distinct o.order_id)           as total_orders,
        sum(o.quantity)                      as total_units_sold,
        sum(o.total_amount)                  as total_revenue,
        avg(o.total_amount)                  as avg_order_value,
        sum(o.quantity * p.cost_price)       as total_cost,
        sum(o.total_amount) -
            sum(o.quantity * p.cost_price)   as total_profit,
        avg(p.profit_margin_pct)             as avg_profit_margin
    from orders o
    left join products p on o.product_id = p.product_id
    where o.status = 'completed'
    group by p.category, p.brand
)

select * from category_revenue
  );
  
[0m10:18:26.305697 [debug] [Thread-2  ]: SQL status: BEGIN in 0.0 seconds
[0m10:18:26.307448 [debug] [Thread-2  ]: Using postgres connection "model.ecommerce_analytics.mart_daily_sales"
[0m10:18:26.309203 [debug] [Thread-2  ]: On model.ecommerce_analytics.mart_daily_sales: /* {"app": "dbt", "dbt_version": "1.7.0", "profile_name": "ecommerce_analytics", "target_name": "dev", "node_id": "model.ecommerce_analytics.mart_daily_sales"} */

  
    

  create  table "airflow"."analytics_analytics"."mart_daily_sales__dbt_tmp"
  
  
    as
  
  (
    -- Mart: Daily Sales Summary
-- Aggregates orders by date for trend analysis

with orders as (
    select * from "airflow"."analytics_staging"."stg_orders"
),

daily_sales as (
    select
        order_date,
        count(distinct order_id)             as total_orders,
        count(distinct customer_id)          as unique_customers,
        sum(total_amount)                    as daily_revenue,
        avg(total_amount)                    as avg_order_value,
        sum(quantity)                        as total_units_sold,
        sum(case when status = 'completed'
            then total_amount else 0 end)    as completed_revenue,
        sum(case when status = 'cancelled'
            then 1 else 0 end)               as cancelled_orders,
        sum(case when status = 'pending'
            then 1 else 0 end)               as pending_orders
    from orders
    group by order_date
)

select * from daily_sales
order by order_date
  );
  
[0m10:18:26.313342 [debug] [Thread-1  ]: SQL status: SELECT 7 in 0.0 seconds
[0m10:18:26.316664 [debug] [Thread-2  ]: SQL status: SELECT 12 in 0.0 seconds
[0m10:18:26.323535 [debug] [Thread-3  ]: SQL status: SELECT 4 in 0.0 seconds
[0m10:18:26.331818 [debug] [Thread-1  ]: Using postgres connection "model.ecommerce_analytics.mart_customer_orders"
[0m10:18:26.341290 [debug] [Thread-2  ]: Using postgres connection "model.ecommerce_analytics.mart_daily_sales"
[0m10:18:26.350474 [debug] [Thread-3  ]: Using postgres connection "model.ecommerce_analytics.mart_revenue_by_category"
[0m10:18:26.351995 [debug] [Thread-1  ]: On model.ecommerce_analytics.mart_customer_orders: /* {"app": "dbt", "dbt_version": "1.7.0", "profile_name": "ecommerce_analytics", "target_name": "dev", "node_id": "model.ecommerce_analytics.mart_customer_orders"} */
alter table "airflow"."analytics_analytics"."mart_customer_orders" rename to "mart_customer_orders__dbt_backup"
[0m10:18:26.353550 [debug] [Thread-2  ]: On model.ecommerce_analytics.mart_daily_sales: /* {"app": "dbt", "dbt_version": "1.7.0", "profile_name": "ecommerce_analytics", "target_name": "dev", "node_id": "model.ecommerce_analytics.mart_daily_sales"} */
alter table "airflow"."analytics_analytics"."mart_daily_sales" rename to "mart_daily_sales__dbt_backup"
[0m10:18:26.355172 [debug] [Thread-3  ]: On model.ecommerce_analytics.mart_revenue_by_category: /* {"app": "dbt", "dbt_version": "1.7.0", "profile_name": "ecommerce_analytics", "target_name": "dev", "node_id": "model.ecommerce_analytics.mart_revenue_by_category"} */
alter table "airflow"."analytics_analytics"."mart_revenue_by_category" rename to "mart_revenue_by_category__dbt_backup"
[0m10:18:26.357648 [debug] [Thread-1  ]: SQL status: ALTER TABLE in 0.0 seconds
[0m10:18:26.358874 [debug] [Thread-2  ]: SQL status: ALTER TABLE in 0.0 seconds
[0m10:18:26.366250 [debug] [Thread-3  ]: SQL status: ALTER TABLE in 0.0 seconds
[0m10:18:26.371677 [debug] [Thread-1  ]: Using postgres connection "model.ecommerce_analytics.mart_customer_orders"
[0m10:18:26.382570 [debug] [Thread-2  ]: Using postgres connection "model.ecommerce_analytics.mart_daily_sales"
[0m10:18:26.390527 [debug] [Thread-3  ]: Using postgres connection "model.ecommerce_analytics.mart_revenue_by_category"
[0m10:18:26.392215 [debug] [Thread-1  ]: On model.ecommerce_analytics.mart_customer_orders: /* {"app": "dbt", "dbt_version": "1.7.0", "profile_name": "ecommerce_analytics", "target_name": "dev", "node_id": "model.ecommerce_analytics.mart_customer_orders"} */
alter table "airflow"."analytics_analytics"."mart_customer_orders__dbt_tmp" rename to "mart_customer_orders"
[0m10:18:26.393821 [debug] [Thread-2  ]: On model.ecommerce_analytics.mart_daily_sales: /* {"app": "dbt", "dbt_version": "1.7.0", "profile_name": "ecommerce_analytics", "target_name": "dev", "node_id": "model.ecommerce_analytics.mart_daily_sales"} */
alter table "airflow"."analytics_analytics"."mart_daily_sales__dbt_tmp" rename to "mart_daily_sales"
[0m10:18:26.395514 [debug] [Thread-3  ]: On model.ecommerce_analytics.mart_revenue_by_category: /* {"app": "dbt", "dbt_version": "1.7.0", "profile_name": "ecommerce_analytics", "target_name": "dev", "node_id": "model.ecommerce_analytics.mart_revenue_by_category"} */
alter table "airflow"."analytics_analytics"."mart_revenue_by_category__dbt_tmp" rename to "mart_revenue_by_category"
[0m10:18:26.398998 [debug] [Thread-1  ]: SQL status: ALTER TABLE in 0.0 seconds
[0m10:18:26.400589 [debug] [Thread-2  ]: SQL status: ALTER TABLE in 0.0 seconds
[0m10:18:26.408070 [debug] [Thread-3  ]: SQL status: ALTER TABLE in 0.0 seconds
[0m10:18:26.491707 [debug] [Thread-1  ]: On model.ecommerce_analytics.mart_customer_orders: COMMIT
[0m10:18:26.492862 [debug] [Thread-2  ]: On model.ecommerce_analytics.mart_daily_sales: COMMIT
[0m10:18:26.499839 [debug] [Thread-1  ]: Using postgres connection "model.ecommerce_analytics.mart_customer_orders"
[0m10:18:26.501137 [debug] [Thread-3  ]: On model.ecommerce_analytics.mart_revenue_by_category: COMMIT
[0m10:18:26.502828 [debug] [Thread-2  ]: Using postgres connection "model.ecommerce_analytics.mart_daily_sales"
[0m10:18:26.504422 [debug] [Thread-1  ]: On model.ecommerce_analytics.mart_customer_orders: COMMIT
[0m10:18:26.505958 [debug] [Thread-3  ]: Using postgres connection "model.ecommerce_analytics.mart_revenue_by_category"
[0m10:18:26.507568 [debug] [Thread-2  ]: On model.ecommerce_analytics.mart_daily_sales: COMMIT
[0m10:18:26.509847 [debug] [Thread-3  ]: On model.ecommerce_analytics.mart_revenue_by_category: COMMIT
[0m10:18:26.514346 [debug] [Thread-1  ]: SQL status: COMMIT in 0.0 seconds
[0m10:18:26.516405 [debug] [Thread-2  ]: SQL status: COMMIT in 0.0 seconds
[0m10:18:26.517543 [debug] [Thread-3  ]: SQL status: COMMIT in 0.0 seconds
[0m10:18:26.541213 [debug] [Thread-1  ]: Applying DROP to: "airflow"."analytics_analytics"."mart_customer_orders__dbt_backup"
[0m10:18:26.539719 [debug] [Thread-2  ]: Applying DROP to: "airflow"."analytics_analytics"."mart_daily_sales__dbt_backup"
[0m10:18:26.551478 [debug] [Thread-3  ]: Applying DROP to: "airflow"."analytics_analytics"."mart_revenue_by_category__dbt_backup"
[0m10:18:26.561215 [debug] [Thread-1  ]: Using postgres connection "model.ecommerce_analytics.mart_customer_orders"
[0m10:18:26.563453 [debug] [Thread-2  ]: Using postgres connection "model.ecommerce_analytics.mart_daily_sales"
[0m10:18:26.567893 [debug] [Thread-3  ]: Using postgres connection "model.ecommerce_analytics.mart_revenue_by_category"
[0m10:18:26.569639 [debug] [Thread-1  ]: On model.ecommerce_analytics.mart_customer_orders: /* {"app": "dbt", "dbt_version": "1.7.0", "profile_name": "ecommerce_analytics", "target_name": "dev", "node_id": "model.ecommerce_analytics.mart_customer_orders"} */
drop table if exists "airflow"."analytics_analytics"."mart_customer_orders__dbt_backup" cascade
[0m10:18:26.571227 [debug] [Thread-2  ]: On model.ecommerce_analytics.mart_daily_sales: /* {"app": "dbt", "dbt_version": "1.7.0", "profile_name": "ecommerce_analytics", "target_name": "dev", "node_id": "model.ecommerce_analytics.mart_daily_sales"} */
drop table if exists "airflow"."analytics_analytics"."mart_daily_sales__dbt_backup" cascade
[0m10:18:26.572816 [debug] [Thread-3  ]: On model.ecommerce_analytics.mart_revenue_by_category: /* {"app": "dbt", "dbt_version": "1.7.0", "profile_name": "ecommerce_analytics", "target_name": "dev", "node_id": "model.ecommerce_analytics.mart_revenue_by_category"} */
drop table if exists "airflow"."analytics_analytics"."mart_revenue_by_category__dbt_backup" cascade
[0m10:18:26.578062 [debug] [Thread-1  ]: SQL status: DROP TABLE in 0.0 seconds
[0m10:18:26.579549 [debug] [Thread-2  ]: SQL status: DROP TABLE in 0.0 seconds
[0m10:18:26.581140 [debug] [Thread-3  ]: SQL status: DROP TABLE in 0.0 seconds
[0m10:18:26.585085 [debug] [Thread-1  ]: Timing info for model.ecommerce_analytics.mart_customer_orders (execute): 10:18:26.059003 => 10:18:26.584597
[0m10:18:26.588833 [debug] [Thread-2  ]: Timing info for model.ecommerce_analytics.mart_daily_sales (execute): 10:18:26.088334 => 10:18:26.588326
[0m10:18:26.592393 [debug] [Thread-3  ]: Timing info for model.ecommerce_analytics.mart_revenue_by_category (execute): 10:18:26.156791 => 10:18:26.591952
[0m10:18:26.593912 [debug] [Thread-1  ]: On model.ecommerce_analytics.mart_customer_orders: Close
[0m10:18:26.595492 [debug] [Thread-2  ]: On model.ecommerce_analytics.mart_daily_sales: Close
[0m10:18:26.597077 [debug] [Thread-3  ]: On model.ecommerce_analytics.mart_revenue_by_category: Close
[0m10:18:26.601077 [debug] [Thread-1  ]: Sending event: {'category': 'dbt', 'action': 'run_model', 'label': '531f8225-bb93-4cc5-8725-64ff34051276', 'context': [<snowplow_tracker.self_describing_json.SelfDescribingJson object at 0x746fbb5f5fa0>]}
[0m10:18:26.603121 [debug] [Thread-2  ]: Sending event: {'category': 'dbt', 'action': 'run_model', 'label': '531f8225-bb93-4cc5-8725-64ff34051276', 'context': [<snowplow_tracker.self_describing_json.SelfDescribingJson object at 0x746fbb51fcd0>]}
[0m10:18:26.605710 [debug] [Thread-3  ]: Sending event: {'category': 'dbt', 'action': 'run_model', 'label': '531f8225-bb93-4cc5-8725-64ff34051276', 'context': [<snowplow_tracker.self_describing_json.SelfDescribingJson object at 0x746fbb51fe20>]}
[0m10:18:26.607642 [info ] [Thread-1  ]: 1 of 3 OK created sql table model analytics_analytics.mart_customer_orders ..... [[32mSELECT 7[0m in 0.61s]
[0m10:18:26.609627 [info ] [Thread-2  ]: 2 of 3 OK created sql table model analytics_analytics.mart_daily_sales ......... [[32mSELECT 12[0m in 0.61s]
[0m10:18:26.611789 [info ] [Thread-3  ]: 3 of 3 OK created sql table model analytics_analytics.mart_revenue_by_category . [[32mSELECT 4[0m in 0.61s]
[0m10:18:26.613886 [debug] [Thread-1  ]: Finished running node model.ecommerce_analytics.mart_customer_orders
[0m10:18:26.616694 [debug] [Thread-2  ]: Finished running node model.ecommerce_analytics.mart_daily_sales
[0m10:18:26.618795 [debug] [Thread-3  ]: Finished running node model.ecommerce_analytics.mart_revenue_by_category
[0m10:18:26.624892 [debug] [MainThread]: Using postgres connection "master"
[0m10:18:26.626339 [debug] [MainThread]: On master: BEGIN
[0m10:18:26.627735 [debug] [MainThread]: Opening a new connection, currently in state closed
[0m10:18:26.642274 [debug] [MainThread]: SQL status: BEGIN in 0.0 seconds
[0m10:18:26.643714 [debug] [MainThread]: On master: COMMIT
[0m10:18:26.644962 [debug] [MainThread]: Using postgres connection "master"
[0m10:18:26.646300 [debug] [MainThread]: On master: COMMIT
[0m10:18:26.649076 [debug] [MainThread]: SQL status: COMMIT in 0.0 seconds
[0m10:18:26.651247 [debug] [MainThread]: On master: Close
[0m10:18:26.653359 [debug] [MainThread]: Connection 'master' was properly closed.
[0m10:18:26.654793 [debug] [MainThread]: Connection 'model.ecommerce_analytics.mart_daily_sales' was properly closed.
[0m10:18:26.656130 [debug] [MainThread]: Connection 'model.ecommerce_analytics.mart_customer_orders' was properly closed.
[0m10:18:26.657470 [debug] [MainThread]: Connection 'model.ecommerce_analytics.mart_revenue_by_category' was properly closed.
[0m10:18:26.658814 [info ] [MainThread]: 
[0m10:18:26.660271 [info ] [MainThread]: Finished running 3 table models in 0 hours 0 minutes and 0.96 seconds (0.96s).
[0m10:18:26.662960 [debug] [MainThread]: Command end result
[0m10:18:26.711910 [info ] [MainThread]: 
[0m10:18:26.713571 [info ] [MainThread]: [32mCompleted successfully[0m
[0m10:18:26.716178 [info ] [MainThread]: 
[0m10:18:26.718752 [info ] [MainThread]: Done. PASS=3 WARN=0 ERROR=0 SKIP=0 TOTAL=3
[0m10:18:26.721399 [debug] [MainThread]: Resource report: {"command_name": "run", "command_success": true, "command_wall_clock_time": 2.55431, "process_user_time": 5.861051, "process_kernel_time": 0.428661, "process_mem_max_rss": "124768", "process_in_blocks": "0", "process_out_blocks": "0"}
[0m10:18:26.723266 [debug] [MainThread]: Command `dbt run` succeeded at 10:18:26.722901 after 2.56 seconds
[0m10:18:26.724879 [debug] [MainThread]: Sending event: {'category': 'dbt', 'action': 'invocation', 'label': 'end', 'context': [<snowplow_tracker.self_describing_json.SelfDescribingJson object at 0x746fbe8d93d0>, <snowplow_tracker.self_describing_json.SelfDescribingJson object at 0x746fbb500700>, <snowplow_tracker.self_describing_json.SelfDescribingJson object at 0x746fbb998400>]}
[0m10:18:26.726493 [debug] [MainThread]: Flushing usage events
[0m10:18:27.834028 [debug] [MainThread]: Sending event: {'category': 'dbt', 'action': 'invocation', 'label': 'start', 'context': [<snowplow_tracker.self_describing_json.SelfDescribingJson object at 0x7cf282fda3d0>, <snowplow_tracker.self_describing_json.SelfDescribingJson object at 0x7cf280ea4340>, <snowplow_tracker.self_describing_json.SelfDescribingJson object at 0x7cf280e91760>]}


============================== 10:18:27.843980 | 6f5b65ae-5637-4823-8407-b4c0b5c4900b ==============================
[0m10:18:27.843980 [info ] [MainThread]: Running with dbt=1.7.0
[0m10:18:27.845501 [debug] [MainThread]: running dbt with arguments {'printer_width': '80', 'indirect_selection': 'eager', 'write_json': 'True', 'log_cache_events': 'False', 'partial_parse': 'True', 'cache_selected_only': 'False', 'profiles_dir': '.', 'debug': 'False', 'fail_fast': 'False', 'log_path': '/opt/airflow/dbt_project/logs', 'version_check': 'True', 'warn_error': 'None', 'use_colors': 'True', 'use_experimental_parser': 'False', 'no_print': 'None', 'quiet': 'False', 'log_format': 'default', 'invocation_command': 'dbt test --select marts --profiles-dir .', 'introspect': 'True', 'warn_error_options': 'WarnErrorOptions(include=[], exclude=[])', 'target_path': 'None', 'static_parser': 'True', 'send_anonymous_usage_stats': 'True'}
[0m10:18:28.280921 [debug] [MainThread]: Sending event: {'category': 'dbt', 'action': 'project_id', 'label': '6f5b65ae-5637-4823-8407-b4c0b5c4900b', 'context': [<snowplow_tracker.self_describing_json.SelfDescribingJson object at 0x7cf2829278e0>]}
[0m10:18:28.506088 [debug] [MainThread]: Sending event: {'category': 'dbt', 'action': 'adapter_info', 'label': '6f5b65ae-5637-4823-8407-b4c0b5c4900b', 'context': [<snowplow_tracker.self_describing_json.SelfDescribingJson object at 0x7cf280101460>]}
[0m10:18:28.507898 [info ] [MainThread]: Registered adapter: postgres=1.7.0
[0m10:18:28.551299 [debug] [MainThread]: checksum: 8434eacd4ffdf0ca3ab22bf0e2d55b45306c9599613e842b959405abc489e606, vars: {}, profile: , target: , version: 1.7.0
[0m10:18:28.952955 [debug] [MainThread]: Partial parsing enabled: 0 files deleted, 0 files added, 0 files changed.
[0m10:18:28.954260 [debug] [MainThread]: Partial parsing enabled, no changes found, skipping parsing
[0m10:18:28.968972 [debug] [MainThread]: Sending event: {'category': 'dbt', 'action': 'load_project', 'label': '6f5b65ae-5637-4823-8407-b4c0b5c4900b', 'context': [<snowplow_tracker.self_describing_json.SelfDescribingJson object at 0x7cf27fcb5f10>]}
[0m10:18:29.036357 [debug] [MainThread]: Sending event: {'category': 'dbt', 'action': 'resource_counts', 'label': '6f5b65ae-5637-4823-8407-b4c0b5c4900b', 'context': [<snowplow_tracker.self_describing_json.SelfDescribingJson object at 0x7cf27fd6ac10>]}
[0m10:18:29.037875 [info ] [MainThread]: Found 6 models, 17 tests, 0 sources, 0 exposures, 0 metrics, 401 macros, 0 groups, 0 semantic models
[0m10:18:29.039373 [debug] [MainThread]: Sending event: {'category': 'dbt', 'action': 'runnable_timing', 'label': '6f5b65ae-5637-4823-8407-b4c0b5c4900b', 'context': [<snowplow_tracker.self_describing_json.SelfDescribingJson object at 0x7cf2800a8340>]}
[0m10:18:29.042579 [info ] [MainThread]: 
[0m10:18:29.044530 [debug] [MainThread]: Acquiring new postgres connection 'master'
[0m10:18:29.048965 [debug] [ThreadPool]: Acquiring new postgres connection 'list_airflow_analytics_analytics'
[0m10:18:29.051504 [debug] [ThreadPool]: Acquiring new postgres connection 'list_airflow_analytics_staging'
[0m10:18:29.091227 [debug] [ThreadPool]: Using postgres connection "list_airflow_analytics_analytics"
[0m10:18:29.094216 [debug] [ThreadPool]: Using postgres connection "list_airflow_analytics_staging"
[0m10:18:29.095154 [debug] [ThreadPool]: On list_airflow_analytics_analytics: BEGIN
[0m10:18:29.097727 [debug] [ThreadPool]: On list_airflow_analytics_staging: BEGIN
[0m10:18:29.099851 [debug] [ThreadPool]: Opening a new connection, currently in state init
[0m10:18:29.101393 [debug] [ThreadPool]: Opening a new connection, currently in state init
[0m10:18:29.116915 [debug] [ThreadPool]: SQL status: BEGIN in 0.0 seconds
[0m10:18:29.117935 [debug] [ThreadPool]: SQL status: BEGIN in 0.0 seconds
[0m10:18:29.119005 [debug] [ThreadPool]: Using postgres connection "list_airflow_analytics_staging"
[0m10:18:29.120455 [debug] [ThreadPool]: Using postgres connection "list_airflow_analytics_analytics"
[0m10:18:29.121891 [debug] [ThreadPool]: On list_airflow_analytics_staging: /* {"app": "dbt", "dbt_version": "1.7.0", "profile_name": "ecommerce_analytics", "target_name": "dev", "connection_name": "list_airflow_analytics_staging"} */
select
      'airflow' as database,
      tablename as name,
      schemaname as schema,
      'table' as type
    from pg_tables
    where schemaname ilike 'analytics_staging'
    union all
    select
      'airflow' as database,
      viewname as name,
      schemaname as schema,
      'view' as type
    from pg_views
    where schemaname ilike 'analytics_staging'
    union all
    select
      'airflow' as database,
      matviewname as name,
      schemaname as schema,
      'materialized_view' as type
    from pg_matviews
    where schemaname ilike 'analytics_staging'
  
[0m10:18:29.123573 [debug] [ThreadPool]: On list_airflow_analytics_analytics: /* {"app": "dbt", "dbt_version": "1.7.0", "profile_name": "ecommerce_analytics", "target_name": "dev", "connection_name": "list_airflow_analytics_analytics"} */
select
      'airflow' as database,
      tablename as name,
      schemaname as schema,
      'table' as type
    from pg_tables
    where schemaname ilike 'analytics_analytics'
    union all
    select
      'airflow' as database,
      viewname as name,
      schemaname as schema,
      'view' as type
    from pg_views
    where schemaname ilike 'analytics_analytics'
    union all
    select
      'airflow' as database,
      matviewname as name,
      schemaname as schema,
      'materialized_view' as type
    from pg_matviews
    where schemaname ilike 'analytics_analytics'
  
[0m10:18:29.130419 [debug] [ThreadPool]: SQL status: SELECT 3 in 0.0 seconds
[0m10:18:29.132468 [debug] [ThreadPool]: SQL status: SELECT 3 in 0.0 seconds
[0m10:18:29.135411 [debug] [ThreadPool]: On list_airflow_analytics_analytics: ROLLBACK
[0m10:18:29.138452 [debug] [ThreadPool]: On list_airflow_analytics_staging: ROLLBACK
[0m10:18:29.140360 [debug] [ThreadPool]: On list_airflow_analytics_analytics: Close
[0m10:18:29.141727 [debug] [ThreadPool]: On list_airflow_analytics_staging: Close
[0m10:18:29.157176 [debug] [MainThread]: Using postgres connection "master"
[0m10:18:29.158565 [debug] [MainThread]: On master: BEGIN
[0m10:18:29.159728 [debug] [MainThread]: Opening a new connection, currently in state init
[0m10:18:29.173671 [debug] [MainThread]: SQL status: BEGIN in 0.0 seconds
[0m10:18:29.174961 [debug] [MainThread]: Using postgres connection "master"
[0m10:18:29.176238 [debug] [MainThread]: On master: /* {"app": "dbt", "dbt_version": "1.7.0", "profile_name": "ecommerce_analytics", "target_name": "dev", "connection_name": "master"} */
with relation as (
        select
            pg_rewrite.ev_class as class,
            pg_rewrite.oid as id
        from pg_rewrite
    ),
    class as (
        select
            oid as id,
            relname as name,
            relnamespace as schema,
            relkind as kind
        from pg_class
    ),
    dependency as (
        select distinct
            pg_depend.objid as id,
            pg_depend.refobjid as ref
        from pg_depend
    ),
    schema as (
        select
            pg_namespace.oid as id,
            pg_namespace.nspname as name
        from pg_namespace
        where nspname != 'information_schema' and nspname not like 'pg\_%'
    ),
    referenced as (
        select
            relation.id AS id,
            referenced_class.name ,
            referenced_class.schema ,
            referenced_class.kind
        from relation
        join class as referenced_class on relation.class=referenced_class.id
        where referenced_class.kind in ('r', 'v', 'm')
    ),
    relationships as (
        select
            referenced.name as referenced_name,
            referenced.schema as referenced_schema_id,
            dependent_class.name as dependent_name,
            dependent_class.schema as dependent_schema_id,
            referenced.kind as kind
        from referenced
        join dependency on referenced.id=dependency.id
        join class as dependent_class on dependency.ref=dependent_class.id
        where
            (referenced.name != dependent_class.name or
             referenced.schema != dependent_class.schema)
    )

    select
        referenced_schema.name as referenced_schema,
        relationships.referenced_name as referenced_name,
        dependent_schema.name as dependent_schema,
        relationships.dependent_name as dependent_name
    from relationships
    join schema as dependent_schema on relationships.dependent_schema_id=dependent_schema.id
    join schema as referenced_schema on relationships.referenced_schema_id=referenced_schema.id
    group by referenced_schema, referenced_name, dependent_schema, dependent_name
    order by referenced_schema, referenced_name, dependent_schema, dependent_name;
[0m10:18:29.216286 [debug] [MainThread]: SQL status: SELECT 3 in 0.0 seconds
[0m10:18:29.219145 [debug] [MainThread]: Sending event: {'category': 'dbt', 'action': 'runnable_timing', 'label': '6f5b65ae-5637-4823-8407-b4c0b5c4900b', 'context': [<snowplow_tracker.self_describing_json.SelfDescribingJson object at 0x7cf27fc97e80>]}
[0m10:18:29.220577 [debug] [MainThread]: On master: ROLLBACK
[0m10:18:29.222408 [debug] [MainThread]: Using postgres connection "master"
[0m10:18:29.223623 [debug] [MainThread]: On master: BEGIN
[0m10:18:29.225701 [debug] [MainThread]: SQL status: BEGIN in 0.0 seconds
[0m10:18:29.227350 [debug] [MainThread]: On master: COMMIT
[0m10:18:29.228797 [debug] [MainThread]: Using postgres connection "master"
[0m10:18:29.231376 [debug] [MainThread]: On master: COMMIT
[0m10:18:29.233514 [debug] [MainThread]: SQL status: COMMIT in 0.0 seconds
[0m10:18:29.234974 [debug] [MainThread]: On master: Close
[0m10:18:29.237091 [info ] [MainThread]: Concurrency: 4 threads (target='dev')
[0m10:18:29.238900 [info ] [MainThread]: 
[0m10:18:29.255071 [debug] [Thread-1  ]: Began running node test.ecommerce_analytics.not_null_mart_customer_orders_customer_id.65556082dc
[0m10:18:29.256137 [debug] [Thread-2  ]: Began running node test.ecommerce_analytics.not_null_mart_customer_orders_total_revenue.2fff1d6d64
[0m10:18:29.257179 [debug] [Thread-3  ]: Began running node test.ecommerce_analytics.not_null_mart_daily_sales_order_date.0e908a3de5
[0m10:18:29.258343 [info ] [Thread-1  ]: 1 of 6 START test not_null_mart_customer_orders_customer_id .................... [RUN]
[0m10:18:29.259652 [debug] [Thread-4  ]: Began running node test.ecommerce_analytics.not_null_mart_revenue_by_category_category.0607d31a2e
[0m10:18:29.260680 [info ] [Thread-2  ]: 2 of 6 START test not_null_mart_customer_orders_total_revenue .................. [RUN]
[0m10:18:29.262618 [info ] [Thread-3  ]: 3 of 6 START test not_null_mart_daily_sales_order_date ......................... [RUN]
[0m10:18:29.265613 [debug] [Thread-1  ]: Re-using an available connection from the pool (formerly list_airflow_analytics_staging, now test.ecommerce_analytics.not_null_mart_customer_orders_customer_id.65556082dc)
[0m10:18:29.267434 [info ] [Thread-4  ]: 4 of 6 START test not_null_mart_revenue_by_category_category ................... [RUN]
[0m10:18:29.269617 [debug] [Thread-2  ]: Re-using an available connection from the pool (formerly list_airflow_analytics_analytics, now test.ecommerce_analytics.not_null_mart_customer_orders_total_revenue.2fff1d6d64)
[0m10:18:29.271841 [debug] [Thread-3  ]: Acquiring new postgres connection 'test.ecommerce_analytics.not_null_mart_daily_sales_order_date.0e908a3de5'
[0m10:18:29.273436 [debug] [Thread-1  ]: Began compiling node test.ecommerce_analytics.not_null_mart_customer_orders_customer_id.65556082dc
[0m10:18:29.275613 [debug] [Thread-4  ]: Acquiring new postgres connection 'test.ecommerce_analytics.not_null_mart_revenue_by_category_category.0607d31a2e'
[0m10:18:29.277127 [debug] [Thread-2  ]: Began compiling node test.ecommerce_analytics.not_null_mart_customer_orders_total_revenue.2fff1d6d64
[0m10:18:29.278867 [debug] [Thread-3  ]: Began compiling node test.ecommerce_analytics.not_null_mart_daily_sales_order_date.0e908a3de5
[0m10:18:29.292481 [debug] [Thread-4  ]: Began compiling node test.ecommerce_analytics.not_null_mart_revenue_by_category_category.0607d31a2e
[0m10:18:29.322496 [debug] [Thread-1  ]: Writing injected SQL for node "test.ecommerce_analytics.not_null_mart_customer_orders_customer_id.65556082dc"
[0m10:18:29.326637 [debug] [Thread-2  ]: Writing injected SQL for node "test.ecommerce_analytics.not_null_mart_customer_orders_total_revenue.2fff1d6d64"
[0m10:18:29.336704 [debug] [Thread-3  ]: Writing injected SQL for node "test.ecommerce_analytics.not_null_mart_daily_sales_order_date.0e908a3de5"
[0m10:18:29.348773 [debug] [Thread-4  ]: Writing injected SQL for node "test.ecommerce_analytics.not_null_mart_revenue_by_category_category.0607d31a2e"
[0m10:18:29.365115 [debug] [Thread-1  ]: Timing info for test.ecommerce_analytics.not_null_mart_customer_orders_customer_id.65556082dc (compile): 10:18:29.280856 => 10:18:29.364002
[0m10:18:29.366777 [debug] [Thread-1  ]: Began executing node test.ecommerce_analytics.not_null_mart_customer_orders_customer_id.65556082dc
[0m10:18:29.380528 [debug] [Thread-2  ]: Timing info for test.ecommerce_analytics.not_null_mart_customer_orders_total_revenue.2fff1d6d64 (compile): 10:18:29.308450 => 10:18:29.379420
[0m10:18:29.387140 [debug] [Thread-2  ]: Began executing node test.ecommerce_analytics.not_null_mart_customer_orders_total_revenue.2fff1d6d64
[0m10:18:29.394349 [debug] [Thread-3  ]: Timing info for test.ecommerce_analytics.not_null_mart_daily_sales_order_date.0e908a3de5 (compile): 10:18:29.327384 => 10:18:29.393594
[0m10:18:29.396428 [debug] [Thread-4  ]: Timing info for test.ecommerce_analytics.not_null_mart_revenue_by_category_category.0607d31a2e (compile): 10:18:29.337458 => 10:18:29.395093
[0m10:18:29.420344 [debug] [Thread-3  ]: Began executing node test.ecommerce_analytics.not_null_mart_daily_sales_order_date.0e908a3de5
[0m10:18:29.423704 [debug] [Thread-1  ]: Writing runtime sql for node "test.ecommerce_analytics.not_null_mart_customer_orders_customer_id.65556082dc"
[0m10:18:29.434082 [debug] [Thread-2  ]: Writing runtime sql for node "test.ecommerce_analytics.not_null_mart_customer_orders_total_revenue.2fff1d6d64"
[0m10:18:29.435227 [debug] [Thread-4  ]: Began executing node test.ecommerce_analytics.not_null_mart_revenue_by_category_category.0607d31a2e
[0m10:18:29.440937 [debug] [Thread-3  ]: Writing runtime sql for node "test.ecommerce_analytics.not_null_mart_daily_sales_order_date.0e908a3de5"
[0m10:18:29.450785 [debug] [Thread-4  ]: Writing runtime sql for node "test.ecommerce_analytics.not_null_mart_revenue_by_category_category.0607d31a2e"
[0m10:18:29.463998 [debug] [Thread-3  ]: Using postgres connection "test.ecommerce_analytics.not_null_mart_daily_sales_order_date.0e908a3de5"
[0m10:18:29.466261 [debug] [Thread-3  ]: On test.ecommerce_analytics.not_null_mart_daily_sales_order_date.0e908a3de5: BEGIN
[0m10:18:29.468986 [debug] [Thread-3  ]: Opening a new connection, currently in state init
[0m10:18:29.470342 [debug] [Thread-2  ]: Using postgres connection "test.ecommerce_analytics.not_null_mart_customer_orders_total_revenue.2fff1d6d64"
[0m10:18:29.473043 [debug] [Thread-1  ]: Using postgres connection "test.ecommerce_analytics.not_null_mart_customer_orders_customer_id.65556082dc"
[0m10:18:29.474605 [debug] [Thread-2  ]: On test.ecommerce_analytics.not_null_mart_customer_orders_total_revenue.2fff1d6d64: BEGIN
[0m10:18:29.476540 [debug] [Thread-1  ]: On test.ecommerce_analytics.not_null_mart_customer_orders_customer_id.65556082dc: BEGIN
[0m10:18:29.478456 [debug] [Thread-2  ]: Opening a new connection, currently in state closed
[0m10:18:29.481173 [debug] [Thread-4  ]: Using postgres connection "test.ecommerce_analytics.not_null_mart_revenue_by_category_category.0607d31a2e"
[0m10:18:29.482517 [debug] [Thread-1  ]: Opening a new connection, currently in state closed
[0m10:18:29.485068 [debug] [Thread-4  ]: On test.ecommerce_analytics.not_null_mart_revenue_by_category_category.0607d31a2e: BEGIN
[0m10:18:29.487673 [debug] [Thread-3  ]: SQL status: BEGIN in 0.0 seconds
[0m10:18:29.488870 [debug] [Thread-4  ]: Opening a new connection, currently in state init
[0m10:18:29.491673 [debug] [Thread-3  ]: Using postgres connection "test.ecommerce_analytics.not_null_mart_daily_sales_order_date.0e908a3de5"
[0m10:18:29.494438 [debug] [Thread-3  ]: On test.ecommerce_analytics.not_null_mart_daily_sales_order_date.0e908a3de5: /* {"app": "dbt", "dbt_version": "1.7.0", "profile_name": "ecommerce_analytics", "target_name": "dev", "node_id": "test.ecommerce_analytics.not_null_mart_daily_sales_order_date.0e908a3de5"} */
select
      count(*) as failures,
      count(*) != 0 as should_warn,
      count(*) != 0 as should_error
    from (
      
    
    



select order_date
from "airflow"."analytics_analytics"."mart_daily_sales"
where order_date is null



      
    ) dbt_internal_test
[0m10:18:29.498845 [debug] [Thread-3  ]: SQL status: SELECT 1 in 0.0 seconds
[0m10:18:29.504939 [debug] [Thread-3  ]: Timing info for test.ecommerce_analytics.not_null_mart_daily_sales_order_date.0e908a3de5 (execute): 10:18:29.436489 => 10:18:29.504294
[0m10:18:29.506464 [debug] [Thread-2  ]: SQL status: BEGIN in 0.0 seconds
[0m10:18:29.508170 [debug] [Thread-3  ]: On test.ecommerce_analytics.not_null_mart_daily_sales_order_date.0e908a3de5: ROLLBACK
[0m10:18:29.509788 [debug] [Thread-1  ]: SQL status: BEGIN in 0.0 seconds
[0m10:18:29.511491 [debug] [Thread-4  ]: SQL status: BEGIN in 0.0 seconds
[0m10:18:29.513382 [debug] [Thread-2  ]: Using postgres connection "test.ecommerce_analytics.not_null_mart_customer_orders_total_revenue.2fff1d6d64"
[0m10:18:29.516031 [debug] [Thread-3  ]: On test.ecommerce_analytics.not_null_mart_daily_sales_order_date.0e908a3de5: Close
[0m10:18:29.517033 [debug] [Thread-1  ]: Using postgres connection "test.ecommerce_analytics.not_null_mart_customer_orders_customer_id.65556082dc"
[0m10:18:29.518528 [debug] [Thread-4  ]: Using postgres connection "test.ecommerce_analytics.not_null_mart_revenue_by_category_category.0607d31a2e"
[0m10:18:29.520032 [debug] [Thread-2  ]: On test.ecommerce_analytics.not_null_mart_customer_orders_total_revenue.2fff1d6d64: /* {"app": "dbt", "dbt_version": "1.7.0", "profile_name": "ecommerce_analytics", "target_name": "dev", "node_id": "test.ecommerce_analytics.not_null_mart_customer_orders_total_revenue.2fff1d6d64"} */
select
      count(*) as failures,
      count(*) != 0 as should_warn,
      count(*) != 0 as should_error
    from (
      
    
    



select total_revenue
from "airflow"."analytics_analytics"."mart_customer_orders"
where total_revenue is null



      
    ) dbt_internal_test
[0m10:18:29.522709 [info ] [Thread-3  ]: 3 of 6 PASS not_null_mart_daily_sales_order_date ............................... [[32mPASS[0m in 0.25s]
[0m10:18:29.524399 [debug] [Thread-1  ]: On test.ecommerce_analytics.not_null_mart_customer_orders_customer_id.65556082dc: /* {"app": "dbt", "dbt_version": "1.7.0", "profile_name": "ecommerce_analytics", "target_name": "dev", "node_id": "test.ecommerce_analytics.not_null_mart_customer_orders_customer_id.65556082dc"} */
select
      count(*) as failures,
      count(*) != 0 as should_warn,
      count(*) != 0 as should_error
    from (
      
    
    



select customer_id
from "airflow"."analytics_analytics"."mart_customer_orders"
where customer_id is null



      
    ) dbt_internal_test
[0m10:18:29.526016 [debug] [Thread-4  ]: On test.ecommerce_analytics.not_null_mart_revenue_by_category_category.0607d31a2e: /* {"app": "dbt", "dbt_version": "1.7.0", "profile_name": "ecommerce_analytics", "target_name": "dev", "node_id": "test.ecommerce_analytics.not_null_mart_revenue_by_category_category.0607d31a2e"} */
select
      count(*) as failures,
      count(*) != 0 as should_warn,
      count(*) != 0 as should_error
    from (
      
    
    



select category
from "airflow"."analytics_analytics"."mart_revenue_by_category"
where category is null



      
    ) dbt_internal_test
[0m10:18:29.529419 [debug] [Thread-2  ]: SQL status: SELECT 1 in 0.0 seconds
[0m10:18:29.532125 [debug] [Thread-3  ]: Finished running node test.ecommerce_analytics.not_null_mart_daily_sales_order_date.0e908a3de5
[0m10:18:29.535626 [debug] [Thread-1  ]: SQL status: SELECT 1 in 0.0 seconds
[0m10:18:29.539504 [debug] [Thread-2  ]: Timing info for test.ecommerce_analytics.not_null_mart_customer_orders_total_revenue.2fff1d6d64 (execute): 10:18:29.397986 => 10:18:29.538879
[0m10:18:29.540642 [debug] [Thread-4  ]: SQL status: SELECT 1 in 0.0 seconds
[0m10:18:29.541847 [debug] [Thread-3  ]: Began running node test.ecommerce_analytics.unique_mart_customer_orders_customer_id.dd48be91bc
[0m10:18:29.546478 [debug] [Thread-1  ]: Timing info for test.ecommerce_analytics.not_null_mart_customer_orders_customer_id.65556082dc (execute): 10:18:29.368162 => 10:18:29.545204
[0m10:18:29.548440 [debug] [Thread-2  ]: On test.ecommerce_analytics.not_null_mart_customer_orders_total_revenue.2fff1d6d64: ROLLBACK
[0m10:18:29.552088 [debug] [Thread-4  ]: Timing info for test.ecommerce_analytics.not_null_mart_revenue_by_category_category.0607d31a2e (execute): 10:18:29.443802 => 10:18:29.551496
[0m10:18:29.553846 [info ] [Thread-3  ]: 5 of 6 START test unique_mart_customer_orders_customer_id ...................... [RUN]
[0m10:18:29.555736 [debug] [Thread-1  ]: On test.ecommerce_analytics.not_null_mart_customer_orders_customer_id.65556082dc: ROLLBACK
[0m10:18:29.557517 [debug] [Thread-2  ]: On test.ecommerce_analytics.not_null_mart_customer_orders_total_revenue.2fff1d6d64: Close
[0m10:18:29.558609 [debug] [Thread-4  ]: On test.ecommerce_analytics.not_null_mart_revenue_by_category_category.0607d31a2e: ROLLBACK
[0m10:18:29.560375 [debug] [Thread-3  ]: Re-using an available connection from the pool (formerly test.ecommerce_analytics.not_null_mart_daily_sales_order_date.0e908a3de5, now test.ecommerce_analytics.unique_mart_customer_orders_customer_id.dd48be91bc)
[0m10:18:29.562293 [debug] [Thread-1  ]: On test.ecommerce_analytics.not_null_mart_customer_orders_customer_id.65556082dc: Close
[0m10:18:29.565766 [info ] [Thread-2  ]: 2 of 6 PASS not_null_mart_customer_orders_total_revenue ........................ [[32mPASS[0m in 0.30s]
[0m10:18:29.568096 [debug] [Thread-4  ]: On test.ecommerce_analytics.not_null_mart_revenue_by_category_category.0607d31a2e: Close
[0m10:18:29.569249 [debug] [Thread-3  ]: Began compiling node test.ecommerce_analytics.unique_mart_customer_orders_customer_id.dd48be91bc
[0m10:18:29.571494 [info ] [Thread-1  ]: 1 of 6 PASS not_null_mart_customer_orders_customer_id .......................... [[32mPASS[0m in 0.31s]
[0m10:18:29.574531 [debug] [Thread-2  ]: Finished running node test.ecommerce_analytics.not_null_mart_customer_orders_total_revenue.2fff1d6d64
[0m10:18:29.577033 [info ] [Thread-4  ]: 4 of 6 PASS not_null_mart_revenue_by_category_category ......................... [[32mPASS[0m in 0.30s]
[0m10:18:29.589716 [debug] [Thread-1  ]: Finished running node test.ecommerce_analytics.not_null_mart_customer_orders_customer_id.65556082dc
[0m10:18:29.594230 [debug] [Thread-3  ]: Writing injected SQL for node "test.ecommerce_analytics.unique_mart_customer_orders_customer_id.dd48be91bc"
[0m10:18:29.596609 [debug] [Thread-2  ]: Began running node test.ecommerce_analytics.unique_mart_daily_sales_order_date.f90d005909
[0m10:18:29.599051 [debug] [Thread-4  ]: Finished running node test.ecommerce_analytics.not_null_mart_revenue_by_category_category.0607d31a2e
[0m10:18:29.602043 [info ] [Thread-2  ]: 6 of 6 START test unique_mart_daily_sales_order_date ........................... [RUN]
[0m10:18:29.604947 [debug] [Thread-2  ]: Re-using an available connection from the pool (formerly test.ecommerce_analytics.not_null_mart_customer_orders_total_revenue.2fff1d6d64, now test.ecommerce_analytics.unique_mart_daily_sales_order_date.f90d005909)
[0m10:18:29.606514 [debug] [Thread-2  ]: Began compiling node test.ecommerce_analytics.unique_mart_daily_sales_order_date.f90d005909
[0m10:18:29.617077 [debug] [Thread-2  ]: Writing injected SQL for node "test.ecommerce_analytics.unique_mart_daily_sales_order_date.f90d005909"
[0m10:18:29.620771 [debug] [Thread-3  ]: Timing info for test.ecommerce_analytics.unique_mart_customer_orders_customer_id.dd48be91bc (compile): 10:18:29.577963 => 10:18:29.620091
[0m10:18:29.622449 [debug] [Thread-3  ]: Began executing node test.ecommerce_analytics.unique_mart_customer_orders_customer_id.dd48be91bc
[0m10:18:29.629284 [debug] [Thread-3  ]: Writing runtime sql for node "test.ecommerce_analytics.unique_mart_customer_orders_customer_id.dd48be91bc"
[0m10:18:29.631593 [debug] [Thread-2  ]: Timing info for test.ecommerce_analytics.unique_mart_daily_sales_order_date.f90d005909 (compile): 10:18:29.607582 => 10:18:29.630736
[0m10:18:29.633838 [debug] [Thread-2  ]: Began executing node test.ecommerce_analytics.unique_mart_daily_sales_order_date.f90d005909
[0m10:18:29.644241 [debug] [Thread-2  ]: Writing runtime sql for node "test.ecommerce_analytics.unique_mart_daily_sales_order_date.f90d005909"
[0m10:18:29.656208 [debug] [Thread-3  ]: Using postgres connection "test.ecommerce_analytics.unique_mart_customer_orders_customer_id.dd48be91bc"
[0m10:18:29.658409 [debug] [Thread-3  ]: On test.ecommerce_analytics.unique_mart_customer_orders_customer_id.dd48be91bc: BEGIN
[0m10:18:29.660145 [debug] [Thread-3  ]: Opening a new connection, currently in state closed
[0m10:18:29.666636 [debug] [Thread-2  ]: Using postgres connection "test.ecommerce_analytics.unique_mart_daily_sales_order_date.f90d005909"
[0m10:18:29.668544 [debug] [Thread-2  ]: On test.ecommerce_analytics.unique_mart_daily_sales_order_date.f90d005909: BEGIN
[0m10:18:29.669870 [debug] [Thread-2  ]: Opening a new connection, currently in state closed
[0m10:18:29.676333 [debug] [Thread-3  ]: SQL status: BEGIN in 0.0 seconds
[0m10:18:29.677945 [debug] [Thread-3  ]: Using postgres connection "test.ecommerce_analytics.unique_mart_customer_orders_customer_id.dd48be91bc"
[0m10:18:29.680358 [debug] [Thread-3  ]: On test.ecommerce_analytics.unique_mart_customer_orders_customer_id.dd48be91bc: /* {"app": "dbt", "dbt_version": "1.7.0", "profile_name": "ecommerce_analytics", "target_name": "dev", "node_id": "test.ecommerce_analytics.unique_mart_customer_orders_customer_id.dd48be91bc"} */
select
      count(*) as failures,
      count(*) != 0 as should_warn,
      count(*) != 0 as should_error
    from (
      
    
    

select
    customer_id as unique_field,
    count(*) as n_records

from "airflow"."analytics_analytics"."mart_customer_orders"
where customer_id is not null
group by customer_id
having count(*) > 1



      
    ) dbt_internal_test
[0m10:18:29.684818 [debug] [Thread-3  ]: SQL status: SELECT 1 in 0.0 seconds
[0m10:18:29.685975 [debug] [Thread-2  ]: SQL status: BEGIN in 0.0 seconds
[0m10:18:29.689267 [debug] [Thread-3  ]: Timing info for test.ecommerce_analytics.unique_mart_customer_orders_customer_id.dd48be91bc (execute): 10:18:29.623821 => 10:18:29.688639
[0m10:18:29.690926 [debug] [Thread-2  ]: Using postgres connection "test.ecommerce_analytics.unique_mart_daily_sales_order_date.f90d005909"
[0m10:18:29.692529 [debug] [Thread-3  ]: On test.ecommerce_analytics.unique_mart_customer_orders_customer_id.dd48be91bc: ROLLBACK
[0m10:18:29.694105 [debug] [Thread-2  ]: On test.ecommerce_analytics.unique_mart_daily_sales_order_date.f90d005909: /* {"app": "dbt", "dbt_version": "1.7.0", "profile_name": "ecommerce_analytics", "target_name": "dev", "node_id": "test.ecommerce_analytics.unique_mart_daily_sales_order_date.f90d005909"} */
select
      count(*) as failures,
      count(*) != 0 as should_warn,
      count(*) != 0 as should_error
    from (
      
    
    

select
    order_date as unique_field,
    count(*) as n_records

from "airflow"."analytics_analytics"."mart_daily_sales"
where order_date is not null
group by order_date
having count(*) > 1



      
    ) dbt_internal_test
[0m10:18:29.696447 [debug] [Thread-3  ]: On test.ecommerce_analytics.unique_mart_customer_orders_customer_id.dd48be91bc: Close
[0m10:18:29.702256 [debug] [Thread-2  ]: SQL status: SELECT 1 in 0.0 seconds
[0m10:18:29.700494 [info ] [Thread-3  ]: 5 of 6 PASS unique_mart_customer_orders_customer_id ............................ [[32mPASS[0m in 0.14s]
[0m10:18:29.706416 [debug] [Thread-2  ]: Timing info for test.ecommerce_analytics.unique_mart_daily_sales_order_date.f90d005909 (execute): 10:18:29.635569 => 10:18:29.705678
[0m10:18:29.708443 [debug] [Thread-3  ]: Finished running node test.ecommerce_analytics.unique_mart_customer_orders_customer_id.dd48be91bc
[0m10:18:29.710266 [debug] [Thread-2  ]: On test.ecommerce_analytics.unique_mart_daily_sales_order_date.f90d005909: ROLLBACK
[0m10:18:29.713411 [debug] [Thread-2  ]: On test.ecommerce_analytics.unique_mart_daily_sales_order_date.f90d005909: Close
[0m10:18:29.717101 [info ] [Thread-2  ]: 6 of 6 PASS unique_mart_daily_sales_order_date ................................. [[32mPASS[0m in 0.11s]
[0m10:18:29.720608 [debug] [Thread-2  ]: Finished running node test.ecommerce_analytics.unique_mart_daily_sales_order_date.f90d005909
[0m10:18:29.725809 [debug] [MainThread]: Using postgres connection "master"
[0m10:18:29.727705 [debug] [MainThread]: On master: BEGIN
[0m10:18:29.730067 [debug] [MainThread]: Opening a new connection, currently in state closed
[0m10:18:29.743888 [debug] [MainThread]: SQL status: BEGIN in 0.0 seconds
[0m10:18:29.745326 [debug] [MainThread]: On master: COMMIT
[0m10:18:29.747462 [debug] [MainThread]: Using postgres connection "master"
[0m10:18:29.748813 [debug] [MainThread]: On master: COMMIT
[0m10:18:29.750478 [debug] [MainThread]: SQL status: COMMIT in 0.0 seconds
[0m10:18:29.751765 [debug] [MainThread]: On master: Close
[0m10:18:29.753575 [debug] [MainThread]: Connection 'master' was properly closed.
[0m10:18:29.754989 [debug] [MainThread]: Connection 'test.ecommerce_analytics.unique_mart_daily_sales_order_date.f90d005909' was properly closed.
[0m10:18:29.756435 [debug] [MainThread]: Connection 'test.ecommerce_analytics.not_null_mart_customer_orders_customer_id.65556082dc' was properly closed.
[0m10:18:29.757691 [debug] [MainThread]: Connection 'test.ecommerce_analytics.unique_mart_customer_orders_customer_id.dd48be91bc' was properly closed.
[0m10:18:29.759066 [debug] [MainThread]: Connection 'test.ecommerce_analytics.not_null_mart_revenue_by_category_category.0607d31a2e' was properly closed.
[0m10:18:29.760511 [info ] [MainThread]: 
[0m10:18:29.762499 [info ] [MainThread]: Finished running 6 tests in 0 hours 0 minutes and 0.72 seconds (0.72s).
[0m10:18:29.766728 [debug] [MainThread]: Command end result
[0m10:18:29.810471 [info ] [MainThread]: 
[0m10:18:29.812272 [info ] [MainThread]: [32mCompleted successfully[0m
[0m10:18:29.814410 [info ] [MainThread]: 
[0m10:18:29.816131 [info ] [MainThread]: Done. PASS=6 WARN=0 ERROR=0 SKIP=0 TOTAL=6
[0m10:18:29.818789 [debug] [MainThread]: Resource report: {"command_name": "test", "command_success": true, "command_wall_clock_time": 2.0885627, "process_user_time": 6.207766, "process_kernel_time": 0.465482, "process_mem_max_rss": "123568", "process_in_blocks": "0", "process_out_blocks": "0"}
[0m10:18:29.820565 [debug] [MainThread]: Command `dbt test` succeeded at 10:18:29.820190 after 2.09 seconds
[0m10:18:29.821919 [debug] [MainThread]: Sending event: {'category': 'dbt', 'action': 'invocation', 'label': 'end', 'context': [<snowplow_tracker.self_describing_json.SelfDescribingJson object at 0x7cf282fda3d0>, <snowplow_tracker.self_describing_json.SelfDescribingJson object at 0x7cf280101460>, <snowplow_tracker.self_describing_json.SelfDescribingJson object at 0x7cf27f909df0>]}
[0m10:18:29.823290 [debug] [MainThread]: Flushing usage events
[0m10:18:34.677843 [debug] [MainThread]: Sending event: {'category': 'dbt', 'action': 'invocation', 'label': 'start', 'context': [<snowplow_tracker.self_describing_json.SelfDescribingJson object at 0x7fb25c75a3d0>, <snowplow_tracker.self_describing_json.SelfDescribingJson object at 0x7fb25a5d0fd0>, <snowplow_tracker.self_describing_json.SelfDescribingJson object at 0x7fb25a5d0610>]}


============================== 10:18:34.711153 | ebdb43d7-d57c-4aa3-a478-01f16cbc2415 ==============================
[0m10:18:34.711153 [info ] [MainThread]: Running with dbt=1.7.0
[0m10:18:34.714257 [debug] [MainThread]: running dbt with arguments {'printer_width': '80', 'indirect_selection': 'eager', 'write_json': 'True', 'log_cache_events': 'False', 'partial_parse': 'True', 'cache_selected_only': 'False', 'warn_error': 'None', 'version_check': 'True', 'debug': 'False', 'log_path': '/opt/airflow/dbt_project/logs', 'fail_fast': 'False', 'profiles_dir': '.', 'use_colors': 'True', 'use_experimental_parser': 'False', 'no_print': 'None', 'quiet': 'False', 'log_format': 'default', 'invocation_command': 'dbt test --select marts --profiles-dir .', 'warn_error_options': 'WarnErrorOptions(include=[], exclude=[])', 'introspect': 'True', 'target_path': 'None', 'static_parser': 'True', 'send_anonymous_usage_stats': 'True'}
[0m10:18:35.388815 [debug] [MainThread]: Sending event: {'category': 'dbt', 'action': 'project_id', 'label': 'ebdb43d7-d57c-4aa3-a478-01f16cbc2415', 'context': [<snowplow_tracker.self_describing_json.SelfDescribingJson object at 0x7fb25caa4e80>]}
[0m10:18:35.683546 [debug] [MainThread]: Sending event: {'category': 'dbt', 'action': 'adapter_info', 'label': 'ebdb43d7-d57c-4aa3-a478-01f16cbc2415', 'context': [<snowplow_tracker.self_describing_json.SelfDescribingJson object at 0x7fb259bcd130>]}
[0m10:18:35.685546 [info ] [MainThread]: Registered adapter: postgres=1.7.0
[0m10:18:35.721703 [debug] [MainThread]: checksum: 8434eacd4ffdf0ca3ab22bf0e2d55b45306c9599613e842b959405abc489e606, vars: {}, profile: , target: , version: 1.7.0
[0m10:18:36.188521 [debug] [MainThread]: Partial parsing enabled: 0 files deleted, 0 files added, 0 files changed.
[0m10:18:36.189944 [debug] [MainThread]: Partial parsing enabled, no changes found, skipping parsing
[0m10:18:36.204417 [debug] [MainThread]: Sending event: {'category': 'dbt', 'action': 'load_project', 'label': 'ebdb43d7-d57c-4aa3-a478-01f16cbc2415', 'context': [<snowplow_tracker.self_describing_json.SelfDescribingJson object at 0x7fb2596b4f10>]}
[0m10:18:36.275311 [debug] [MainThread]: Sending event: {'category': 'dbt', 'action': 'resource_counts', 'label': 'ebdb43d7-d57c-4aa3-a478-01f16cbc2415', 'context': [<snowplow_tracker.self_describing_json.SelfDescribingJson object at 0x7fb259769ca0>]}
[0m10:18:36.277745 [info ] [MainThread]: Found 6 models, 17 tests, 0 sources, 0 exposures, 0 metrics, 401 macros, 0 groups, 0 semantic models
[0m10:18:36.279401 [debug] [MainThread]: Sending event: {'category': 'dbt', 'action': 'runnable_timing', 'label': 'ebdb43d7-d57c-4aa3-a478-01f16cbc2415', 'context': [<snowplow_tracker.self_describing_json.SelfDescribingJson object at 0x7fb259769dc0>]}
[0m10:18:36.282801 [info ] [MainThread]: 
[0m10:18:36.284864 [debug] [MainThread]: Acquiring new postgres connection 'master'
[0m10:18:36.288837 [debug] [ThreadPool]: Acquiring new postgres connection 'list_airflow_analytics_analytics'
[0m10:18:36.292897 [debug] [ThreadPool]: Acquiring new postgres connection 'list_airflow_analytics_staging'
[0m10:18:36.335573 [debug] [ThreadPool]: Using postgres connection "list_airflow_analytics_staging"
[0m10:18:36.336742 [debug] [ThreadPool]: Using postgres connection "list_airflow_analytics_analytics"
[0m10:18:36.338450 [debug] [ThreadPool]: On list_airflow_analytics_staging: BEGIN
[0m10:18:36.339879 [debug] [ThreadPool]: On list_airflow_analytics_analytics: BEGIN
[0m10:18:36.341795 [debug] [ThreadPool]: Opening a new connection, currently in state init
[0m10:18:36.344178 [debug] [ThreadPool]: Opening a new connection, currently in state init
[0m10:18:36.362768 [debug] [ThreadPool]: SQL status: BEGIN in 0.0 seconds
[0m10:18:36.364503 [debug] [ThreadPool]: Using postgres connection "list_airflow_analytics_analytics"
[0m10:18:36.365567 [debug] [ThreadPool]: SQL status: BEGIN in 0.0 seconds
[0m10:18:36.366630 [debug] [ThreadPool]: On list_airflow_analytics_analytics: /* {"app": "dbt", "dbt_version": "1.7.0", "profile_name": "ecommerce_analytics", "target_name": "dev", "connection_name": "list_airflow_analytics_analytics"} */
select
      'airflow' as database,
      tablename as name,
      schemaname as schema,
      'table' as type
    from pg_tables
    where schemaname ilike 'analytics_analytics'
    union all
    select
      'airflow' as database,
      viewname as name,
      schemaname as schema,
      'view' as type
    from pg_views
    where schemaname ilike 'analytics_analytics'
    union all
    select
      'airflow' as database,
      matviewname as name,
      schemaname as schema,
      'materialized_view' as type
    from pg_matviews
    where schemaname ilike 'analytics_analytics'
  
[0m10:18:36.368141 [debug] [ThreadPool]: Using postgres connection "list_airflow_analytics_staging"
[0m10:18:36.370339 [debug] [ThreadPool]: On list_airflow_analytics_staging: /* {"app": "dbt", "dbt_version": "1.7.0", "profile_name": "ecommerce_analytics", "target_name": "dev", "connection_name": "list_airflow_analytics_staging"} */
select
      'airflow' as database,
      tablename as name,
      schemaname as schema,
      'table' as type
    from pg_tables
    where schemaname ilike 'analytics_staging'
    union all
    select
      'airflow' as database,
      viewname as name,
      schemaname as schema,
      'view' as type
    from pg_views
    where schemaname ilike 'analytics_staging'
    union all
    select
      'airflow' as database,
      matviewname as name,
      schemaname as schema,
      'materialized_view' as type
    from pg_matviews
    where schemaname ilike 'analytics_staging'
  
[0m10:18:36.373868 [debug] [ThreadPool]: SQL status: SELECT 3 in 0.0 seconds
[0m10:18:36.377944 [debug] [ThreadPool]: On list_airflow_analytics_analytics: ROLLBACK
[0m10:18:36.379177 [debug] [ThreadPool]: SQL status: SELECT 3 in 0.0 seconds
[0m10:18:36.380615 [debug] [ThreadPool]: On list_airflow_analytics_analytics: Close
[0m10:18:36.383147 [debug] [ThreadPool]: On list_airflow_analytics_staging: ROLLBACK
[0m10:18:36.387777 [debug] [ThreadPool]: On list_airflow_analytics_staging: Close
[0m10:18:36.400559 [debug] [MainThread]: Using postgres connection "master"
[0m10:18:36.401985 [debug] [MainThread]: On master: BEGIN
[0m10:18:36.403228 [debug] [MainThread]: Opening a new connection, currently in state init
[0m10:18:36.420430 [debug] [MainThread]: SQL status: BEGIN in 0.0 seconds
[0m10:18:36.421884 [debug] [MainThread]: Using postgres connection "master"
[0m10:18:36.423721 [debug] [MainThread]: On master: /* {"app": "dbt", "dbt_version": "1.7.0", "profile_name": "ecommerce_analytics", "target_name": "dev", "connection_name": "master"} */
with relation as (
        select
            pg_rewrite.ev_class as class,
            pg_rewrite.oid as id
        from pg_rewrite
    ),
    class as (
        select
            oid as id,
            relname as name,
            relnamespace as schema,
            relkind as kind
        from pg_class
    ),
    dependency as (
        select distinct
            pg_depend.objid as id,
            pg_depend.refobjid as ref
        from pg_depend
    ),
    schema as (
        select
            pg_namespace.oid as id,
            pg_namespace.nspname as name
        from pg_namespace
        where nspname != 'information_schema' and nspname not like 'pg\_%'
    ),
    referenced as (
        select
            relation.id AS id,
            referenced_class.name ,
            referenced_class.schema ,
            referenced_class.kind
        from relation
        join class as referenced_class on relation.class=referenced_class.id
        where referenced_class.kind in ('r', 'v', 'm')
    ),
    relationships as (
        select
            referenced.name as referenced_name,
            referenced.schema as referenced_schema_id,
            dependent_class.name as dependent_name,
            dependent_class.schema as dependent_schema_id,
            referenced.kind as kind
        from referenced
        join dependency on referenced.id=dependency.id
        join class as dependent_class on dependency.ref=dependent_class.id
        where
            (referenced.name != dependent_class.name or
             referenced.schema != dependent_class.schema)
    )

    select
        referenced_schema.name as referenced_schema,
        relationships.referenced_name as referenced_name,
        dependent_schema.name as dependent_schema,
        relationships.dependent_name as dependent_name
    from relationships
    join schema as dependent_schema on relationships.dependent_schema_id=dependent_schema.id
    join schema as referenced_schema on relationships.referenced_schema_id=referenced_schema.id
    group by referenced_schema, referenced_name, dependent_schema, dependent_name
    order by referenced_schema, referenced_name, dependent_schema, dependent_name;
[0m10:18:36.470917 [debug] [MainThread]: SQL status: SELECT 3 in 0.0 seconds
[0m10:18:36.474072 [debug] [MainThread]: Sending event: {'category': 'dbt', 'action': 'runnable_timing', 'label': 'ebdb43d7-d57c-4aa3-a478-01f16cbc2415', 'context': [<snowplow_tracker.self_describing_json.SelfDescribingJson object at 0x7fb2596bf370>]}
[0m10:18:36.477409 [debug] [MainThread]: On master: ROLLBACK
[0m10:18:36.479090 [debug] [MainThread]: Using postgres connection "master"
[0m10:18:36.480363 [debug] [MainThread]: On master: BEGIN
[0m10:18:36.482308 [debug] [MainThread]: SQL status: BEGIN in 0.0 seconds
[0m10:18:36.483895 [debug] [MainThread]: On master: COMMIT
[0m10:18:36.485518 [debug] [MainThread]: Using postgres connection "master"
[0m10:18:36.486746 [debug] [MainThread]: On master: COMMIT
[0m10:18:36.488298 [debug] [MainThread]: SQL status: COMMIT in 0.0 seconds
[0m10:18:36.489504 [debug] [MainThread]: On master: Close
[0m10:18:36.492436 [info ] [MainThread]: Concurrency: 4 threads (target='dev')
[0m10:18:36.494264 [info ] [MainThread]: 
[0m10:18:36.509766 [debug] [Thread-1  ]: Began running node test.ecommerce_analytics.not_null_mart_customer_orders_customer_id.65556082dc
[0m10:18:36.511623 [debug] [Thread-2  ]: Began running node test.ecommerce_analytics.not_null_mart_customer_orders_total_revenue.2fff1d6d64
[0m10:18:36.512797 [debug] [Thread-3  ]: Began running node test.ecommerce_analytics.not_null_mart_daily_sales_order_date.0e908a3de5
[0m10:18:36.513837 [info ] [Thread-1  ]: 1 of 6 START test not_null_mart_customer_orders_customer_id .................... [RUN]
[0m10:18:36.515260 [debug] [Thread-4  ]: Began running node test.ecommerce_analytics.not_null_mart_revenue_by_category_category.0607d31a2e
[0m10:18:36.516363 [info ] [Thread-2  ]: 2 of 6 START test not_null_mart_customer_orders_total_revenue .................. [RUN]
[0m10:18:36.518175 [info ] [Thread-3  ]: 3 of 6 START test not_null_mart_daily_sales_order_date ......................... [RUN]
[0m10:18:36.520410 [debug] [Thread-1  ]: Re-using an available connection from the pool (formerly list_airflow_analytics_analytics, now test.ecommerce_analytics.not_null_mart_customer_orders_customer_id.65556082dc)
[0m10:18:36.521979 [info ] [Thread-4  ]: 4 of 6 START test not_null_mart_revenue_by_category_category ................... [RUN]
[0m10:18:36.524345 [debug] [Thread-2  ]: Re-using an available connection from the pool (formerly list_airflow_analytics_staging, now test.ecommerce_analytics.not_null_mart_customer_orders_total_revenue.2fff1d6d64)
[0m10:18:36.527103 [debug] [Thread-3  ]: Acquiring new postgres connection 'test.ecommerce_analytics.not_null_mart_daily_sales_order_date.0e908a3de5'
[0m10:18:36.528929 [debug] [Thread-1  ]: Began compiling node test.ecommerce_analytics.not_null_mart_customer_orders_customer_id.65556082dc
[0m10:18:36.531134 [debug] [Thread-4  ]: Acquiring new postgres connection 'test.ecommerce_analytics.not_null_mart_revenue_by_category_category.0607d31a2e'
[0m10:18:36.532714 [debug] [Thread-2  ]: Began compiling node test.ecommerce_analytics.not_null_mart_customer_orders_total_revenue.2fff1d6d64
[0m10:18:36.534334 [debug] [Thread-3  ]: Began compiling node test.ecommerce_analytics.not_null_mart_daily_sales_order_date.0e908a3de5
[0m10:18:36.547545 [debug] [Thread-4  ]: Began compiling node test.ecommerce_analytics.not_null_mart_revenue_by_category_category.0607d31a2e
[0m10:18:36.581141 [debug] [Thread-1  ]: Writing injected SQL for node "test.ecommerce_analytics.not_null_mart_customer_orders_customer_id.65556082dc"
[0m10:18:36.579535 [debug] [Thread-2  ]: Writing injected SQL for node "test.ecommerce_analytics.not_null_mart_customer_orders_total_revenue.2fff1d6d64"
[0m10:18:36.591447 [debug] [Thread-3  ]: Writing injected SQL for node "test.ecommerce_analytics.not_null_mart_daily_sales_order_date.0e908a3de5"
[0m10:18:36.604523 [debug] [Thread-4  ]: Writing injected SQL for node "test.ecommerce_analytics.not_null_mart_revenue_by_category_category.0607d31a2e"
[0m10:18:36.617576 [debug] [Thread-2  ]: Timing info for test.ecommerce_analytics.not_null_mart_customer_orders_total_revenue.2fff1d6d64 (compile): 10:18:36.564102 => 10:18:36.616846
[0m10:18:36.618902 [debug] [Thread-3  ]: Timing info for test.ecommerce_analytics.not_null_mart_daily_sales_order_date.0e908a3de5 (compile): 10:18:36.582783 => 10:18:36.618373
[0m10:18:36.620238 [debug] [Thread-2  ]: Began executing node test.ecommerce_analytics.not_null_mart_customer_orders_total_revenue.2fff1d6d64
[0m10:18:36.622287 [debug] [Thread-3  ]: Began executing node test.ecommerce_analytics.not_null_mart_daily_sales_order_date.0e908a3de5
[0m10:18:36.630490 [debug] [Thread-1  ]: Timing info for test.ecommerce_analytics.not_null_mart_customer_orders_customer_id.65556082dc (compile): 10:18:36.535486 => 10:18:36.629824
[0m10:18:36.631820 [debug] [Thread-4  ]: Timing info for test.ecommerce_analytics.not_null_mart_revenue_by_category_category.0607d31a2e (compile): 10:18:36.592345 => 10:18:36.631125
[0m10:18:36.654807 [debug] [Thread-1  ]: Began executing node test.ecommerce_analytics.not_null_mart_customer_orders_customer_id.65556082dc
[0m10:18:36.670880 [debug] [Thread-4  ]: Began executing node test.ecommerce_analytics.not_null_mart_revenue_by_category_category.0607d31a2e
[0m10:18:36.679678 [debug] [Thread-2  ]: Writing runtime sql for node "test.ecommerce_analytics.not_null_mart_customer_orders_total_revenue.2fff1d6d64"
[0m10:18:36.684439 [debug] [Thread-3  ]: Writing runtime sql for node "test.ecommerce_analytics.not_null_mart_daily_sales_order_date.0e908a3de5"
[0m10:18:36.690333 [debug] [Thread-1  ]: Writing runtime sql for node "test.ecommerce_analytics.not_null_mart_customer_orders_customer_id.65556082dc"
[0m10:18:36.697196 [debug] [Thread-4  ]: Writing runtime sql for node "test.ecommerce_analytics.not_null_mart_revenue_by_category_category.0607d31a2e"
[0m10:18:36.710698 [debug] [Thread-2  ]: Using postgres connection "test.ecommerce_analytics.not_null_mart_customer_orders_total_revenue.2fff1d6d64"
[0m10:18:36.712600 [debug] [Thread-2  ]: On test.ecommerce_analytics.not_null_mart_customer_orders_total_revenue.2fff1d6d64: BEGIN
[0m10:18:36.714105 [debug] [Thread-4  ]: Using postgres connection "test.ecommerce_analytics.not_null_mart_revenue_by_category_category.0607d31a2e"
[0m10:18:36.715580 [debug] [Thread-2  ]: Opening a new connection, currently in state closed
[0m10:18:36.717485 [debug] [Thread-4  ]: On test.ecommerce_analytics.not_null_mart_revenue_by_category_category.0607d31a2e: BEGIN
[0m10:18:36.718753 [debug] [Thread-1  ]: Using postgres connection "test.ecommerce_analytics.not_null_mart_customer_orders_customer_id.65556082dc"
[0m10:18:36.720342 [debug] [Thread-3  ]: Using postgres connection "test.ecommerce_analytics.not_null_mart_daily_sales_order_date.0e908a3de5"
[0m10:18:36.721433 [debug] [Thread-4  ]: Opening a new connection, currently in state init
[0m10:18:36.723083 [debug] [Thread-1  ]: On test.ecommerce_analytics.not_null_mart_customer_orders_customer_id.65556082dc: BEGIN
[0m10:18:36.725479 [debug] [Thread-3  ]: On test.ecommerce_analytics.not_null_mart_daily_sales_order_date.0e908a3de5: BEGIN
[0m10:18:36.728670 [debug] [Thread-1  ]: Opening a new connection, currently in state closed
[0m10:18:36.730756 [debug] [Thread-3  ]: Opening a new connection, currently in state init
[0m10:18:36.734755 [debug] [Thread-2  ]: SQL status: BEGIN in 0.0 seconds
[0m10:18:36.736809 [debug] [Thread-2  ]: Using postgres connection "test.ecommerce_analytics.not_null_mart_customer_orders_total_revenue.2fff1d6d64"
[0m10:18:36.742971 [debug] [Thread-2  ]: On test.ecommerce_analytics.not_null_mart_customer_orders_total_revenue.2fff1d6d64: /* {"app": "dbt", "dbt_version": "1.7.0", "profile_name": "ecommerce_analytics", "target_name": "dev", "node_id": "test.ecommerce_analytics.not_null_mart_customer_orders_total_revenue.2fff1d6d64"} */
select
      count(*) as failures,
      count(*) != 0 as should_warn,
      count(*) != 0 as should_error
    from (
      
    
    



select total_revenue
from "airflow"."analytics_analytics"."mart_customer_orders"
where total_revenue is null



      
    ) dbt_internal_test
[0m10:18:36.746204 [debug] [Thread-4  ]: SQL status: BEGIN in 0.0 seconds
[0m10:18:36.748203 [debug] [Thread-2  ]: SQL status: SELECT 1 in 0.0 seconds
[0m10:18:36.749969 [debug] [Thread-4  ]: Using postgres connection "test.ecommerce_analytics.not_null_mart_revenue_by_category_category.0607d31a2e"
[0m10:18:36.751786 [debug] [Thread-3  ]: SQL status: BEGIN in 0.0 seconds
[0m10:18:36.758826 [debug] [Thread-1  ]: SQL status: BEGIN in 0.0 seconds
[0m10:18:36.760081 [debug] [Thread-2  ]: Timing info for test.ecommerce_analytics.not_null_mart_customer_orders_total_revenue.2fff1d6d64 (execute): 10:18:36.624382 => 10:18:36.756508
[0m10:18:36.761818 [debug] [Thread-4  ]: On test.ecommerce_analytics.not_null_mart_revenue_by_category_category.0607d31a2e: /* {"app": "dbt", "dbt_version": "1.7.0", "profile_name": "ecommerce_analytics", "target_name": "dev", "node_id": "test.ecommerce_analytics.not_null_mart_revenue_by_category_category.0607d31a2e"} */
select
      count(*) as failures,
      count(*) != 0 as should_warn,
      count(*) != 0 as should_error
    from (
      
    
    



select category
from "airflow"."analytics_analytics"."mart_revenue_by_category"
where category is null



      
    ) dbt_internal_test
[0m10:18:36.763529 [debug] [Thread-3  ]: Using postgres connection "test.ecommerce_analytics.not_null_mart_daily_sales_order_date.0e908a3de5"
[0m10:18:36.765064 [debug] [Thread-1  ]: Using postgres connection "test.ecommerce_analytics.not_null_mart_customer_orders_customer_id.65556082dc"
[0m10:18:36.767167 [debug] [Thread-2  ]: On test.ecommerce_analytics.not_null_mart_customer_orders_total_revenue.2fff1d6d64: ROLLBACK
[0m10:18:36.769435 [debug] [Thread-3  ]: On test.ecommerce_analytics.not_null_mart_daily_sales_order_date.0e908a3de5: /* {"app": "dbt", "dbt_version": "1.7.0", "profile_name": "ecommerce_analytics", "target_name": "dev", "node_id": "test.ecommerce_analytics.not_null_mart_daily_sales_order_date.0e908a3de5"} */
select
      count(*) as failures,
      count(*) != 0 as should_warn,
      count(*) != 0 as should_error
    from (
      
    
    



select order_date
from "airflow"."analytics_analytics"."mart_daily_sales"
where order_date is null



      
    ) dbt_internal_test
[0m10:18:36.770719 [debug] [Thread-4  ]: SQL status: SELECT 1 in 0.0 seconds
[0m10:18:36.771769 [debug] [Thread-1  ]: On test.ecommerce_analytics.not_null_mart_customer_orders_customer_id.65556082dc: /* {"app": "dbt", "dbt_version": "1.7.0", "profile_name": "ecommerce_analytics", "target_name": "dev", "node_id": "test.ecommerce_analytics.not_null_mart_customer_orders_customer_id.65556082dc"} */
select
      count(*) as failures,
      count(*) != 0 as should_warn,
      count(*) != 0 as should_error
    from (
      
    
    



select customer_id
from "airflow"."analytics_analytics"."mart_customer_orders"
where customer_id is null



      
    ) dbt_internal_test
[0m10:18:36.774345 [debug] [Thread-2  ]: On test.ecommerce_analytics.not_null_mart_customer_orders_total_revenue.2fff1d6d64: Close
[0m10:18:36.779645 [debug] [Thread-4  ]: Timing info for test.ecommerce_analytics.not_null_mart_revenue_by_category_category.0607d31a2e (execute): 10:18:36.692283 => 10:18:36.779001
[0m10:18:36.780980 [debug] [Thread-3  ]: SQL status: SELECT 1 in 0.0 seconds
[0m10:18:36.783801 [info ] [Thread-2  ]: 2 of 6 PASS not_null_mart_customer_orders_total_revenue ........................ [[32mPASS[0m in 0.26s]
[0m10:18:36.785219 [debug] [Thread-1  ]: SQL status: SELECT 1 in 0.0 seconds
[0m10:18:36.786495 [debug] [Thread-4  ]: On test.ecommerce_analytics.not_null_mart_revenue_by_category_category.0607d31a2e: ROLLBACK
[0m10:18:36.790048 [debug] [Thread-3  ]: Timing info for test.ecommerce_analytics.not_null_mart_daily_sales_order_date.0e908a3de5 (execute): 10:18:36.638282 => 10:18:36.789502
[0m10:18:36.793347 [debug] [Thread-2  ]: Finished running node test.ecommerce_analytics.not_null_mart_customer_orders_total_revenue.2fff1d6d64
[0m10:18:36.797616 [debug] [Thread-1  ]: Timing info for test.ecommerce_analytics.not_null_mart_customer_orders_customer_id.65556082dc (execute): 10:18:36.685795 => 10:18:36.796983
[0m10:18:36.799951 [debug] [Thread-3  ]: On test.ecommerce_analytics.not_null_mart_daily_sales_order_date.0e908a3de5: ROLLBACK
[0m10:18:36.800980 [debug] [Thread-4  ]: On test.ecommerce_analytics.not_null_mart_revenue_by_category_category.0607d31a2e: Close
[0m10:18:36.802874 [debug] [Thread-2  ]: Began running node test.ecommerce_analytics.unique_mart_customer_orders_customer_id.dd48be91bc
[0m10:18:36.804529 [debug] [Thread-1  ]: On test.ecommerce_analytics.not_null_mart_customer_orders_customer_id.65556082dc: ROLLBACK
[0m10:18:36.806572 [debug] [Thread-3  ]: On test.ecommerce_analytics.not_null_mart_daily_sales_order_date.0e908a3de5: Close
[0m10:18:36.809797 [info ] [Thread-4  ]: 4 of 6 PASS not_null_mart_revenue_by_category_category ......................... [[32mPASS[0m in 0.28s]
[0m10:18:36.811697 [info ] [Thread-2  ]: 5 of 6 START test unique_mart_customer_orders_customer_id ...................... [RUN]
[0m10:18:36.813714 [debug] [Thread-1  ]: On test.ecommerce_analytics.not_null_mart_customer_orders_customer_id.65556082dc: Close
[0m10:18:36.815961 [info ] [Thread-3  ]: 3 of 6 PASS not_null_mart_daily_sales_order_date ............................... [[32mPASS[0m in 0.29s]
[0m10:18:36.817914 [debug] [Thread-4  ]: Finished running node test.ecommerce_analytics.not_null_mart_revenue_by_category_category.0607d31a2e
[0m10:18:36.820213 [debug] [Thread-2  ]: Re-using an available connection from the pool (formerly test.ecommerce_analytics.not_null_mart_customer_orders_total_revenue.2fff1d6d64, now test.ecommerce_analytics.unique_mart_customer_orders_customer_id.dd48be91bc)
[0m10:18:36.822926 [info ] [Thread-1  ]: 1 of 6 PASS not_null_mart_customer_orders_customer_id .......................... [[32mPASS[0m in 0.30s]
[0m10:18:36.825562 [debug] [Thread-3  ]: Finished running node test.ecommerce_analytics.not_null_mart_daily_sales_order_date.0e908a3de5
[0m10:18:36.834445 [debug] [Thread-4  ]: Began running node test.ecommerce_analytics.unique_mart_daily_sales_order_date.f90d005909
[0m10:18:36.837437 [debug] [Thread-2  ]: Began compiling node test.ecommerce_analytics.unique_mart_customer_orders_customer_id.dd48be91bc
[0m10:18:36.840291 [debug] [Thread-1  ]: Finished running node test.ecommerce_analytics.not_null_mart_customer_orders_customer_id.65556082dc
[0m10:18:36.844205 [info ] [Thread-4  ]: 6 of 6 START test unique_mart_daily_sales_order_date ........................... [RUN]
[0m10:18:36.862860 [debug] [Thread-2  ]: Writing injected SQL for node "test.ecommerce_analytics.unique_mart_customer_orders_customer_id.dd48be91bc"
[0m10:18:36.865457 [debug] [Thread-4  ]: Re-using an available connection from the pool (formerly test.ecommerce_analytics.not_null_mart_revenue_by_category_category.0607d31a2e, now test.ecommerce_analytics.unique_mart_daily_sales_order_date.f90d005909)
[0m10:18:36.868004 [debug] [Thread-4  ]: Began compiling node test.ecommerce_analytics.unique_mart_daily_sales_order_date.f90d005909
[0m10:18:36.882762 [debug] [Thread-4  ]: Writing injected SQL for node "test.ecommerce_analytics.unique_mart_daily_sales_order_date.f90d005909"
[0m10:18:36.887300 [debug] [Thread-2  ]: Timing info for test.ecommerce_analytics.unique_mart_customer_orders_customer_id.dd48be91bc (compile): 10:18:36.846172 => 10:18:36.886264
[0m10:18:36.889060 [debug] [Thread-2  ]: Began executing node test.ecommerce_analytics.unique_mart_customer_orders_customer_id.dd48be91bc
[0m10:18:36.900150 [debug] [Thread-2  ]: Writing runtime sql for node "test.ecommerce_analytics.unique_mart_customer_orders_customer_id.dd48be91bc"
[0m10:18:36.901766 [debug] [Thread-4  ]: Timing info for test.ecommerce_analytics.unique_mart_daily_sales_order_date.f90d005909 (compile): 10:18:36.869252 => 10:18:36.900938
[0m10:18:36.903935 [debug] [Thread-4  ]: Began executing node test.ecommerce_analytics.unique_mart_daily_sales_order_date.f90d005909
[0m10:18:36.912417 [debug] [Thread-4  ]: Writing runtime sql for node "test.ecommerce_analytics.unique_mart_daily_sales_order_date.f90d005909"
[0m10:18:36.922520 [debug] [Thread-2  ]: Using postgres connection "test.ecommerce_analytics.unique_mart_customer_orders_customer_id.dd48be91bc"
[0m10:18:36.924527 [debug] [Thread-2  ]: On test.ecommerce_analytics.unique_mart_customer_orders_customer_id.dd48be91bc: BEGIN
[0m10:18:36.926905 [debug] [Thread-2  ]: Opening a new connection, currently in state closed
[0m10:18:36.928354 [debug] [Thread-4  ]: Using postgres connection "test.ecommerce_analytics.unique_mart_daily_sales_order_date.f90d005909"
[0m10:18:36.930469 [debug] [Thread-4  ]: On test.ecommerce_analytics.unique_mart_daily_sales_order_date.f90d005909: BEGIN
[0m10:18:36.932248 [debug] [Thread-4  ]: Opening a new connection, currently in state closed
[0m10:18:36.948046 [debug] [Thread-4  ]: SQL status: BEGIN in 0.0 seconds
[0m10:18:36.949322 [debug] [Thread-2  ]: SQL status: BEGIN in 0.0 seconds
[0m10:18:36.950606 [debug] [Thread-4  ]: Using postgres connection "test.ecommerce_analytics.unique_mart_daily_sales_order_date.f90d005909"
[0m10:18:36.952196 [debug] [Thread-2  ]: Using postgres connection "test.ecommerce_analytics.unique_mart_customer_orders_customer_id.dd48be91bc"
[0m10:18:36.953771 [debug] [Thread-4  ]: On test.ecommerce_analytics.unique_mart_daily_sales_order_date.f90d005909: /* {"app": "dbt", "dbt_version": "1.7.0", "profile_name": "ecommerce_analytics", "target_name": "dev", "node_id": "test.ecommerce_analytics.unique_mart_daily_sales_order_date.f90d005909"} */
select
      count(*) as failures,
      count(*) != 0 as should_warn,
      count(*) != 0 as should_error
    from (
      
    
    

select
    order_date as unique_field,
    count(*) as n_records

from "airflow"."analytics_analytics"."mart_daily_sales"
where order_date is not null
group by order_date
having count(*) > 1



      
    ) dbt_internal_test
[0m10:18:36.955399 [debug] [Thread-2  ]: On test.ecommerce_analytics.unique_mart_customer_orders_customer_id.dd48be91bc: /* {"app": "dbt", "dbt_version": "1.7.0", "profile_name": "ecommerce_analytics", "target_name": "dev", "node_id": "test.ecommerce_analytics.unique_mart_customer_orders_customer_id.dd48be91bc"} */
select
      count(*) as failures,
      count(*) != 0 as should_warn,
      count(*) != 0 as should_error
    from (
      
    
    

select
    customer_id as unique_field,
    count(*) as n_records

from "airflow"."analytics_analytics"."mart_customer_orders"
where customer_id is not null
group by customer_id
having count(*) > 1



      
    ) dbt_internal_test
[0m10:18:36.960090 [debug] [Thread-4  ]: SQL status: SELECT 1 in 0.0 seconds
[0m10:18:36.961339 [debug] [Thread-2  ]: SQL status: SELECT 1 in 0.0 seconds
[0m10:18:36.964800 [debug] [Thread-4  ]: Timing info for test.ecommerce_analytics.unique_mart_daily_sales_order_date.f90d005909 (execute): 10:18:36.905345 => 10:18:36.964135
[0m10:18:36.968546 [debug] [Thread-2  ]: Timing info for test.ecommerce_analytics.unique_mart_customer_orders_customer_id.dd48be91bc (execute): 10:18:36.890404 => 10:18:36.967852
[0m10:18:36.970249 [debug] [Thread-4  ]: On test.ecommerce_analytics.unique_mart_daily_sales_order_date.f90d005909: ROLLBACK
[0m10:18:36.971766 [debug] [Thread-2  ]: On test.ecommerce_analytics.unique_mart_customer_orders_customer_id.dd48be91bc: ROLLBACK
[0m10:18:36.974362 [debug] [Thread-4  ]: On test.ecommerce_analytics.unique_mart_daily_sales_order_date.f90d005909: Close
[0m10:18:36.976432 [debug] [Thread-2  ]: On test.ecommerce_analytics.unique_mart_customer_orders_customer_id.dd48be91bc: Close
[0m10:18:36.978720 [info ] [Thread-4  ]: 6 of 6 PASS unique_mart_daily_sales_order_date ................................. [[32mPASS[0m in 0.11s]
[0m10:18:36.983555 [debug] [Thread-4  ]: Finished running node test.ecommerce_analytics.unique_mart_daily_sales_order_date.f90d005909
[0m10:18:36.981757 [info ] [Thread-2  ]: 5 of 6 PASS unique_mart_customer_orders_customer_id ............................ [[32mPASS[0m in 0.16s]
[0m10:18:36.986617 [debug] [Thread-2  ]: Finished running node test.ecommerce_analytics.unique_mart_customer_orders_customer_id.dd48be91bc
[0m10:18:36.991809 [debug] [MainThread]: Using postgres connection "master"
[0m10:18:36.993765 [debug] [MainThread]: On master: BEGIN
[0m10:18:36.995240 [debug] [MainThread]: Opening a new connection, currently in state closed
[0m10:18:37.010291 [debug] [MainThread]: SQL status: BEGIN in 0.0 seconds
[0m10:18:37.011949 [debug] [MainThread]: On master: COMMIT
[0m10:18:37.013314 [debug] [MainThread]: Using postgres connection "master"
[0m10:18:37.014749 [debug] [MainThread]: On master: COMMIT
[0m10:18:37.016540 [debug] [MainThread]: SQL status: COMMIT in 0.0 seconds
[0m10:18:37.017926 [debug] [MainThread]: On master: Close
[0m10:18:37.019955 [debug] [MainThread]: Connection 'master' was properly closed.
[0m10:18:37.021245 [debug] [MainThread]: Connection 'test.ecommerce_analytics.not_null_mart_customer_orders_customer_id.65556082dc' was properly closed.
[0m10:18:37.022586 [debug] [MainThread]: Connection 'test.ecommerce_analytics.unique_mart_customer_orders_customer_id.dd48be91bc' was properly closed.
[0m10:18:37.024104 [debug] [MainThread]: Connection 'test.ecommerce_analytics.not_null_mart_daily_sales_order_date.0e908a3de5' was properly closed.
[0m10:18:37.025784 [debug] [MainThread]: Connection 'test.ecommerce_analytics.unique_mart_daily_sales_order_date.f90d005909' was properly closed.
[0m10:18:37.027551 [info ] [MainThread]: 
[0m10:18:37.029147 [info ] [MainThread]: Finished running 6 tests in 0 hours 0 minutes and 0.74 seconds (0.74s).
[0m10:18:37.032782 [debug] [MainThread]: Command end result
[0m10:18:37.079943 [info ] [MainThread]: 
[0m10:18:37.081478 [info ] [MainThread]: [32mCompleted successfully[0m
[0m10:18:37.082897 [info ] [MainThread]: 
[0m10:18:37.084165 [info ] [MainThread]: Done. PASS=6 WARN=0 ERROR=0 SKIP=0 TOTAL=6
[0m10:18:37.086348 [debug] [MainThread]: Resource report: {"command_name": "test", "command_success": true, "command_wall_clock_time": 2.6602247, "process_user_time": 6.044979, "process_kernel_time": 0.440654, "process_mem_max_rss": "123388", "process_in_blocks": "0", "process_out_blocks": "0"}
[0m10:18:37.087929 [debug] [MainThread]: Command `dbt test` succeeded at 10:18:37.087589 after 2.66 seconds
[0m10:18:37.089204 [debug] [MainThread]: Sending event: {'category': 'dbt', 'action': 'invocation', 'label': 'end', 'context': [<snowplow_tracker.self_describing_json.SelfDescribingJson object at 0x7fb25c75a3d0>, <snowplow_tracker.self_describing_json.SelfDescribingJson object at 0x7fb25f2c1040>, <snowplow_tracker.self_describing_json.SelfDescribingJson object at 0x7fb259bcd130>]}
[0m10:18:37.091072 [debug] [MainThread]: Flushing usage events
[0m10:18:38.435028 [debug] [MainThread]: Sending event: {'category': 'dbt', 'action': 'invocation', 'label': 'start', 'context': [<snowplow_tracker.self_describing_json.SelfDescribingJson object at 0x7b5d60a1a3d0>, <snowplow_tracker.self_describing_json.SelfDescribingJson object at 0x7b5d5e893eb0>, <snowplow_tracker.self_describing_json.SelfDescribingJson object at 0x7b5d5e893760>]}


============================== 10:18:38.446518 | 65c7bf81-ed74-424f-b59a-52ef1b83b858 ==============================
[0m10:18:38.446518 [info ] [MainThread]: Running with dbt=1.7.0
[0m10:18:38.447906 [debug] [MainThread]: running dbt with arguments {'printer_width': '80', 'indirect_selection': 'eager', 'write_json': 'True', 'log_cache_events': 'False', 'partial_parse': 'True', 'cache_selected_only': 'False', 'profiles_dir': '.', 'fail_fast': 'False', 'version_check': 'True', 'log_path': '/opt/airflow/dbt_project/logs', 'debug': 'False', 'warn_error': 'None', 'use_colors': 'True', 'use_experimental_parser': 'False', 'no_print': 'None', 'quiet': 'False', 'warn_error_options': 'WarnErrorOptions(include=[], exclude=[])', 'invocation_command': 'dbt docs generate --profiles-dir .', 'static_parser': 'True', 'log_format': 'default', 'target_path': 'None', 'introspect': 'True', 'send_anonymous_usage_stats': 'True'}
[0m10:18:38.900664 [debug] [MainThread]: Sending event: {'category': 'dbt', 'action': 'project_id', 'label': '65c7bf81-ed74-424f-b59a-52ef1b83b858', 'context': [<snowplow_tracker.self_describing_json.SelfDescribingJson object at 0x7b5d5db7d3a0>]}
[0m10:18:39.078789 [debug] [MainThread]: Sending event: {'category': 'dbt', 'action': 'adapter_info', 'label': '65c7bf81-ed74-424f-b59a-52ef1b83b858', 'context': [<snowplow_tracker.self_describing_json.SelfDescribingJson object at 0x7b5d5db9afd0>]}
[0m10:18:39.080691 [info ] [MainThread]: Registered adapter: postgres=1.7.0
[0m10:18:39.111162 [debug] [MainThread]: checksum: 8434eacd4ffdf0ca3ab22bf0e2d55b45306c9599613e842b959405abc489e606, vars: {}, profile: , target: , version: 1.7.0
[0m10:18:39.566390 [debug] [MainThread]: Partial parsing enabled: 0 files deleted, 0 files added, 0 files changed.
[0m10:18:39.567737 [debug] [MainThread]: Partial parsing enabled, no changes found, skipping parsing
[0m10:18:39.580300 [debug] [MainThread]: Sending event: {'category': 'dbt', 'action': 'load_project', 'label': '65c7bf81-ed74-424f-b59a-52ef1b83b858', 'context': [<snowplow_tracker.self_describing_json.SelfDescribingJson object at 0x7b5d5d6b4ee0>]}
[0m10:18:39.613421 [debug] [MainThread]: Sending event: {'category': 'dbt', 'action': 'resource_counts', 'label': '65c7bf81-ed74-424f-b59a-52ef1b83b858', 'context': [<snowplow_tracker.self_describing_json.SelfDescribingJson object at 0x7b5d5d770d60>]}
[0m10:18:39.614924 [info ] [MainThread]: Found 6 models, 17 tests, 0 sources, 0 exposures, 0 metrics, 401 macros, 0 groups, 0 semantic models
[0m10:18:39.616337 [debug] [MainThread]: Sending event: {'category': 'dbt', 'action': 'runnable_timing', 'label': '65c7bf81-ed74-424f-b59a-52ef1b83b858', 'context': [<snowplow_tracker.self_describing_json.SelfDescribingJson object at 0x7b5d5d770e80>]}
[0m10:18:39.620275 [info ] [MainThread]: 
[0m10:18:39.623194 [debug] [MainThread]: Acquiring new postgres connection 'master'
[0m10:18:39.626980 [debug] [ThreadPool]: Acquiring new postgres connection 'list_airflow_analytics_staging'
[0m10:18:39.628947 [debug] [ThreadPool]: Acquiring new postgres connection 'list_airflow_analytics_analytics'
[0m10:18:39.668849 [debug] [ThreadPool]: Using postgres connection "list_airflow_analytics_staging"
[0m10:18:39.673704 [debug] [ThreadPool]: Using postgres connection "list_airflow_analytics_analytics"
[0m10:18:39.674995 [debug] [ThreadPool]: On list_airflow_analytics_staging: BEGIN
[0m10:18:39.676591 [debug] [ThreadPool]: On list_airflow_analytics_analytics: BEGIN
[0m10:18:39.678043 [debug] [ThreadPool]: Opening a new connection, currently in state init
[0m10:18:39.679739 [debug] [ThreadPool]: Opening a new connection, currently in state init
[0m10:18:39.695050 [debug] [ThreadPool]: SQL status: BEGIN in 0.0 seconds
[0m10:18:39.696095 [debug] [ThreadPool]: SQL status: BEGIN in 0.0 seconds
[0m10:18:39.697105 [debug] [ThreadPool]: Using postgres connection "list_airflow_analytics_analytics"
[0m10:18:39.698667 [debug] [ThreadPool]: Using postgres connection "list_airflow_analytics_staging"
[0m10:18:39.702624 [debug] [ThreadPool]: On list_airflow_analytics_analytics: /* {"app": "dbt", "dbt_version": "1.7.0", "profile_name": "ecommerce_analytics", "target_name": "dev", "connection_name": "list_airflow_analytics_analytics"} */
select
      'airflow' as database,
      tablename as name,
      schemaname as schema,
      'table' as type
    from pg_tables
    where schemaname ilike 'analytics_analytics'
    union all
    select
      'airflow' as database,
      viewname as name,
      schemaname as schema,
      'view' as type
    from pg_views
    where schemaname ilike 'analytics_analytics'
    union all
    select
      'airflow' as database,
      matviewname as name,
      schemaname as schema,
      'materialized_view' as type
    from pg_matviews
    where schemaname ilike 'analytics_analytics'
  
[0m10:18:39.704039 [debug] [ThreadPool]: On list_airflow_analytics_staging: /* {"app": "dbt", "dbt_version": "1.7.0", "profile_name": "ecommerce_analytics", "target_name": "dev", "connection_name": "list_airflow_analytics_staging"} */
select
      'airflow' as database,
      tablename as name,
      schemaname as schema,
      'table' as type
    from pg_tables
    where schemaname ilike 'analytics_staging'
    union all
    select
      'airflow' as database,
      viewname as name,
      schemaname as schema,
      'view' as type
    from pg_views
    where schemaname ilike 'analytics_staging'
    union all
    select
      'airflow' as database,
      matviewname as name,
      schemaname as schema,
      'materialized_view' as type
    from pg_matviews
    where schemaname ilike 'analytics_staging'
  
[0m10:18:39.710854 [debug] [ThreadPool]: SQL status: SELECT 3 in 0.0 seconds
[0m10:18:39.711999 [debug] [ThreadPool]: SQL status: SELECT 3 in 0.0 seconds
[0m10:18:39.714660 [debug] [ThreadPool]: On list_airflow_analytics_analytics: ROLLBACK
[0m10:18:39.718001 [debug] [ThreadPool]: On list_airflow_analytics_staging: ROLLBACK
[0m10:18:39.720028 [debug] [ThreadPool]: On list_airflow_analytics_analytics: Close
[0m10:18:39.721319 [debug] [ThreadPool]: On list_airflow_analytics_staging: Close
[0m10:18:39.736522 [debug] [MainThread]: Using postgres connection "master"
[0m10:18:39.737989 [debug] [MainThread]: On master: BEGIN
[0m10:18:39.740036 [debug] [MainThread]: Opening a new connection, currently in state init
[0m10:18:39.754549 [debug] [MainThread]: SQL status: BEGIN in 0.0 seconds
[0m10:18:39.756648 [debug] [MainThread]: Using postgres connection "master"
[0m10:18:39.758720 [debug] [MainThread]: On master: /* {"app": "dbt", "dbt_version": "1.7.0", "profile_name": "ecommerce_analytics", "target_name": "dev", "connection_name": "master"} */
with relation as (
        select
            pg_rewrite.ev_class as class,
            pg_rewrite.oid as id
        from pg_rewrite
    ),
    class as (
        select
            oid as id,
            relname as name,
            relnamespace as schema,
            relkind as kind
        from pg_class
    ),
    dependency as (
        select distinct
            pg_depend.objid as id,
            pg_depend.refobjid as ref
        from pg_depend
    ),
    schema as (
        select
            pg_namespace.oid as id,
            pg_namespace.nspname as name
        from pg_namespace
        where nspname != 'information_schema' and nspname not like 'pg\_%'
    ),
    referenced as (
        select
            relation.id AS id,
            referenced_class.name ,
            referenced_class.schema ,
            referenced_class.kind
        from relation
        join class as referenced_class on relation.class=referenced_class.id
        where referenced_class.kind in ('r', 'v', 'm')
    ),
    relationships as (
        select
            referenced.name as referenced_name,
            referenced.schema as referenced_schema_id,
            dependent_class.name as dependent_name,
            dependent_class.schema as dependent_schema_id,
            referenced.kind as kind
        from referenced
        join dependency on referenced.id=dependency.id
        join class as dependent_class on dependency.ref=dependent_class.id
        where
            (referenced.name != dependent_class.name or
             referenced.schema != dependent_class.schema)
    )

    select
        referenced_schema.name as referenced_schema,
        relationships.referenced_name as referenced_name,
        dependent_schema.name as dependent_schema,
        relationships.dependent_name as dependent_name
    from relationships
    join schema as dependent_schema on relationships.dependent_schema_id=dependent_schema.id
    join schema as referenced_schema on relationships.referenced_schema_id=referenced_schema.id
    group by referenced_schema, referenced_name, dependent_schema, dependent_name
    order by referenced_schema, referenced_name, dependent_schema, dependent_name;
[0m10:18:39.795024 [debug] [MainThread]: SQL status: SELECT 3 in 0.0 seconds
[0m10:18:39.797992 [debug] [MainThread]: Sending event: {'category': 'dbt', 'action': 'runnable_timing', 'label': '65c7bf81-ed74-424f-b59a-52ef1b83b858', 'context': [<snowplow_tracker.self_describing_json.SelfDescribingJson object at 0x7b5d5dacc5e0>]}
[0m10:18:39.799643 [debug] [MainThread]: On master: ROLLBACK
[0m10:18:39.801423 [debug] [MainThread]: On master: Close
[0m10:18:39.803466 [info ] [MainThread]: Concurrency: 4 threads (target='dev')
[0m10:18:39.805151 [info ] [MainThread]: 
[0m10:18:39.823148 [debug] [Thread-1  ]: Began running node model.ecommerce_analytics.stg_customers
[0m10:18:39.825010 [debug] [Thread-2  ]: Began running node model.ecommerce_analytics.stg_orders
[0m10:18:39.826659 [debug] [Thread-3  ]: Began running node model.ecommerce_analytics.stg_products
[0m10:18:39.828269 [debug] [Thread-1  ]: Re-using an available connection from the pool (formerly list_airflow_analytics_analytics, now model.ecommerce_analytics.stg_customers)
[0m10:18:39.830552 [debug] [Thread-2  ]: Re-using an available connection from the pool (formerly list_airflow_analytics_staging, now model.ecommerce_analytics.stg_orders)
[0m10:18:39.832826 [debug] [Thread-3  ]: Acquiring new postgres connection 'model.ecommerce_analytics.stg_products'
[0m10:18:39.834476 [debug] [Thread-1  ]: Began compiling node model.ecommerce_analytics.stg_customers
[0m10:18:39.835937 [debug] [Thread-2  ]: Began compiling node model.ecommerce_analytics.stg_orders
[0m10:18:39.837399 [debug] [Thread-3  ]: Began compiling node model.ecommerce_analytics.stg_products
[0m10:18:39.852743 [debug] [Thread-2  ]: Writing injected SQL for node "model.ecommerce_analytics.stg_orders"
[0m10:18:39.857415 [debug] [Thread-1  ]: Writing injected SQL for node "model.ecommerce_analytics.stg_customers"
[0m10:18:39.862301 [debug] [Thread-3  ]: Writing injected SQL for node "model.ecommerce_analytics.stg_products"
[0m10:18:39.878463 [debug] [Thread-2  ]: Timing info for model.ecommerce_analytics.stg_orders (compile): 10:18:39.849612 => 10:18:39.877597
[0m10:18:39.880677 [debug] [Thread-2  ]: Began executing node model.ecommerce_analytics.stg_orders
[0m10:18:39.882389 [debug] [Thread-1  ]: Timing info for model.ecommerce_analytics.stg_customers (compile): 10:18:39.838645 => 10:18:39.881617
[0m10:18:39.883885 [debug] [Thread-2  ]: Timing info for model.ecommerce_analytics.stg_orders (execute): 10:18:39.883179 => 10:18:39.883213
[0m10:18:39.885624 [debug] [Thread-3  ]: Timing info for model.ecommerce_analytics.stg_products (compile): 10:18:39.858857 => 10:18:39.884961
[0m10:18:39.887278 [debug] [Thread-1  ]: Began executing node model.ecommerce_analytics.stg_customers
[0m10:18:39.891473 [debug] [Thread-2  ]: Finished running node model.ecommerce_analytics.stg_orders
[0m10:18:39.893050 [debug] [Thread-3  ]: Began executing node model.ecommerce_analytics.stg_products
[0m10:18:39.894884 [debug] [Thread-1  ]: Timing info for model.ecommerce_analytics.stg_customers (execute): 10:18:39.894276 => 10:18:39.894298
[0m10:18:39.897896 [debug] [Thread-4  ]: Began running node model.ecommerce_analytics.mart_daily_sales
[0m10:18:39.899297 [debug] [Thread-3  ]: Timing info for model.ecommerce_analytics.stg_products (execute): 10:18:39.898706 => 10:18:39.898729
[0m10:18:39.900387 [debug] [Thread-2  ]: Began running node test.ecommerce_analytics.accepted_values_stg_orders_status__completed__cancelled__pending.ee383a7b32
[0m10:18:39.903071 [debug] [Thread-1  ]: Finished running node model.ecommerce_analytics.stg_customers
[0m10:18:39.906218 [debug] [Thread-4  ]: Acquiring new postgres connection 'model.ecommerce_analytics.mart_daily_sales'
[0m10:18:39.909232 [debug] [Thread-3  ]: Finished running node model.ecommerce_analytics.stg_products
[0m10:18:39.911522 [debug] [Thread-2  ]: Re-using an available connection from the pool (formerly model.ecommerce_analytics.stg_orders, now test.ecommerce_analytics.accepted_values_stg_orders_status__completed__cancelled__pending.ee383a7b32)
[0m10:18:39.913434 [debug] [Thread-1  ]: Began running node test.ecommerce_analytics.not_null_stg_orders_customer_id.af79d5e4b5
[0m10:18:39.915573 [debug] [Thread-4  ]: Began compiling node model.ecommerce_analytics.mart_daily_sales
[0m10:18:39.917411 [debug] [Thread-3  ]: Began running node test.ecommerce_analytics.not_null_stg_orders_order_id.81cfe2fe64
[0m10:18:39.919364 [debug] [Thread-2  ]: Began compiling node test.ecommerce_analytics.accepted_values_stg_orders_status__completed__cancelled__pending.ee383a7b32
[0m10:18:39.921816 [debug] [Thread-1  ]: Re-using an available connection from the pool (formerly model.ecommerce_analytics.stg_customers, now test.ecommerce_analytics.not_null_stg_orders_customer_id.af79d5e4b5)
[0m10:18:39.932221 [debug] [Thread-4  ]: Writing injected SQL for node "model.ecommerce_analytics.mart_daily_sales"
[0m10:18:39.933995 [debug] [Thread-3  ]: Re-using an available connection from the pool (formerly model.ecommerce_analytics.stg_products, now test.ecommerce_analytics.not_null_stg_orders_order_id.81cfe2fe64)
[0m10:18:39.947256 [debug] [Thread-1  ]: Began compiling node test.ecommerce_analytics.not_null_stg_orders_customer_id.af79d5e4b5
[0m10:18:39.969459 [debug] [Thread-2  ]: Writing injected SQL for node "test.ecommerce_analytics.accepted_values_stg_orders_status__completed__cancelled__pending.ee383a7b32"
[0m10:18:39.971338 [debug] [Thread-3  ]: Began compiling node test.ecommerce_analytics.not_null_stg_orders_order_id.81cfe2fe64
[0m10:18:39.995303 [debug] [Thread-1  ]: Writing injected SQL for node "test.ecommerce_analytics.not_null_stg_orders_customer_id.af79d5e4b5"
[0m10:18:40.002254 [debug] [Thread-4  ]: Timing info for model.ecommerce_analytics.mart_daily_sales (compile): 10:18:39.924084 => 10:18:40.001573
[0m10:18:40.009273 [debug] [Thread-3  ]: Writing injected SQL for node "test.ecommerce_analytics.not_null_stg_orders_order_id.81cfe2fe64"
[0m10:18:40.012758 [debug] [Thread-4  ]: Began executing node model.ecommerce_analytics.mart_daily_sales
[0m10:18:40.015166 [debug] [Thread-4  ]: Timing info for model.ecommerce_analytics.mart_daily_sales (execute): 10:18:40.014516 => 10:18:40.014545
[0m10:18:40.018442 [debug] [Thread-4  ]: Finished running node model.ecommerce_analytics.mart_daily_sales
[0m10:18:40.023701 [debug] [Thread-4  ]: Began running node test.ecommerce_analytics.not_null_stg_orders_product_id.034adb910e
[0m10:18:40.027771 [debug] [Thread-4  ]: Re-using an available connection from the pool (formerly model.ecommerce_analytics.mart_daily_sales, now test.ecommerce_analytics.not_null_stg_orders_product_id.034adb910e)
[0m10:18:40.029295 [debug] [Thread-2  ]: Timing info for test.ecommerce_analytics.accepted_values_stg_orders_status__completed__cancelled__pending.ee383a7b32 (compile): 10:18:39.935658 => 10:18:40.028654
[0m10:18:40.030775 [debug] [Thread-3  ]: Timing info for test.ecommerce_analytics.not_null_stg_orders_order_id.81cfe2fe64 (compile): 10:18:39.996184 => 10:18:40.030250
[0m10:18:40.031813 [debug] [Thread-4  ]: Began compiling node test.ecommerce_analytics.not_null_stg_orders_product_id.034adb910e
[0m10:18:40.033346 [debug] [Thread-2  ]: Began executing node test.ecommerce_analytics.accepted_values_stg_orders_status__completed__cancelled__pending.ee383a7b32
[0m10:18:40.034842 [debug] [Thread-3  ]: Began executing node test.ecommerce_analytics.not_null_stg_orders_order_id.81cfe2fe64
[0m10:18:40.036161 [debug] [Thread-1  ]: Timing info for test.ecommerce_analytics.not_null_stg_orders_customer_id.af79d5e4b5 (compile): 10:18:39.973395 => 10:18:40.035586
[0m10:18:40.046756 [debug] [Thread-4  ]: Writing injected SQL for node "test.ecommerce_analytics.not_null_stg_orders_product_id.034adb910e"
[0m10:18:40.048227 [debug] [Thread-2  ]: Timing info for test.ecommerce_analytics.accepted_values_stg_orders_status__completed__cancelled__pending.ee383a7b32 (execute): 10:18:40.047570 => 10:18:40.047615
[0m10:18:40.050037 [debug] [Thread-3  ]: Timing info for test.ecommerce_analytics.not_null_stg_orders_order_id.81cfe2fe64 (execute): 10:18:40.049403 => 10:18:40.049435
[0m10:18:40.051711 [debug] [Thread-1  ]: Began executing node test.ecommerce_analytics.not_null_stg_orders_customer_id.af79d5e4b5
[0m10:18:40.056175 [debug] [Thread-2  ]: Finished running node test.ecommerce_analytics.accepted_values_stg_orders_status__completed__cancelled__pending.ee383a7b32
[0m10:18:40.059801 [debug] [Thread-3  ]: Finished running node test.ecommerce_analytics.not_null_stg_orders_order_id.81cfe2fe64
[0m10:18:40.061717 [debug] [Thread-1  ]: Timing info for test.ecommerce_analytics.not_null_stg_orders_customer_id.af79d5e4b5 (execute): 10:18:40.061042 => 10:18:40.061071
[0m10:18:40.063687 [debug] [Thread-2  ]: Began running node test.ecommerce_analytics.unique_stg_orders_order_id.e3b841c71a
[0m10:18:40.065475 [debug] [Thread-3  ]: Began running node model.ecommerce_analytics.mart_customer_orders
[0m10:18:40.068444 [debug] [Thread-1  ]: Finished running node test.ecommerce_analytics.not_null_stg_orders_customer_id.af79d5e4b5
[0m10:18:40.071193 [debug] [Thread-2  ]: Re-using an available connection from the pool (formerly test.ecommerce_analytics.accepted_values_stg_orders_status__completed__cancelled__pending.ee383a7b32, now test.ecommerce_analytics.unique_stg_orders_order_id.e3b841c71a)
[0m10:18:40.074950 [debug] [Thread-3  ]: Re-using an available connection from the pool (formerly test.ecommerce_analytics.not_null_stg_orders_order_id.81cfe2fe64, now model.ecommerce_analytics.mart_customer_orders)
[0m10:18:40.079085 [debug] [Thread-1  ]: Began running node test.ecommerce_analytics.not_null_stg_customers_customer_id.e2cfb1f9aa
[0m10:18:40.081266 [debug] [Thread-4  ]: Timing info for test.ecommerce_analytics.not_null_stg_orders_product_id.034adb910e (compile): 10:18:40.036812 => 10:18:40.080487
[0m10:18:40.082385 [debug] [Thread-2  ]: Began compiling node test.ecommerce_analytics.unique_stg_orders_order_id.e3b841c71a
[0m10:18:40.083955 [debug] [Thread-3  ]: Began compiling node model.ecommerce_analytics.mart_customer_orders
[0m10:18:40.085885 [debug] [Thread-1  ]: Re-using an available connection from the pool (formerly test.ecommerce_analytics.not_null_stg_orders_customer_id.af79d5e4b5, now test.ecommerce_analytics.not_null_stg_customers_customer_id.e2cfb1f9aa)
[0m10:18:40.087471 [debug] [Thread-4  ]: Began executing node test.ecommerce_analytics.not_null_stg_orders_product_id.034adb910e
[0m10:18:40.102348 [debug] [Thread-2  ]: Writing injected SQL for node "test.ecommerce_analytics.unique_stg_orders_order_id.e3b841c71a"
[0m10:18:40.110895 [debug] [Thread-3  ]: Writing injected SQL for node "model.ecommerce_analytics.mart_customer_orders"
[0m10:18:40.112044 [debug] [Thread-1  ]: Began compiling node test.ecommerce_analytics.not_null_stg_customers_customer_id.e2cfb1f9aa
[0m10:18:40.113738 [debug] [Thread-4  ]: Timing info for test.ecommerce_analytics.not_null_stg_orders_product_id.034adb910e (execute): 10:18:40.113207 => 10:18:40.113231
[0m10:18:40.126692 [debug] [Thread-1  ]: Writing injected SQL for node "test.ecommerce_analytics.not_null_stg_customers_customer_id.e2cfb1f9aa"
[0m10:18:40.129515 [debug] [Thread-4  ]: Finished running node test.ecommerce_analytics.not_null_stg_orders_product_id.034adb910e
[0m10:18:40.132081 [debug] [Thread-4  ]: Began running node test.ecommerce_analytics.not_null_stg_customers_email.d7cf761533
[0m10:18:40.134671 [debug] [Thread-4  ]: Re-using an available connection from the pool (formerly test.ecommerce_analytics.not_null_stg_orders_product_id.034adb910e, now test.ecommerce_analytics.not_null_stg_customers_email.d7cf761533)
[0m10:18:40.136752 [debug] [Thread-4  ]: Began compiling node test.ecommerce_analytics.not_null_stg_customers_email.d7cf761533
[0m10:18:40.146072 [debug] [Thread-2  ]: Timing info for test.ecommerce_analytics.unique_stg_orders_order_id.e3b841c71a (compile): 10:18:40.088837 => 10:18:40.145131
[0m10:18:40.148168 [debug] [Thread-3  ]: Timing info for model.ecommerce_analytics.mart_customer_orders (compile): 10:18:40.103204 => 10:18:40.147552
[0m10:18:40.152476 [debug] [Thread-4  ]: Writing injected SQL for node "test.ecommerce_analytics.not_null_stg_customers_email.d7cf761533"
[0m10:18:40.153760 [debug] [Thread-1  ]: Timing info for test.ecommerce_analytics.not_null_stg_customers_customer_id.e2cfb1f9aa (compile): 10:18:40.116134 => 10:18:40.153223
[0m10:18:40.155281 [debug] [Thread-2  ]: Began executing node test.ecommerce_analytics.unique_stg_orders_order_id.e3b841c71a
[0m10:18:40.157786 [debug] [Thread-3  ]: Began executing node model.ecommerce_analytics.mart_customer_orders
[0m10:18:40.160426 [debug] [Thread-1  ]: Began executing node test.ecommerce_analytics.not_null_stg_customers_customer_id.e2cfb1f9aa
[0m10:18:40.162364 [debug] [Thread-2  ]: Timing info for test.ecommerce_analytics.unique_stg_orders_order_id.e3b841c71a (execute): 10:18:40.161673 => 10:18:40.161700
[0m10:18:40.164106 [debug] [Thread-3  ]: Timing info for model.ecommerce_analytics.mart_customer_orders (execute): 10:18:40.163556 => 10:18:40.163578
[0m10:18:40.165761 [debug] [Thread-1  ]: Timing info for test.ecommerce_analytics.not_null_stg_customers_customer_id.e2cfb1f9aa (execute): 10:18:40.165217 => 10:18:40.165237
[0m10:18:40.168533 [debug] [Thread-2  ]: Finished running node test.ecommerce_analytics.unique_stg_orders_order_id.e3b841c71a
[0m10:18:40.171182 [debug] [Thread-3  ]: Finished running node model.ecommerce_analytics.mart_customer_orders
[0m10:18:40.175651 [debug] [Thread-1  ]: Finished running node test.ecommerce_analytics.not_null_stg_customers_customer_id.e2cfb1f9aa
[0m10:18:40.177437 [debug] [Thread-2  ]: Began running node test.ecommerce_analytics.unique_stg_customers_customer_id.c7614daada
[0m10:18:40.179674 [debug] [Thread-3  ]: Began running node test.ecommerce_analytics.unique_stg_customers_email.1ebcb2333e
[0m10:18:40.182030 [debug] [Thread-1  ]: Began running node model.ecommerce_analytics.mart_revenue_by_category
[0m10:18:40.183574 [debug] [Thread-4  ]: Timing info for test.ecommerce_analytics.not_null_stg_customers_email.d7cf761533 (compile): 10:18:40.138489 => 10:18:40.182984
[0m10:18:40.185717 [debug] [Thread-2  ]: Re-using an available connection from the pool (formerly test.ecommerce_analytics.unique_stg_orders_order_id.e3b841c71a, now test.ecommerce_analytics.unique_stg_customers_customer_id.c7614daada)
[0m10:18:40.187969 [debug] [Thread-3  ]: Re-using an available connection from the pool (formerly model.ecommerce_analytics.mart_customer_orders, now test.ecommerce_analytics.unique_stg_customers_email.1ebcb2333e)
[0m10:18:40.191037 [debug] [Thread-1  ]: Re-using an available connection from the pool (formerly test.ecommerce_analytics.not_null_stg_customers_customer_id.e2cfb1f9aa, now model.ecommerce_analytics.mart_revenue_by_category)
[0m10:18:40.192795 [debug] [Thread-4  ]: Began executing node test.ecommerce_analytics.not_null_stg_customers_email.d7cf761533
[0m10:18:40.194406 [debug] [Thread-2  ]: Began compiling node test.ecommerce_analytics.unique_stg_customers_customer_id.c7614daada
[0m10:18:40.195994 [debug] [Thread-3  ]: Began compiling node test.ecommerce_analytics.unique_stg_customers_email.1ebcb2333e
[0m10:18:40.197519 [debug] [Thread-1  ]: Began compiling node model.ecommerce_analytics.mart_revenue_by_category
[0m10:18:40.199364 [debug] [Thread-4  ]: Timing info for test.ecommerce_analytics.not_null_stg_customers_email.d7cf761533 (execute): 10:18:40.198770 => 10:18:40.198793
[0m10:18:40.210987 [debug] [Thread-2  ]: Writing injected SQL for node "test.ecommerce_analytics.unique_stg_customers_customer_id.c7614daada"
[0m10:18:40.220796 [debug] [Thread-3  ]: Writing injected SQL for node "test.ecommerce_analytics.unique_stg_customers_email.1ebcb2333e"
[0m10:18:40.230832 [debug] [Thread-1  ]: Writing injected SQL for node "model.ecommerce_analytics.mart_revenue_by_category"
[0m10:18:40.232884 [debug] [Thread-4  ]: Finished running node test.ecommerce_analytics.not_null_stg_customers_email.d7cf761533
[0m10:18:40.236507 [debug] [Thread-4  ]: Began running node test.ecommerce_analytics.not_null_stg_products_product_id.6373b0acf3
[0m10:18:40.239460 [debug] [Thread-4  ]: Re-using an available connection from the pool (formerly test.ecommerce_analytics.not_null_stg_customers_email.d7cf761533, now test.ecommerce_analytics.not_null_stg_products_product_id.6373b0acf3)
[0m10:18:40.241749 [debug] [Thread-4  ]: Began compiling node test.ecommerce_analytics.not_null_stg_products_product_id.6373b0acf3
[0m10:18:40.252378 [debug] [Thread-4  ]: Writing injected SQL for node "test.ecommerce_analytics.not_null_stg_products_product_id.6373b0acf3"
[0m10:18:40.256327 [debug] [Thread-1  ]: Timing info for model.ecommerce_analytics.mart_revenue_by_category (compile): 10:18:40.222241 => 10:18:40.255440
[0m10:18:40.258206 [debug] [Thread-3  ]: Timing info for test.ecommerce_analytics.unique_stg_customers_email.1ebcb2333e (compile): 10:18:40.212160 => 10:18:40.257244
[0m10:18:40.259919 [debug] [Thread-2  ]: Timing info for test.ecommerce_analytics.unique_stg_customers_customer_id.c7614daada (compile): 10:18:40.200472 => 10:18:40.259241
[0m10:18:40.262918 [debug] [Thread-1  ]: Began executing node model.ecommerce_analytics.mart_revenue_by_category
[0m10:18:40.264709 [debug] [Thread-3  ]: Began executing node test.ecommerce_analytics.unique_stg_customers_email.1ebcb2333e
[0m10:18:40.266473 [debug] [Thread-2  ]: Began executing node test.ecommerce_analytics.unique_stg_customers_customer_id.c7614daada
[0m10:18:40.267857 [debug] [Thread-4  ]: Timing info for test.ecommerce_analytics.not_null_stg_products_product_id.6373b0acf3 (compile): 10:18:40.243003 => 10:18:40.267248
[0m10:18:40.269088 [debug] [Thread-1  ]: Timing info for model.ecommerce_analytics.mart_revenue_by_category (execute): 10:18:40.268490 => 10:18:40.268514
[0m10:18:40.270751 [debug] [Thread-3  ]: Timing info for test.ecommerce_analytics.unique_stg_customers_email.1ebcb2333e (execute): 10:18:40.270202 => 10:18:40.270224
[0m10:18:40.273318 [debug] [Thread-2  ]: Timing info for test.ecommerce_analytics.unique_stg_customers_customer_id.c7614daada (execute): 10:18:40.272300 => 10:18:40.272352
[0m10:18:40.275126 [debug] [Thread-4  ]: Began executing node test.ecommerce_analytics.not_null_stg_products_product_id.6373b0acf3
[0m10:18:40.277598 [debug] [Thread-1  ]: Finished running node model.ecommerce_analytics.mart_revenue_by_category
[0m10:18:40.280093 [debug] [Thread-3  ]: Finished running node test.ecommerce_analytics.unique_stg_customers_email.1ebcb2333e
[0m10:18:40.282644 [debug] [Thread-2  ]: Finished running node test.ecommerce_analytics.unique_stg_customers_customer_id.c7614daada
[0m10:18:40.284250 [debug] [Thread-4  ]: Timing info for test.ecommerce_analytics.not_null_stg_products_product_id.6373b0acf3 (execute): 10:18:40.283705 => 10:18:40.283726
[0m10:18:40.285932 [debug] [Thread-1  ]: Began running node test.ecommerce_analytics.unique_stg_products_product_id.7d950a1467
[0m10:18:40.288090 [debug] [Thread-3  ]: Began running node test.ecommerce_analytics.not_null_mart_daily_sales_order_date.0e908a3de5
[0m10:18:40.291552 [debug] [Thread-2  ]: Began running node test.ecommerce_analytics.unique_mart_daily_sales_order_date.f90d005909
[0m10:18:40.294215 [debug] [Thread-4  ]: Finished running node test.ecommerce_analytics.not_null_stg_products_product_id.6373b0acf3
[0m10:18:40.296143 [debug] [Thread-1  ]: Re-using an available connection from the pool (formerly model.ecommerce_analytics.mart_revenue_by_category, now test.ecommerce_analytics.unique_stg_products_product_id.7d950a1467)
[0m10:18:40.298016 [debug] [Thread-3  ]: Re-using an available connection from the pool (formerly test.ecommerce_analytics.unique_stg_customers_email.1ebcb2333e, now test.ecommerce_analytics.not_null_mart_daily_sales_order_date.0e908a3de5)
[0m10:18:40.300039 [debug] [Thread-2  ]: Re-using an available connection from the pool (formerly test.ecommerce_analytics.unique_stg_customers_customer_id.c7614daada, now test.ecommerce_analytics.unique_mart_daily_sales_order_date.f90d005909)
[0m10:18:40.301695 [debug] [Thread-4  ]: Began running node test.ecommerce_analytics.not_null_mart_customer_orders_customer_id.65556082dc
[0m10:18:40.303417 [debug] [Thread-1  ]: Began compiling node test.ecommerce_analytics.unique_stg_products_product_id.7d950a1467
[0m10:18:40.305329 [debug] [Thread-3  ]: Began compiling node test.ecommerce_analytics.not_null_mart_daily_sales_order_date.0e908a3de5
[0m10:18:40.307790 [debug] [Thread-2  ]: Began compiling node test.ecommerce_analytics.unique_mart_daily_sales_order_date.f90d005909
[0m10:18:40.310024 [debug] [Thread-4  ]: Re-using an available connection from the pool (formerly test.ecommerce_analytics.not_null_stg_products_product_id.6373b0acf3, now test.ecommerce_analytics.not_null_mart_customer_orders_customer_id.65556082dc)
[0m10:18:40.319426 [debug] [Thread-1  ]: Writing injected SQL for node "test.ecommerce_analytics.unique_stg_products_product_id.7d950a1467"
[0m10:18:40.329756 [debug] [Thread-3  ]: Writing injected SQL for node "test.ecommerce_analytics.not_null_mart_daily_sales_order_date.0e908a3de5"
[0m10:18:40.339035 [debug] [Thread-2  ]: Writing injected SQL for node "test.ecommerce_analytics.unique_mart_daily_sales_order_date.f90d005909"
[0m10:18:40.340486 [debug] [Thread-4  ]: Began compiling node test.ecommerce_analytics.not_null_mart_customer_orders_customer_id.65556082dc
[0m10:18:40.352230 [debug] [Thread-4  ]: Writing injected SQL for node "test.ecommerce_analytics.not_null_mart_customer_orders_customer_id.65556082dc"
[0m10:18:40.364747 [debug] [Thread-3  ]: Timing info for test.ecommerce_analytics.not_null_mart_daily_sales_order_date.0e908a3de5 (compile): 10:18:40.320251 => 10:18:40.363973
[0m10:18:40.366091 [debug] [Thread-1  ]: Timing info for test.ecommerce_analytics.unique_stg_products_product_id.7d950a1467 (compile): 10:18:40.311254 => 10:18:40.365512
[0m10:18:40.367410 [debug] [Thread-2  ]: Timing info for test.ecommerce_analytics.unique_mart_daily_sales_order_date.f90d005909 (compile): 10:18:40.330545 => 10:18:40.366837
[0m10:18:40.368607 [debug] [Thread-3  ]: Began executing node test.ecommerce_analytics.not_null_mart_daily_sales_order_date.0e908a3de5
[0m10:18:40.370258 [debug] [Thread-1  ]: Began executing node test.ecommerce_analytics.unique_stg_products_product_id.7d950a1467
[0m10:18:40.371857 [debug] [Thread-4  ]: Timing info for test.ecommerce_analytics.not_null_mart_customer_orders_customer_id.65556082dc (compile): 10:18:40.343543 => 10:18:40.371165
[0m10:18:40.373401 [debug] [Thread-2  ]: Began executing node test.ecommerce_analytics.unique_mart_daily_sales_order_date.f90d005909
[0m10:18:40.375178 [debug] [Thread-3  ]: Timing info for test.ecommerce_analytics.not_null_mart_daily_sales_order_date.0e908a3de5 (execute): 10:18:40.374616 => 10:18:40.374640
[0m10:18:40.376760 [debug] [Thread-1  ]: Timing info for test.ecommerce_analytics.unique_stg_products_product_id.7d950a1467 (execute): 10:18:40.376211 => 10:18:40.376231
[0m10:18:40.378195 [debug] [Thread-4  ]: Began executing node test.ecommerce_analytics.not_null_mart_customer_orders_customer_id.65556082dc
[0m10:18:40.379967 [debug] [Thread-2  ]: Timing info for test.ecommerce_analytics.unique_mart_daily_sales_order_date.f90d005909 (execute): 10:18:40.379392 => 10:18:40.379413
[0m10:18:40.382457 [debug] [Thread-3  ]: Finished running node test.ecommerce_analytics.not_null_mart_daily_sales_order_date.0e908a3de5
[0m10:18:40.385001 [debug] [Thread-1  ]: Finished running node test.ecommerce_analytics.unique_stg_products_product_id.7d950a1467
[0m10:18:40.386936 [debug] [Thread-4  ]: Timing info for test.ecommerce_analytics.not_null_mart_customer_orders_customer_id.65556082dc (execute): 10:18:40.386307 => 10:18:40.386331
[0m10:18:40.390856 [debug] [Thread-2  ]: Finished running node test.ecommerce_analytics.unique_mart_daily_sales_order_date.f90d005909
[0m10:18:40.394929 [debug] [Thread-3  ]: Began running node test.ecommerce_analytics.not_null_mart_customer_orders_total_revenue.2fff1d6d64
[0m10:18:40.396725 [debug] [Thread-1  ]: Began running node test.ecommerce_analytics.unique_mart_customer_orders_customer_id.dd48be91bc
[0m10:18:40.399419 [debug] [Thread-4  ]: Finished running node test.ecommerce_analytics.not_null_mart_customer_orders_customer_id.65556082dc
[0m10:18:40.401051 [debug] [Thread-2  ]: Began running node test.ecommerce_analytics.not_null_mart_revenue_by_category_category.0607d31a2e
[0m10:18:40.403137 [debug] [Thread-3  ]: Re-using an available connection from the pool (formerly test.ecommerce_analytics.not_null_mart_daily_sales_order_date.0e908a3de5, now test.ecommerce_analytics.not_null_mart_customer_orders_total_revenue.2fff1d6d64)
[0m10:18:40.406340 [debug] [Thread-1  ]: Re-using an available connection from the pool (formerly test.ecommerce_analytics.unique_stg_products_product_id.7d950a1467, now test.ecommerce_analytics.unique_mart_customer_orders_customer_id.dd48be91bc)
[0m10:18:40.409722 [debug] [Thread-2  ]: Re-using an available connection from the pool (formerly test.ecommerce_analytics.unique_mart_daily_sales_order_date.f90d005909, now test.ecommerce_analytics.not_null_mart_revenue_by_category_category.0607d31a2e)
[0m10:18:40.411462 [debug] [Thread-3  ]: Began compiling node test.ecommerce_analytics.not_null_mart_customer_orders_total_revenue.2fff1d6d64
[0m10:18:40.412966 [debug] [Thread-1  ]: Began compiling node test.ecommerce_analytics.unique_mart_customer_orders_customer_id.dd48be91bc
[0m10:18:40.414485 [debug] [Thread-2  ]: Began compiling node test.ecommerce_analytics.not_null_mart_revenue_by_category_category.0607d31a2e
[0m10:18:40.426092 [debug] [Thread-3  ]: Writing injected SQL for node "test.ecommerce_analytics.not_null_mart_customer_orders_total_revenue.2fff1d6d64"
[0m10:18:40.434630 [debug] [Thread-1  ]: Writing injected SQL for node "test.ecommerce_analytics.unique_mart_customer_orders_customer_id.dd48be91bc"
[0m10:18:40.447302 [debug] [Thread-2  ]: Writing injected SQL for node "test.ecommerce_analytics.not_null_mart_revenue_by_category_category.0607d31a2e"
[0m10:18:40.459836 [debug] [Thread-2  ]: Timing info for test.ecommerce_analytics.not_null_mart_revenue_by_category_category.0607d31a2e (compile): 10:18:40.435380 => 10:18:40.459131
[0m10:18:40.461380 [debug] [Thread-3  ]: Timing info for test.ecommerce_analytics.not_null_mart_customer_orders_total_revenue.2fff1d6d64 (compile): 10:18:40.415598 => 10:18:40.460750
[0m10:18:40.462700 [debug] [Thread-2  ]: Began executing node test.ecommerce_analytics.not_null_mart_revenue_by_category_category.0607d31a2e
[0m10:18:40.464207 [debug] [Thread-3  ]: Began executing node test.ecommerce_analytics.not_null_mart_customer_orders_total_revenue.2fff1d6d64
[0m10:18:40.465448 [debug] [Thread-1  ]: Timing info for test.ecommerce_analytics.unique_mart_customer_orders_customer_id.dd48be91bc (compile): 10:18:40.426930 => 10:18:40.464962
[0m10:18:40.466689 [debug] [Thread-2  ]: Timing info for test.ecommerce_analytics.not_null_mart_revenue_by_category_category.0607d31a2e (execute): 10:18:40.466103 => 10:18:40.466202
[0m10:18:40.468430 [debug] [Thread-3  ]: Timing info for test.ecommerce_analytics.not_null_mart_customer_orders_total_revenue.2fff1d6d64 (execute): 10:18:40.467922 => 10:18:40.467941
[0m10:18:40.469916 [debug] [Thread-1  ]: Began executing node test.ecommerce_analytics.unique_mart_customer_orders_customer_id.dd48be91bc
[0m10:18:40.473366 [debug] [Thread-2  ]: Finished running node test.ecommerce_analytics.not_null_mart_revenue_by_category_category.0607d31a2e
[0m10:18:40.476241 [debug] [Thread-3  ]: Finished running node test.ecommerce_analytics.not_null_mart_customer_orders_total_revenue.2fff1d6d64
[0m10:18:40.478005 [debug] [Thread-1  ]: Timing info for test.ecommerce_analytics.unique_mart_customer_orders_customer_id.dd48be91bc (execute): 10:18:40.477489 => 10:18:40.477509
[0m10:18:40.482474 [debug] [Thread-1  ]: Finished running node test.ecommerce_analytics.unique_mart_customer_orders_customer_id.dd48be91bc
[0m10:18:40.486243 [debug] [MainThread]: Connection 'master' was properly closed.
[0m10:18:40.487716 [debug] [MainThread]: Connection 'test.ecommerce_analytics.not_null_mart_revenue_by_category_category.0607d31a2e' was properly closed.
[0m10:18:40.490051 [debug] [MainThread]: Connection 'test.ecommerce_analytics.unique_mart_customer_orders_customer_id.dd48be91bc' was properly closed.
[0m10:18:40.491453 [debug] [MainThread]: Connection 'test.ecommerce_analytics.not_null_mart_customer_orders_total_revenue.2fff1d6d64' was properly closed.
[0m10:18:40.492540 [debug] [MainThread]: Connection 'test.ecommerce_analytics.not_null_mart_customer_orders_customer_id.65556082dc' was properly closed.
[0m10:18:40.500008 [debug] [MainThread]: Command end result
[0m10:18:40.600704 [debug] [MainThread]: Acquiring new postgres connection 'generate_catalog'
[0m10:18:40.601937 [info ] [MainThread]: Building catalog
[0m10:18:40.607017 [debug] [ThreadPool]: Acquiring new postgres connection 'airflow.information_schema'
[0m10:18:40.621601 [debug] [ThreadPool]: Using postgres connection "airflow.information_schema"
[0m10:18:40.623878 [debug] [ThreadPool]: On airflow.information_schema: BEGIN
[0m10:18:40.625502 [debug] [ThreadPool]: Opening a new connection, currently in state init
[0m10:18:40.640400 [debug] [ThreadPool]: SQL status: BEGIN in 0.0 seconds
[0m10:18:40.641941 [debug] [ThreadPool]: Using postgres connection "airflow.information_schema"
[0m10:18:40.643676 [debug] [ThreadPool]: On airflow.information_schema: /* {"app": "dbt", "dbt_version": "1.7.0", "profile_name": "ecommerce_analytics", "target_name": "dev", "connection_name": "airflow.information_schema"} */

    
    

    select
        'airflow' as table_database,
        sch.nspname as table_schema,
        tbl.relname as table_name,
        case tbl.relkind
            when 'v' then 'VIEW'
            when 'm' then 'MATERIALIZED VIEW'
            else 'BASE TABLE'
        end as table_type,
        tbl_desc.description as table_comment,
        col.attname as column_name,
        col.attnum as column_index,
        pg_catalog.format_type(col.atttypid, col.atttypmod) as column_type,
        col_desc.description as column_comment,
        pg_get_userbyid(tbl.relowner) as table_owner

    from pg_catalog.pg_namespace sch
    join pg_catalog.pg_class tbl on tbl.relnamespace = sch.oid
    join pg_catalog.pg_attribute col on col.attrelid = tbl.oid
    left outer join pg_catalog.pg_description tbl_desc on (tbl_desc.objoid = tbl.oid and tbl_desc.objsubid = 0)
    left outer join pg_catalog.pg_description col_desc on (col_desc.objoid = tbl.oid and col_desc.objsubid = col.attnum)
    where ((upper(sch.nspname) = upper('analytics_analytics') and
           upper(tbl.relname) = upper('mart_daily_sales')) or (upper(sch.nspname) = upper('analytics_analytics') and
           upper(tbl.relname) = upper('mart_customer_orders')) or (upper(sch.nspname) = upper('analytics_analytics') and
           upper(tbl.relname) = upper('mart_revenue_by_category')) or (upper(sch.nspname) = upper('analytics_staging') and
           upper(tbl.relname) = upper('stg_customers')) or (upper(sch.nspname) = upper('analytics_staging') and
           upper(tbl.relname) = upper('stg_products')) or (upper(sch.nspname) = upper('analytics_staging') and
           upper(tbl.relname) = upper('stg_orders')))
      and not pg_is_other_temp_schema(sch.oid) -- not a temporary schema belonging to another session
      and tbl.relpersistence in ('p', 'u') -- [p]ermanent table or [u]nlogged table. Exclude [t]emporary tables
      and tbl.relkind in ('r', 'v', 'f', 'p', 'm') -- o[r]dinary table, [v]iew, [f]oreign table, [p]artitioned table, [m]aterialized view. Other values are [i]ndex, [S]equence, [c]omposite type, [t]OAST table
      and col.attnum > 0 -- negative numbers are used for system columns such as oid
      and not col.attisdropped -- column as not been dropped

    order by
        sch.nspname,
        tbl.relname,
        col.attnum
[0m10:18:40.652432 [debug] [ThreadPool]: SQL status: SELECT 57 in 0.0 seconds
[0m10:18:40.667537 [debug] [ThreadPool]: On airflow.information_schema: ROLLBACK
[0m10:18:40.669454 [debug] [ThreadPool]: On airflow.information_schema: Close
[0m10:18:40.729933 [info ] [MainThread]: Catalog written to /opt/airflow/dbt_project/target/catalog.json
[0m10:18:40.733202 [debug] [MainThread]: Resource report: {"command_name": "generate", "command_success": true, "command_wall_clock_time": 2.396808, "process_user_time": 6.711621, "process_kernel_time": 0.48314, "process_mem_max_rss": "123244", "process_in_blocks": "2944", "process_out_blocks": "0"}
[0m10:18:40.735496 [debug] [MainThread]: Command `dbt docs generate` succeeded at 10:18:40.735146 after 2.40 seconds
[0m10:18:40.736807 [debug] [MainThread]: Connection 'generate_catalog' was properly closed.
[0m10:18:40.739142 [debug] [MainThread]: Connection 'airflow.information_schema' was properly closed.
[0m10:18:40.741615 [debug] [MainThread]: Sending event: {'category': 'dbt', 'action': 'invocation', 'label': 'end', 'context': [<snowplow_tracker.self_describing_json.SelfDescribingJson object at 0x7b5d60a1a3d0>, <snowplow_tracker.self_describing_json.SelfDescribingJson object at 0x7b5d5daecb20>, <snowplow_tracker.self_describing_json.SelfDescribingJson object at 0x7b5d5df1f5e0>]}
[0m10:18:40.743432 [debug] [MainThread]: Flushing usage events
[0m10:18:44.503143 [debug] [MainThread]: Sending event: {'category': 'dbt', 'action': 'invocation', 'label': 'start', 'context': [<snowplow_tracker.self_describing_json.SelfDescribingJson object at 0x7007b89b0100>, <snowplow_tracker.self_describing_json.SelfDescribingJson object at 0x7007b67d3a90>, <snowplow_tracker.self_describing_json.SelfDescribingJson object at 0x7007b67d3730>]}


============================== 10:18:44.512997 | 1647392e-6674-4766-b865-ce4552cd7074 ==============================
[0m10:18:44.512997 [info ] [MainThread]: Running with dbt=1.7.0
[0m10:18:44.514446 [debug] [MainThread]: running dbt with arguments {'printer_width': '80', 'indirect_selection': 'eager', 'log_cache_events': 'False', 'write_json': 'True', 'partial_parse': 'True', 'cache_selected_only': 'False', 'warn_error': 'None', 'fail_fast': 'False', 'version_check': 'True', 'log_path': '/opt/airflow/dbt_project/logs', 'debug': 'False', 'profiles_dir': '.', 'use_colors': 'True', 'use_experimental_parser': 'False', 'no_print': 'None', 'quiet': 'False', 'warn_error_options': 'WarnErrorOptions(include=[], exclude=[])', 'static_parser': 'True', 'introspect': 'True', 'invocation_command': 'dbt docs generate --profiles-dir .', 'target_path': 'None', 'log_format': 'default', 'send_anonymous_usage_stats': 'True'}
[0m10:18:44.898756 [debug] [MainThread]: Sending event: {'category': 'dbt', 'action': 'project_id', 'label': '1647392e-6674-4766-b865-ce4552cd7074', 'context': [<snowplow_tracker.self_describing_json.SelfDescribingJson object at 0x7007b67e65b0>]}
[0m10:18:45.054041 [debug] [MainThread]: Sending event: {'category': 'dbt', 'action': 'adapter_info', 'label': '1647392e-6674-4766-b865-ce4552cd7074', 'context': [<snowplow_tracker.self_describing_json.SelfDescribingJson object at 0x7007b5dc7a00>]}
[0m10:18:45.055627 [info ] [MainThread]: Registered adapter: postgres=1.7.0
[0m10:18:45.079051 [debug] [MainThread]: checksum: 8434eacd4ffdf0ca3ab22bf0e2d55b45306c9599613e842b959405abc489e606, vars: {}, profile: , target: , version: 1.7.0
[0m10:18:45.595989 [debug] [MainThread]: Partial parsing enabled: 0 files deleted, 0 files added, 0 files changed.
[0m10:18:45.597643 [debug] [MainThread]: Partial parsing enabled, no changes found, skipping parsing
[0m10:18:45.610697 [debug] [MainThread]: Sending event: {'category': 'dbt', 'action': 'load_project', 'label': '1647392e-6674-4766-b865-ce4552cd7074', 'context': [<snowplow_tracker.self_describing_json.SelfDescribingJson object at 0x7007b58b5f10>]}
[0m10:18:45.635836 [debug] [MainThread]: Sending event: {'category': 'dbt', 'action': 'resource_counts', 'label': '1647392e-6674-4766-b865-ce4552cd7074', 'context': [<snowplow_tracker.self_describing_json.SelfDescribingJson object at 0x7007b596fd00>]}
[0m10:18:45.637269 [info ] [MainThread]: Found 6 models, 17 tests, 0 sources, 0 exposures, 0 metrics, 401 macros, 0 groups, 0 semantic models
[0m10:18:45.638739 [debug] [MainThread]: Sending event: {'category': 'dbt', 'action': 'runnable_timing', 'label': '1647392e-6674-4766-b865-ce4552cd7074', 'context': [<snowplow_tracker.self_describing_json.SelfDescribingJson object at 0x7007b596fe20>]}
[0m10:18:45.642814 [info ] [MainThread]: 
[0m10:18:45.644913 [debug] [MainThread]: Acquiring new postgres connection 'master'
[0m10:18:45.649262 [debug] [ThreadPool]: Acquiring new postgres connection 'list_airflow_analytics_analytics'
[0m10:18:45.651590 [debug] [ThreadPool]: Acquiring new postgres connection 'list_airflow_analytics_staging'
[0m10:18:45.689154 [debug] [ThreadPool]: Using postgres connection "list_airflow_analytics_staging"
[0m10:18:45.684326 [debug] [ThreadPool]: Using postgres connection "list_airflow_analytics_analytics"
[0m10:18:45.690689 [debug] [ThreadPool]: On list_airflow_analytics_staging: BEGIN
[0m10:18:45.692032 [debug] [ThreadPool]: On list_airflow_analytics_analytics: BEGIN
[0m10:18:45.693314 [debug] [ThreadPool]: Opening a new connection, currently in state init
[0m10:18:45.694814 [debug] [ThreadPool]: Opening a new connection, currently in state init
[0m10:18:45.711934 [debug] [ThreadPool]: SQL status: BEGIN in 0.0 seconds
[0m10:18:45.712810 [debug] [ThreadPool]: SQL status: BEGIN in 0.0 seconds
[0m10:18:45.713887 [debug] [ThreadPool]: Using postgres connection "list_airflow_analytics_analytics"
[0m10:18:45.716827 [debug] [ThreadPool]: Using postgres connection "list_airflow_analytics_staging"
[0m10:18:45.718466 [debug] [ThreadPool]: On list_airflow_analytics_analytics: /* {"app": "dbt", "dbt_version": "1.7.0", "profile_name": "ecommerce_analytics", "target_name": "dev", "connection_name": "list_airflow_analytics_analytics"} */
select
      'airflow' as database,
      tablename as name,
      schemaname as schema,
      'table' as type
    from pg_tables
    where schemaname ilike 'analytics_analytics'
    union all
    select
      'airflow' as database,
      viewname as name,
      schemaname as schema,
      'view' as type
    from pg_views
    where schemaname ilike 'analytics_analytics'
    union all
    select
      'airflow' as database,
      matviewname as name,
      schemaname as schema,
      'materialized_view' as type
    from pg_matviews
    where schemaname ilike 'analytics_analytics'
  
[0m10:18:45.719951 [debug] [ThreadPool]: On list_airflow_analytics_staging: /* {"app": "dbt", "dbt_version": "1.7.0", "profile_name": "ecommerce_analytics", "target_name": "dev", "connection_name": "list_airflow_analytics_staging"} */
select
      'airflow' as database,
      tablename as name,
      schemaname as schema,
      'table' as type
    from pg_tables
    where schemaname ilike 'analytics_staging'
    union all
    select
      'airflow' as database,
      viewname as name,
      schemaname as schema,
      'view' as type
    from pg_views
    where schemaname ilike 'analytics_staging'
    union all
    select
      'airflow' as database,
      matviewname as name,
      schemaname as schema,
      'materialized_view' as type
    from pg_matviews
    where schemaname ilike 'analytics_staging'
  
[0m10:18:45.725323 [debug] [ThreadPool]: SQL status: SELECT 3 in 0.0 seconds
[0m10:18:45.726231 [debug] [ThreadPool]: SQL status: SELECT 3 in 0.0 seconds
[0m10:18:45.728780 [debug] [ThreadPool]: On list_airflow_analytics_analytics: ROLLBACK
[0m10:18:45.733357 [debug] [ThreadPool]: On list_airflow_analytics_staging: ROLLBACK
[0m10:18:45.735398 [debug] [ThreadPool]: On list_airflow_analytics_analytics: Close
[0m10:18:45.736696 [debug] [ThreadPool]: On list_airflow_analytics_staging: Close
[0m10:18:45.750461 [debug] [MainThread]: Using postgres connection "master"
[0m10:18:45.751809 [debug] [MainThread]: On master: BEGIN
[0m10:18:45.752944 [debug] [MainThread]: Opening a new connection, currently in state init
[0m10:18:45.766521 [debug] [MainThread]: SQL status: BEGIN in 0.0 seconds
[0m10:18:45.767916 [debug] [MainThread]: Using postgres connection "master"
[0m10:18:45.769270 [debug] [MainThread]: On master: /* {"app": "dbt", "dbt_version": "1.7.0", "profile_name": "ecommerce_analytics", "target_name": "dev", "connection_name": "master"} */
with relation as (
        select
            pg_rewrite.ev_class as class,
            pg_rewrite.oid as id
        from pg_rewrite
    ),
    class as (
        select
            oid as id,
            relname as name,
            relnamespace as schema,
            relkind as kind
        from pg_class
    ),
    dependency as (
        select distinct
            pg_depend.objid as id,
            pg_depend.refobjid as ref
        from pg_depend
    ),
    schema as (
        select
            pg_namespace.oid as id,
            pg_namespace.nspname as name
        from pg_namespace
        where nspname != 'information_schema' and nspname not like 'pg\_%'
    ),
    referenced as (
        select
            relation.id AS id,
            referenced_class.name ,
            referenced_class.schema ,
            referenced_class.kind
        from relation
        join class as referenced_class on relation.class=referenced_class.id
        where referenced_class.kind in ('r', 'v', 'm')
    ),
    relationships as (
        select
            referenced.name as referenced_name,
            referenced.schema as referenced_schema_id,
            dependent_class.name as dependent_name,
            dependent_class.schema as dependent_schema_id,
            referenced.kind as kind
        from referenced
        join dependency on referenced.id=dependency.id
        join class as dependent_class on dependency.ref=dependent_class.id
        where
            (referenced.name != dependent_class.name or
             referenced.schema != dependent_class.schema)
    )

    select
        referenced_schema.name as referenced_schema,
        relationships.referenced_name as referenced_name,
        dependent_schema.name as dependent_schema,
        relationships.dependent_name as dependent_name
    from relationships
    join schema as dependent_schema on relationships.dependent_schema_id=dependent_schema.id
    join schema as referenced_schema on relationships.referenced_schema_id=referenced_schema.id
    group by referenced_schema, referenced_name, dependent_schema, dependent_name
    order by referenced_schema, referenced_name, dependent_schema, dependent_name;
[0m10:18:45.804559 [debug] [MainThread]: SQL status: SELECT 3 in 0.0 seconds
[0m10:18:45.807356 [debug] [MainThread]: Sending event: {'category': 'dbt', 'action': 'runnable_timing', 'label': '1647392e-6674-4766-b865-ce4552cd7074', 'context': [<snowplow_tracker.self_describing_json.SelfDescribingJson object at 0x7007b6114a60>]}
[0m10:18:45.808712 [debug] [MainThread]: On master: ROLLBACK
[0m10:18:45.810272 [debug] [MainThread]: On master: Close
[0m10:18:45.812300 [info ] [MainThread]: Concurrency: 4 threads (target='dev')
[0m10:18:45.814112 [info ] [MainThread]: 
[0m10:18:45.830051 [debug] [Thread-1  ]: Began running node model.ecommerce_analytics.stg_customers
[0m10:18:45.832431 [debug] [Thread-2  ]: Began running node model.ecommerce_analytics.stg_orders
[0m10:18:45.833777 [debug] [Thread-3  ]: Began running node model.ecommerce_analytics.stg_products
[0m10:18:45.835388 [debug] [Thread-1  ]: Re-using an available connection from the pool (formerly list_airflow_analytics_analytics, now model.ecommerce_analytics.stg_customers)
[0m10:18:45.837390 [debug] [Thread-2  ]: Re-using an available connection from the pool (formerly list_airflow_analytics_staging, now model.ecommerce_analytics.stg_orders)
[0m10:18:45.839312 [debug] [Thread-3  ]: Acquiring new postgres connection 'model.ecommerce_analytics.stg_products'
[0m10:18:45.840696 [debug] [Thread-1  ]: Began compiling node model.ecommerce_analytics.stg_customers
[0m10:18:45.842048 [debug] [Thread-2  ]: Began compiling node model.ecommerce_analytics.stg_orders
[0m10:18:45.843459 [debug] [Thread-3  ]: Began compiling node model.ecommerce_analytics.stg_products
[0m10:18:45.858605 [debug] [Thread-2  ]: Writing injected SQL for node "model.ecommerce_analytics.stg_orders"
[0m10:18:45.860860 [debug] [Thread-1  ]: Writing injected SQL for node "model.ecommerce_analytics.stg_customers"
[0m10:18:45.866428 [debug] [Thread-3  ]: Writing injected SQL for node "model.ecommerce_analytics.stg_products"
[0m10:18:45.878097 [debug] [Thread-2  ]: Timing info for model.ecommerce_analytics.stg_orders (compile): 10:18:45.855814 => 10:18:45.877529
[0m10:18:45.879712 [debug] [Thread-2  ]: Began executing node model.ecommerce_analytics.stg_orders
[0m10:18:45.882058 [debug] [Thread-1  ]: Timing info for model.ecommerce_analytics.stg_customers (compile): 10:18:45.844544 => 10:18:45.880771
[0m10:18:45.883897 [debug] [Thread-2  ]: Timing info for model.ecommerce_analytics.stg_orders (execute): 10:18:45.883338 => 10:18:45.883370
[0m10:18:45.885174 [debug] [Thread-3  ]: Timing info for model.ecommerce_analytics.stg_products (compile): 10:18:45.862255 => 10:18:45.884692
[0m10:18:45.886146 [debug] [Thread-1  ]: Began executing node model.ecommerce_analytics.stg_customers
[0m10:18:45.888527 [debug] [Thread-2  ]: Finished running node model.ecommerce_analytics.stg_orders
[0m10:18:45.889911 [debug] [Thread-3  ]: Began executing node model.ecommerce_analytics.stg_products
[0m10:18:45.891437 [debug] [Thread-1  ]: Timing info for model.ecommerce_analytics.stg_customers (execute): 10:18:45.890979 => 10:18:45.890996
[0m10:18:45.893966 [debug] [Thread-3  ]: Timing info for model.ecommerce_analytics.stg_products (execute): 10:18:45.893494 => 10:18:45.893510
[0m10:18:45.894922 [debug] [Thread-4  ]: Began running node model.ecommerce_analytics.mart_daily_sales
[0m10:18:45.895940 [debug] [Thread-2  ]: Began running node test.ecommerce_analytics.accepted_values_stg_orders_status__completed__cancelled__pending.ee383a7b32
[0m10:18:45.898990 [debug] [Thread-1  ]: Finished running node model.ecommerce_analytics.stg_customers
[0m10:18:45.902322 [debug] [Thread-3  ]: Finished running node model.ecommerce_analytics.stg_products
[0m10:18:45.904494 [debug] [Thread-4  ]: Acquiring new postgres connection 'model.ecommerce_analytics.mart_daily_sales'
[0m10:18:45.906213 [debug] [Thread-2  ]: Re-using an available connection from the pool (formerly model.ecommerce_analytics.stg_orders, now test.ecommerce_analytics.accepted_values_stg_orders_status__completed__cancelled__pending.ee383a7b32)
[0m10:18:45.907789 [debug] [Thread-1  ]: Began running node test.ecommerce_analytics.not_null_stg_orders_customer_id.af79d5e4b5
[0m10:18:45.909423 [debug] [Thread-3  ]: Began running node test.ecommerce_analytics.not_null_stg_orders_order_id.81cfe2fe64
[0m10:18:45.911133 [debug] [Thread-4  ]: Began compiling node model.ecommerce_analytics.mart_daily_sales
[0m10:18:45.912593 [debug] [Thread-2  ]: Began compiling node test.ecommerce_analytics.accepted_values_stg_orders_status__completed__cancelled__pending.ee383a7b32
[0m10:18:45.915608 [debug] [Thread-1  ]: Re-using an available connection from the pool (formerly model.ecommerce_analytics.stg_customers, now test.ecommerce_analytics.not_null_stg_orders_customer_id.af79d5e4b5)
[0m10:18:45.918141 [debug] [Thread-3  ]: Re-using an available connection from the pool (formerly model.ecommerce_analytics.stg_products, now test.ecommerce_analytics.not_null_stg_orders_order_id.81cfe2fe64)
[0m10:18:45.924397 [debug] [Thread-4  ]: Writing injected SQL for node "model.ecommerce_analytics.mart_daily_sales"
[0m10:18:45.937733 [debug] [Thread-1  ]: Began compiling node test.ecommerce_analytics.not_null_stg_orders_customer_id.af79d5e4b5
[0m10:18:45.952193 [debug] [Thread-2  ]: Writing injected SQL for node "test.ecommerce_analytics.accepted_values_stg_orders_status__completed__cancelled__pending.ee383a7b32"
[0m10:18:45.953183 [debug] [Thread-3  ]: Began compiling node test.ecommerce_analytics.not_null_stg_orders_order_id.81cfe2fe64
[0m10:18:45.972601 [debug] [Thread-1  ]: Writing injected SQL for node "test.ecommerce_analytics.not_null_stg_orders_customer_id.af79d5e4b5"
[0m10:18:45.985979 [debug] [Thread-4  ]: Timing info for model.ecommerce_analytics.mart_daily_sales (compile): 10:18:45.919448 => 10:18:45.985324
[0m10:18:45.987136 [debug] [Thread-3  ]: Writing injected SQL for node "test.ecommerce_analytics.not_null_stg_orders_order_id.81cfe2fe64"
[0m10:18:45.988884 [debug] [Thread-4  ]: Began executing node model.ecommerce_analytics.mart_daily_sales
[0m10:18:45.991138 [debug] [Thread-2  ]: Timing info for test.ecommerce_analytics.accepted_values_stg_orders_status__completed__cancelled__pending.ee383a7b32 (compile): 10:18:45.925342 => 10:18:45.990577
[0m10:18:45.993144 [debug] [Thread-4  ]: Timing info for model.ecommerce_analytics.mart_daily_sales (execute): 10:18:45.992487 => 10:18:45.992524
[0m10:18:45.995024 [debug] [Thread-2  ]: Began executing node test.ecommerce_analytics.accepted_values_stg_orders_status__completed__cancelled__pending.ee383a7b32
[0m10:18:45.996403 [debug] [Thread-1  ]: Timing info for test.ecommerce_analytics.not_null_stg_orders_customer_id.af79d5e4b5 (compile): 10:18:45.954963 => 10:18:45.995854
[0m10:18:45.999981 [debug] [Thread-4  ]: Finished running node model.ecommerce_analytics.mart_daily_sales
[0m10:18:46.002000 [debug] [Thread-2  ]: Timing info for test.ecommerce_analytics.accepted_values_stg_orders_status__completed__cancelled__pending.ee383a7b32 (execute): 10:18:46.001395 => 10:18:46.001426
[0m10:18:46.004006 [debug] [Thread-1  ]: Began executing node test.ecommerce_analytics.not_null_stg_orders_customer_id.af79d5e4b5
[0m10:18:46.005966 [debug] [Thread-4  ]: Began running node test.ecommerce_analytics.not_null_stg_orders_product_id.034adb910e
[0m10:18:46.007976 [debug] [Thread-3  ]: Timing info for test.ecommerce_analytics.not_null_stg_orders_order_id.81cfe2fe64 (compile): 10:18:45.973868 => 10:18:46.007435
[0m10:18:46.010277 [debug] [Thread-2  ]: Finished running node test.ecommerce_analytics.accepted_values_stg_orders_status__completed__cancelled__pending.ee383a7b32
[0m10:18:46.012284 [debug] [Thread-1  ]: Timing info for test.ecommerce_analytics.not_null_stg_orders_customer_id.af79d5e4b5 (execute): 10:18:46.011735 => 10:18:46.011761
[0m10:18:46.015112 [debug] [Thread-4  ]: Re-using an available connection from the pool (formerly model.ecommerce_analytics.mart_daily_sales, now test.ecommerce_analytics.not_null_stg_orders_product_id.034adb910e)
[0m10:18:46.017152 [debug] [Thread-3  ]: Began executing node test.ecommerce_analytics.not_null_stg_orders_order_id.81cfe2fe64
[0m10:18:46.018810 [debug] [Thread-2  ]: Began running node test.ecommerce_analytics.unique_stg_orders_order_id.e3b841c71a
[0m10:18:46.021402 [debug] [Thread-1  ]: Finished running node test.ecommerce_analytics.not_null_stg_orders_customer_id.af79d5e4b5
[0m10:18:46.022821 [debug] [Thread-4  ]: Began compiling node test.ecommerce_analytics.not_null_stg_orders_product_id.034adb910e
[0m10:18:46.024605 [debug] [Thread-3  ]: Timing info for test.ecommerce_analytics.not_null_stg_orders_order_id.81cfe2fe64 (execute): 10:18:46.024075 => 10:18:46.024103
[0m10:18:46.026486 [debug] [Thread-2  ]: Re-using an available connection from the pool (formerly test.ecommerce_analytics.accepted_values_stg_orders_status__completed__cancelled__pending.ee383a7b32, now test.ecommerce_analytics.unique_stg_orders_order_id.e3b841c71a)
[0m10:18:46.028228 [debug] [Thread-1  ]: Began running node model.ecommerce_analytics.mart_customer_orders
[0m10:18:46.038888 [debug] [Thread-4  ]: Writing injected SQL for node "test.ecommerce_analytics.not_null_stg_orders_product_id.034adb910e"
[0m10:18:46.040708 [debug] [Thread-3  ]: Finished running node test.ecommerce_analytics.not_null_stg_orders_order_id.81cfe2fe64
[0m10:18:46.042096 [debug] [Thread-2  ]: Began compiling node test.ecommerce_analytics.unique_stg_orders_order_id.e3b841c71a
[0m10:18:46.043906 [debug] [Thread-1  ]: Re-using an available connection from the pool (formerly test.ecommerce_analytics.not_null_stg_orders_customer_id.af79d5e4b5, now model.ecommerce_analytics.mart_customer_orders)
[0m10:18:46.045985 [debug] [Thread-3  ]: Began running node test.ecommerce_analytics.not_null_stg_customers_customer_id.e2cfb1f9aa
[0m10:18:46.058882 [debug] [Thread-1  ]: Began compiling node model.ecommerce_analytics.mart_customer_orders
[0m10:18:46.061247 [debug] [Thread-2  ]: Writing injected SQL for node "test.ecommerce_analytics.unique_stg_orders_order_id.e3b841c71a"
[0m10:18:46.063351 [debug] [Thread-3  ]: Re-using an available connection from the pool (formerly test.ecommerce_analytics.not_null_stg_orders_order_id.81cfe2fe64, now test.ecommerce_analytics.not_null_stg_customers_customer_id.e2cfb1f9aa)
[0m10:18:46.071913 [debug] [Thread-1  ]: Writing injected SQL for node "model.ecommerce_analytics.mart_customer_orders"
[0m10:18:46.073856 [debug] [Thread-3  ]: Began compiling node test.ecommerce_analytics.not_null_stg_customers_customer_id.e2cfb1f9aa
[0m10:18:46.076430 [debug] [Thread-4  ]: Timing info for test.ecommerce_analytics.not_null_stg_orders_product_id.034adb910e (compile): 10:18:46.029426 => 10:18:46.075706
[0m10:18:46.086510 [debug] [Thread-3  ]: Writing injected SQL for node "test.ecommerce_analytics.not_null_stg_customers_customer_id.e2cfb1f9aa"
[0m10:18:46.088168 [debug] [Thread-4  ]: Began executing node test.ecommerce_analytics.not_null_stg_orders_product_id.034adb910e
[0m10:18:46.090843 [debug] [Thread-2  ]: Timing info for test.ecommerce_analytics.unique_stg_orders_order_id.e3b841c71a (compile): 10:18:46.047421 => 10:18:46.090136
[0m10:18:46.091987 [debug] [Thread-4  ]: Timing info for test.ecommerce_analytics.not_null_stg_orders_product_id.034adb910e (execute): 10:18:46.091451 => 10:18:46.091477
[0m10:18:46.093210 [debug] [Thread-1  ]: Timing info for model.ecommerce_analytics.mart_customer_orders (compile): 10:18:46.065721 => 10:18:46.092741
[0m10:18:46.094147 [debug] [Thread-2  ]: Began executing node test.ecommerce_analytics.unique_stg_orders_order_id.e3b841c71a
[0m10:18:46.096594 [debug] [Thread-4  ]: Finished running node test.ecommerce_analytics.not_null_stg_orders_product_id.034adb910e
[0m10:18:46.098896 [debug] [Thread-1  ]: Began executing node model.ecommerce_analytics.mart_customer_orders
[0m10:18:46.100810 [debug] [Thread-2  ]: Timing info for test.ecommerce_analytics.unique_stg_orders_order_id.e3b841c71a (execute): 10:18:46.100212 => 10:18:46.100241
[0m10:18:46.102585 [debug] [Thread-4  ]: Began running node test.ecommerce_analytics.not_null_stg_customers_email.d7cf761533
[0m10:18:46.104641 [debug] [Thread-1  ]: Timing info for model.ecommerce_analytics.mart_customer_orders (execute): 10:18:46.104107 => 10:18:46.104129
[0m10:18:46.106979 [debug] [Thread-2  ]: Finished running node test.ecommerce_analytics.unique_stg_orders_order_id.e3b841c71a
[0m10:18:46.108043 [debug] [Thread-3  ]: Timing info for test.ecommerce_analytics.not_null_stg_customers_customer_id.e2cfb1f9aa (compile): 10:18:46.077108 => 10:18:46.107590
[0m10:18:46.109338 [debug] [Thread-4  ]: Re-using an available connection from the pool (formerly test.ecommerce_analytics.not_null_stg_orders_product_id.034adb910e, now test.ecommerce_analytics.not_null_stg_customers_email.d7cf761533)
[0m10:18:46.111519 [debug] [Thread-1  ]: Finished running node model.ecommerce_analytics.mart_customer_orders
[0m10:18:46.113030 [debug] [Thread-2  ]: Began running node test.ecommerce_analytics.unique_stg_customers_customer_id.c7614daada
[0m10:18:46.115973 [debug] [Thread-3  ]: Began executing node test.ecommerce_analytics.not_null_stg_customers_customer_id.e2cfb1f9aa
[0m10:18:46.117801 [debug] [Thread-4  ]: Began compiling node test.ecommerce_analytics.not_null_stg_customers_email.d7cf761533
[0m10:18:46.119474 [debug] [Thread-1  ]: Began running node test.ecommerce_analytics.unique_stg_customers_email.1ebcb2333e
[0m10:18:46.121466 [debug] [Thread-2  ]: Re-using an available connection from the pool (formerly test.ecommerce_analytics.unique_stg_orders_order_id.e3b841c71a, now test.ecommerce_analytics.unique_stg_customers_customer_id.c7614daada)
[0m10:18:46.122951 [debug] [Thread-3  ]: Timing info for test.ecommerce_analytics.not_null_stg_customers_customer_id.e2cfb1f9aa (execute): 10:18:46.122465 => 10:18:46.122490
[0m10:18:46.132930 [debug] [Thread-4  ]: Writing injected SQL for node "test.ecommerce_analytics.not_null_stg_customers_email.d7cf761533"
[0m10:18:46.134488 [debug] [Thread-1  ]: Re-using an available connection from the pool (formerly model.ecommerce_analytics.mart_customer_orders, now test.ecommerce_analytics.unique_stg_customers_email.1ebcb2333e)
[0m10:18:46.136034 [debug] [Thread-2  ]: Began compiling node test.ecommerce_analytics.unique_stg_customers_customer_id.c7614daada
[0m10:18:46.138536 [debug] [Thread-3  ]: Finished running node test.ecommerce_analytics.not_null_stg_customers_customer_id.e2cfb1f9aa
[0m10:18:46.140693 [debug] [Thread-1  ]: Began compiling node test.ecommerce_analytics.unique_stg_customers_email.1ebcb2333e
[0m10:18:46.151893 [debug] [Thread-2  ]: Writing injected SQL for node "test.ecommerce_analytics.unique_stg_customers_customer_id.c7614daada"
[0m10:18:46.153179 [debug] [Thread-3  ]: Began running node model.ecommerce_analytics.mart_revenue_by_category
[0m10:18:46.165543 [debug] [Thread-1  ]: Writing injected SQL for node "test.ecommerce_analytics.unique_stg_customers_email.1ebcb2333e"
[0m10:18:46.169153 [debug] [Thread-3  ]: Re-using an available connection from the pool (formerly test.ecommerce_analytics.not_null_stg_customers_customer_id.e2cfb1f9aa, now model.ecommerce_analytics.mart_revenue_by_category)
[0m10:18:46.171277 [debug] [Thread-4  ]: Timing info for test.ecommerce_analytics.not_null_stg_customers_email.d7cf761533 (compile): 10:18:46.124024 => 10:18:46.170272
[0m10:18:46.173279 [debug] [Thread-3  ]: Began compiling node model.ecommerce_analytics.mart_revenue_by_category
[0m10:18:46.175067 [debug] [Thread-4  ]: Began executing node test.ecommerce_analytics.not_null_stg_customers_email.d7cf761533
[0m10:18:46.176361 [debug] [Thread-2  ]: Timing info for test.ecommerce_analytics.unique_stg_customers_customer_id.c7614daada (compile): 10:18:46.141897 => 10:18:46.175753
[0m10:18:46.188411 [debug] [Thread-3  ]: Writing injected SQL for node "model.ecommerce_analytics.mart_revenue_by_category"
[0m10:18:46.189586 [debug] [Thread-4  ]: Timing info for test.ecommerce_analytics.not_null_stg_customers_email.d7cf761533 (execute): 10:18:46.189091 => 10:18:46.189117
[0m10:18:46.191022 [debug] [Thread-2  ]: Began executing node test.ecommerce_analytics.unique_stg_customers_customer_id.c7614daada
[0m10:18:46.193433 [debug] [Thread-1  ]: Timing info for test.ecommerce_analytics.unique_stg_customers_email.1ebcb2333e (compile): 10:18:46.154308 => 10:18:46.192890
[0m10:18:46.195494 [debug] [Thread-4  ]: Finished running node test.ecommerce_analytics.not_null_stg_customers_email.d7cf761533
[0m10:18:46.198055 [debug] [Thread-2  ]: Timing info for test.ecommerce_analytics.unique_stg_customers_customer_id.c7614daada (execute): 10:18:46.196844 => 10:18:46.196902
[0m10:18:46.200506 [debug] [Thread-1  ]: Began executing node test.ecommerce_analytics.unique_stg_customers_email.1ebcb2333e
[0m10:18:46.202147 [debug] [Thread-4  ]: Began running node test.ecommerce_analytics.not_null_stg_products_product_id.6373b0acf3
[0m10:18:46.204723 [debug] [Thread-2  ]: Finished running node test.ecommerce_analytics.unique_stg_customers_customer_id.c7614daada
[0m10:18:46.206522 [debug] [Thread-1  ]: Timing info for test.ecommerce_analytics.unique_stg_customers_email.1ebcb2333e (execute): 10:18:46.205904 => 10:18:46.205928
[0m10:18:46.208425 [debug] [Thread-4  ]: Re-using an available connection from the pool (formerly test.ecommerce_analytics.not_null_stg_customers_email.d7cf761533, now test.ecommerce_analytics.not_null_stg_products_product_id.6373b0acf3)
[0m10:18:46.210184 [debug] [Thread-2  ]: Began running node test.ecommerce_analytics.unique_stg_products_product_id.7d950a1467
[0m10:18:46.213378 [debug] [Thread-1  ]: Finished running node test.ecommerce_analytics.unique_stg_customers_email.1ebcb2333e
[0m10:18:46.216044 [debug] [Thread-3  ]: Timing info for model.ecommerce_analytics.mart_revenue_by_category (compile): 10:18:46.177606 => 10:18:46.214708
[0m10:18:46.217224 [debug] [Thread-4  ]: Began compiling node test.ecommerce_analytics.not_null_stg_products_product_id.6373b0acf3
[0m10:18:46.219312 [debug] [Thread-2  ]: Re-using an available connection from the pool (formerly test.ecommerce_analytics.unique_stg_customers_customer_id.c7614daada, now test.ecommerce_analytics.unique_stg_products_product_id.7d950a1467)
[0m10:18:46.221267 [debug] [Thread-1  ]: Began running node test.ecommerce_analytics.not_null_mart_daily_sales_order_date.0e908a3de5
[0m10:18:46.223014 [debug] [Thread-3  ]: Began executing node model.ecommerce_analytics.mart_revenue_by_category
[0m10:18:46.233499 [debug] [Thread-4  ]: Writing injected SQL for node "test.ecommerce_analytics.not_null_stg_products_product_id.6373b0acf3"
[0m10:18:46.234775 [debug] [Thread-2  ]: Began compiling node test.ecommerce_analytics.unique_stg_products_product_id.7d950a1467
[0m10:18:46.236740 [debug] [Thread-1  ]: Re-using an available connection from the pool (formerly test.ecommerce_analytics.unique_stg_customers_email.1ebcb2333e, now test.ecommerce_analytics.not_null_mart_daily_sales_order_date.0e908a3de5)
[0m10:18:46.238430 [debug] [Thread-3  ]: Timing info for model.ecommerce_analytics.mart_revenue_by_category (execute): 10:18:46.237884 => 10:18:46.237908
[0m10:18:46.251863 [debug] [Thread-1  ]: Began compiling node test.ecommerce_analytics.not_null_mart_daily_sales_order_date.0e908a3de5
[0m10:18:46.253443 [debug] [Thread-2  ]: Writing injected SQL for node "test.ecommerce_analytics.unique_stg_products_product_id.7d950a1467"
[0m10:18:46.256348 [debug] [Thread-3  ]: Finished running node model.ecommerce_analytics.mart_revenue_by_category
[0m10:18:46.267265 [debug] [Thread-1  ]: Writing injected SQL for node "test.ecommerce_analytics.not_null_mart_daily_sales_order_date.0e908a3de5"
[0m10:18:46.269393 [debug] [Thread-3  ]: Began running node test.ecommerce_analytics.unique_mart_daily_sales_order_date.f90d005909
[0m10:18:46.272273 [debug] [Thread-4  ]: Timing info for test.ecommerce_analytics.not_null_stg_products_product_id.6373b0acf3 (compile): 10:18:46.224213 => 10:18:46.271552
[0m10:18:46.273959 [debug] [Thread-3  ]: Re-using an available connection from the pool (formerly model.ecommerce_analytics.mart_revenue_by_category, now test.ecommerce_analytics.unique_mart_daily_sales_order_date.f90d005909)
[0m10:18:46.275880 [debug] [Thread-4  ]: Began executing node test.ecommerce_analytics.not_null_stg_products_product_id.6373b0acf3
[0m10:18:46.277677 [debug] [Thread-3  ]: Began compiling node test.ecommerce_analytics.unique_mart_daily_sales_order_date.f90d005909
[0m10:18:46.279023 [debug] [Thread-2  ]: Timing info for test.ecommerce_analytics.unique_stg_products_product_id.7d950a1467 (compile): 10:18:46.240180 => 10:18:46.278422
[0m10:18:46.281108 [debug] [Thread-4  ]: Timing info for test.ecommerce_analytics.not_null_stg_products_product_id.6373b0acf3 (execute): 10:18:46.280247 => 10:18:46.280287
[0m10:18:46.291096 [debug] [Thread-3  ]: Writing injected SQL for node "test.ecommerce_analytics.unique_mart_daily_sales_order_date.f90d005909"
[0m10:18:46.292235 [debug] [Thread-2  ]: Began executing node test.ecommerce_analytics.unique_stg_products_product_id.7d950a1467
[0m10:18:46.293298 [debug] [Thread-1  ]: Timing info for test.ecommerce_analytics.not_null_mart_daily_sales_order_date.0e908a3de5 (compile): 10:18:46.257500 => 10:18:46.292819
[0m10:18:46.299445 [debug] [Thread-4  ]: Finished running node test.ecommerce_analytics.not_null_stg_products_product_id.6373b0acf3
[0m10:18:46.303018 [debug] [Thread-2  ]: Timing info for test.ecommerce_analytics.unique_stg_products_product_id.7d950a1467 (execute): 10:18:46.302001 => 10:18:46.302043
[0m10:18:46.305646 [debug] [Thread-1  ]: Began executing node test.ecommerce_analytics.not_null_mart_daily_sales_order_date.0e908a3de5
[0m10:18:46.307923 [debug] [Thread-4  ]: Began running node test.ecommerce_analytics.not_null_mart_customer_orders_customer_id.65556082dc
[0m10:18:46.310868 [debug] [Thread-2  ]: Finished running node test.ecommerce_analytics.unique_stg_products_product_id.7d950a1467
[0m10:18:46.312973 [debug] [Thread-1  ]: Timing info for test.ecommerce_analytics.not_null_mart_daily_sales_order_date.0e908a3de5 (execute): 10:18:46.312060 => 10:18:46.312094
[0m10:18:46.316639 [debug] [Thread-4  ]: Re-using an available connection from the pool (formerly test.ecommerce_analytics.not_null_stg_products_product_id.6373b0acf3, now test.ecommerce_analytics.not_null_mart_customer_orders_customer_id.65556082dc)
[0m10:18:46.319413 [debug] [Thread-2  ]: Began running node test.ecommerce_analytics.not_null_mart_customer_orders_total_revenue.2fff1d6d64
[0m10:18:46.323080 [debug] [Thread-1  ]: Finished running node test.ecommerce_analytics.not_null_mart_daily_sales_order_date.0e908a3de5
[0m10:18:46.324863 [debug] [Thread-4  ]: Began compiling node test.ecommerce_analytics.not_null_mart_customer_orders_customer_id.65556082dc
[0m10:18:46.327198 [debug] [Thread-2  ]: Re-using an available connection from the pool (formerly test.ecommerce_analytics.unique_stg_products_product_id.7d950a1467, now test.ecommerce_analytics.not_null_mart_customer_orders_total_revenue.2fff1d6d64)
[0m10:18:46.329719 [debug] [Thread-1  ]: Began running node test.ecommerce_analytics.unique_mart_customer_orders_customer_id.dd48be91bc
[0m10:18:46.332408 [debug] [Thread-3  ]: Timing info for test.ecommerce_analytics.unique_mart_daily_sales_order_date.f90d005909 (compile): 10:18:46.282978 => 10:18:46.331545
[0m10:18:46.340909 [debug] [Thread-4  ]: Writing injected SQL for node "test.ecommerce_analytics.not_null_mart_customer_orders_customer_id.65556082dc"
[0m10:18:46.341957 [debug] [Thread-2  ]: Began compiling node test.ecommerce_analytics.not_null_mart_customer_orders_total_revenue.2fff1d6d64
[0m10:18:46.343995 [debug] [Thread-1  ]: Re-using an available connection from the pool (formerly test.ecommerce_analytics.not_null_mart_daily_sales_order_date.0e908a3de5, now test.ecommerce_analytics.unique_mart_customer_orders_customer_id.dd48be91bc)
[0m10:18:46.345488 [debug] [Thread-3  ]: Began executing node test.ecommerce_analytics.unique_mart_daily_sales_order_date.f90d005909
[0m10:18:46.356976 [debug] [Thread-2  ]: Writing injected SQL for node "test.ecommerce_analytics.not_null_mart_customer_orders_total_revenue.2fff1d6d64"
[0m10:18:46.358173 [debug] [Thread-1  ]: Began compiling node test.ecommerce_analytics.unique_mart_customer_orders_customer_id.dd48be91bc
[0m10:18:46.360100 [debug] [Thread-3  ]: Timing info for test.ecommerce_analytics.unique_mart_daily_sales_order_date.f90d005909 (execute): 10:18:46.359549 => 10:18:46.359576
[0m10:18:46.370855 [debug] [Thread-1  ]: Writing injected SQL for node "test.ecommerce_analytics.unique_mart_customer_orders_customer_id.dd48be91bc"
[0m10:18:46.373577 [debug] [Thread-3  ]: Finished running node test.ecommerce_analytics.unique_mart_daily_sales_order_date.f90d005909
[0m10:18:46.376128 [debug] [Thread-3  ]: Began running node test.ecommerce_analytics.not_null_mart_revenue_by_category_category.0607d31a2e
[0m10:18:46.377515 [debug] [Thread-4  ]: Timing info for test.ecommerce_analytics.not_null_mart_customer_orders_customer_id.65556082dc (compile): 10:18:46.333096 => 10:18:46.376893
[0m10:18:46.378984 [debug] [Thread-2  ]: Timing info for test.ecommerce_analytics.not_null_mart_customer_orders_total_revenue.2fff1d6d64 (compile): 10:18:46.348327 => 10:18:46.378440
[0m10:18:46.381342 [debug] [Thread-3  ]: Re-using an available connection from the pool (formerly test.ecommerce_analytics.unique_mart_daily_sales_order_date.f90d005909, now test.ecommerce_analytics.not_null_mart_revenue_by_category_category.0607d31a2e)
[0m10:18:46.383670 [debug] [Thread-4  ]: Began executing node test.ecommerce_analytics.not_null_mart_customer_orders_customer_id.65556082dc
[0m10:18:46.385465 [debug] [Thread-2  ]: Began executing node test.ecommerce_analytics.not_null_mart_customer_orders_total_revenue.2fff1d6d64
[0m10:18:46.386941 [debug] [Thread-3  ]: Began compiling node test.ecommerce_analytics.not_null_mart_revenue_by_category_category.0607d31a2e
[0m10:18:46.388573 [debug] [Thread-1  ]: Timing info for test.ecommerce_analytics.unique_mart_customer_orders_customer_id.dd48be91bc (compile): 10:18:46.361814 => 10:18:46.387996
[0m10:18:46.389667 [debug] [Thread-4  ]: Timing info for test.ecommerce_analytics.not_null_mart_customer_orders_customer_id.65556082dc (execute): 10:18:46.389182 => 10:18:46.389204
[0m10:18:46.391216 [debug] [Thread-2  ]: Timing info for test.ecommerce_analytics.not_null_mart_customer_orders_total_revenue.2fff1d6d64 (execute): 10:18:46.390737 => 10:18:46.390756
[0m10:18:46.404898 [debug] [Thread-1  ]: Began executing node test.ecommerce_analytics.unique_mart_customer_orders_customer_id.dd48be91bc
[0m10:18:46.404103 [debug] [Thread-3  ]: Writing injected SQL for node "test.ecommerce_analytics.not_null_mart_revenue_by_category_category.0607d31a2e"
[0m10:18:46.407682 [debug] [Thread-4  ]: Finished running node test.ecommerce_analytics.not_null_mart_customer_orders_customer_id.65556082dc
[0m10:18:46.410138 [debug] [Thread-2  ]: Finished running node test.ecommerce_analytics.not_null_mart_customer_orders_total_revenue.2fff1d6d64
[0m10:18:46.411995 [debug] [Thread-1  ]: Timing info for test.ecommerce_analytics.unique_mart_customer_orders_customer_id.dd48be91bc (execute): 10:18:46.411444 => 10:18:46.411463
[0m10:18:46.421178 [debug] [Thread-1  ]: Finished running node test.ecommerce_analytics.unique_mart_customer_orders_customer_id.dd48be91bc
[0m10:18:46.437129 [debug] [Thread-3  ]: Timing info for test.ecommerce_analytics.not_null_mart_revenue_by_category_category.0607d31a2e (compile): 10:18:46.392353 => 10:18:46.436507
[0m10:18:46.438515 [debug] [Thread-3  ]: Began executing node test.ecommerce_analytics.not_null_mart_revenue_by_category_category.0607d31a2e
[0m10:18:46.439923 [debug] [Thread-3  ]: Timing info for test.ecommerce_analytics.not_null_mart_revenue_by_category_category.0607d31a2e (execute): 10:18:46.439463 => 10:18:46.439484
[0m10:18:46.441950 [debug] [Thread-3  ]: Finished running node test.ecommerce_analytics.not_null_mart_revenue_by_category_category.0607d31a2e
[0m10:18:46.445209 [debug] [MainThread]: Connection 'master' was properly closed.
[0m10:18:46.446543 [debug] [MainThread]: Connection 'test.ecommerce_analytics.unique_mart_customer_orders_customer_id.dd48be91bc' was properly closed.
[0m10:18:46.449142 [debug] [MainThread]: Connection 'test.ecommerce_analytics.not_null_mart_customer_orders_total_revenue.2fff1d6d64' was properly closed.
[0m10:18:46.450520 [debug] [MainThread]: Connection 'test.ecommerce_analytics.not_null_mart_revenue_by_category_category.0607d31a2e' was properly closed.
[0m10:18:46.451695 [debug] [MainThread]: Connection 'test.ecommerce_analytics.not_null_mart_customer_orders_customer_id.65556082dc' was properly closed.
[0m10:18:46.458749 [debug] [MainThread]: Command end result
[0m10:18:46.546323 [debug] [MainThread]: Acquiring new postgres connection 'generate_catalog'
[0m10:18:46.548432 [info ] [MainThread]: Building catalog
[0m10:18:46.552880 [debug] [ThreadPool]: Acquiring new postgres connection 'airflow.information_schema'
[0m10:18:46.566885 [debug] [ThreadPool]: Using postgres connection "airflow.information_schema"
[0m10:18:46.568256 [debug] [ThreadPool]: On airflow.information_schema: BEGIN
[0m10:18:46.569516 [debug] [ThreadPool]: Opening a new connection, currently in state init
[0m10:18:46.582980 [debug] [ThreadPool]: SQL status: BEGIN in 0.0 seconds
[0m10:18:46.584494 [debug] [ThreadPool]: Using postgres connection "airflow.information_schema"
[0m10:18:46.585957 [debug] [ThreadPool]: On airflow.information_schema: /* {"app": "dbt", "dbt_version": "1.7.0", "profile_name": "ecommerce_analytics", "target_name": "dev", "connection_name": "airflow.information_schema"} */

    
    

    select
        'airflow' as table_database,
        sch.nspname as table_schema,
        tbl.relname as table_name,
        case tbl.relkind
            when 'v' then 'VIEW'
            when 'm' then 'MATERIALIZED VIEW'
            else 'BASE TABLE'
        end as table_type,
        tbl_desc.description as table_comment,
        col.attname as column_name,
        col.attnum as column_index,
        pg_catalog.format_type(col.atttypid, col.atttypmod) as column_type,
        col_desc.description as column_comment,
        pg_get_userbyid(tbl.relowner) as table_owner

    from pg_catalog.pg_namespace sch
    join pg_catalog.pg_class tbl on tbl.relnamespace = sch.oid
    join pg_catalog.pg_attribute col on col.attrelid = tbl.oid
    left outer join pg_catalog.pg_description tbl_desc on (tbl_desc.objoid = tbl.oid and tbl_desc.objsubid = 0)
    left outer join pg_catalog.pg_description col_desc on (col_desc.objoid = tbl.oid and col_desc.objsubid = col.attnum)
    where ((upper(sch.nspname) = upper('analytics_analytics') and
           upper(tbl.relname) = upper('mart_customer_orders')) or (upper(sch.nspname) = upper('analytics_staging') and
           upper(tbl.relname) = upper('stg_orders')) or (upper(sch.nspname) = upper('analytics_staging') and
           upper(tbl.relname) = upper('stg_products')) or (upper(sch.nspname) = upper('analytics_staging') and
           upper(tbl.relname) = upper('stg_customers')) or (upper(sch.nspname) = upper('analytics_analytics') and
           upper(tbl.relname) = upper('mart_revenue_by_category')) or (upper(sch.nspname) = upper('analytics_analytics') and
           upper(tbl.relname) = upper('mart_daily_sales')))
      and not pg_is_other_temp_schema(sch.oid) -- not a temporary schema belonging to another session
      and tbl.relpersistence in ('p', 'u') -- [p]ermanent table or [u]nlogged table. Exclude [t]emporary tables
      and tbl.relkind in ('r', 'v', 'f', 'p', 'm') -- o[r]dinary table, [v]iew, [f]oreign table, [p]artitioned table, [m]aterialized view. Other values are [i]ndex, [S]equence, [c]omposite type, [t]OAST table
      and col.attnum > 0 -- negative numbers are used for system columns such as oid
      and not col.attisdropped -- column as not been dropped

    order by
        sch.nspname,
        tbl.relname,
        col.attnum
[0m10:18:46.592267 [debug] [ThreadPool]: SQL status: SELECT 57 in 0.0 seconds
[0m10:18:46.606028 [debug] [ThreadPool]: On airflow.information_schema: ROLLBACK
[0m10:18:46.607996 [debug] [ThreadPool]: On airflow.information_schema: Close
[0m10:18:46.662549 [info ] [MainThread]: Catalog written to /opt/airflow/dbt_project/target/catalog.json
[0m10:18:46.666130 [debug] [MainThread]: Resource report: {"command_name": "generate", "command_success": true, "command_wall_clock_time": 2.2649422, "process_user_time": 5.447861, "process_kernel_time": 0.461615, "process_mem_max_rss": "123240", "process_in_blocks": "0", "process_out_blocks": "0"}
[0m10:18:46.668401 [debug] [MainThread]: Command `dbt docs generate` succeeded at 10:18:46.667966 after 2.27 seconds
[0m10:18:46.669778 [debug] [MainThread]: Connection 'generate_catalog' was properly closed.
[0m10:18:46.671017 [debug] [MainThread]: Connection 'airflow.information_schema' was properly closed.
[0m10:18:46.672331 [debug] [MainThread]: Sending event: {'category': 'dbt', 'action': 'invocation', 'label': 'end', 'context': [<snowplow_tracker.self_describing_json.SelfDescribingJson object at 0x7007b89b0100>, <snowplow_tracker.self_describing_json.SelfDescribingJson object at 0x7007b737eaf0>, <snowplow_tracker.self_describing_json.SelfDescribingJson object at 0x7007b589e0d0>]}
[0m10:18:46.673779 [debug] [MainThread]: Flushing usage events
[0m10:05:26.804806 [debug] [MainThread]: Sending event: {'category': 'dbt', 'action': 'invocation', 'label': 'start', 'context': [<snowplow_tracker.self_describing_json.SelfDescribingJson object at 0x713fa55193d0>, <snowplow_tracker.self_describing_json.SelfDescribingJson object at 0x713fa33d1fd0>, <snowplow_tracker.self_describing_json.SelfDescribingJson object at 0x713fa33d1610>]}


============================== 10:05:26.828189 | 22f1ae0a-8bf2-4ed4-b420-66a859b1620a ==============================
[0m10:05:26.828189 [info ] [MainThread]: Running with dbt=1.7.0
[0m10:05:26.830037 [debug] [MainThread]: running dbt with arguments {'printer_width': '80', 'indirect_selection': 'eager', 'log_cache_events': 'False', 'write_json': 'True', 'partial_parse': 'True', 'cache_selected_only': 'False', 'warn_error': 'None', 'debug': 'False', 'fail_fast': 'False', 'log_path': '/opt/airflow/dbt_project/logs', 'version_check': 'True', 'profiles_dir': '.', 'use_colors': 'True', 'use_experimental_parser': 'False', 'no_print': 'None', 'quiet': 'False', 'log_format': 'default', 'introspect': 'True', 'warn_error_options': 'WarnErrorOptions(include=[], exclude=[])', 'invocation_command': 'dbt run --select staging --profiles-dir .', 'target_path': 'None', 'static_parser': 'True', 'send_anonymous_usage_stats': 'True'}
[0m10:05:27.571539 [debug] [MainThread]: Sending event: {'category': 'dbt', 'action': 'project_id', 'label': '22f1ae0a-8bf2-4ed4-b420-66a859b1620a', 'context': [<snowplow_tracker.self_describing_json.SelfDescribingJson object at 0x713fa5d79e80>]}
[0m10:05:27.733796 [debug] [MainThread]: Sending event: {'category': 'dbt', 'action': 'adapter_info', 'label': '22f1ae0a-8bf2-4ed4-b420-66a859b1620a', 'context': [<snowplow_tracker.self_describing_json.SelfDescribingJson object at 0x713fa298c130>]}
[0m10:05:27.736519 [info ] [MainThread]: Registered adapter: postgres=1.7.0
[0m10:05:27.767425 [debug] [MainThread]: checksum: 8434eacd4ffdf0ca3ab22bf0e2d55b45306c9599613e842b959405abc489e606, vars: {}, profile: , target: , version: 1.7.0
[0m10:05:28.258354 [debug] [MainThread]: Partial parsing enabled: 0 files deleted, 0 files added, 0 files changed.
[0m10:05:28.259674 [debug] [MainThread]: Partial parsing enabled, no changes found, skipping parsing
[0m10:05:28.271695 [debug] [MainThread]: Sending event: {'category': 'dbt', 'action': 'load_project', 'label': '22f1ae0a-8bf2-4ed4-b420-66a859b1620a', 'context': [<snowplow_tracker.self_describing_json.SelfDescribingJson object at 0x713fa2474f10>]}
[0m10:05:28.340619 [debug] [MainThread]: Sending event: {'category': 'dbt', 'action': 'resource_counts', 'label': '22f1ae0a-8bf2-4ed4-b420-66a859b1620a', 'context': [<snowplow_tracker.self_describing_json.SelfDescribingJson object at 0x713fa252dca0>]}
[0m10:05:28.342088 [info ] [MainThread]: Found 6 models, 17 tests, 0 sources, 0 exposures, 0 metrics, 401 macros, 0 groups, 0 semantic models
[0m10:05:28.343743 [debug] [MainThread]: Sending event: {'category': 'dbt', 'action': 'runnable_timing', 'label': '22f1ae0a-8bf2-4ed4-b420-66a859b1620a', 'context': [<snowplow_tracker.self_describing_json.SelfDescribingJson object at 0x713fa252df10>]}
[0m10:05:28.346818 [info ] [MainThread]: 
[0m10:05:28.348777 [debug] [MainThread]: Acquiring new postgres connection 'master'
[0m10:05:28.351925 [debug] [ThreadPool]: Acquiring new postgres connection 'list_airflow'
[0m10:05:28.374884 [debug] [ThreadPool]: Using postgres connection "list_airflow"
[0m10:05:28.376338 [debug] [ThreadPool]: On list_airflow: /* {"app": "dbt", "dbt_version": "1.7.0", "profile_name": "ecommerce_analytics", "target_name": "dev", "connection_name": "list_airflow"} */

    select distinct nspname from pg_namespace
  
[0m10:05:28.377509 [debug] [ThreadPool]: Opening a new connection, currently in state init
[0m10:05:28.396087 [debug] [ThreadPool]: SQL status: SELECT 8 in 0.0 seconds
[0m10:05:28.398858 [debug] [ThreadPool]: On list_airflow: Close
[0m10:05:28.405196 [debug] [ThreadPool]: Re-using an available connection from the pool (formerly list_airflow, now list_airflow_analytics_staging)
[0m10:05:28.413316 [debug] [ThreadPool]: Acquiring new postgres connection 'list_airflow_analytics_analytics'
[0m10:05:28.419796 [debug] [ThreadPool]: Using postgres connection "list_airflow_analytics_staging"
[0m10:05:28.425760 [debug] [ThreadPool]: Using postgres connection "list_airflow_analytics_analytics"
[0m10:05:28.427679 [debug] [ThreadPool]: On list_airflow_analytics_staging: BEGIN
[0m10:05:28.429139 [debug] [ThreadPool]: On list_airflow_analytics_analytics: BEGIN
[0m10:05:28.430460 [debug] [ThreadPool]: Opening a new connection, currently in state closed
[0m10:05:28.431780 [debug] [ThreadPool]: Opening a new connection, currently in state init
[0m10:05:28.448426 [debug] [ThreadPool]: SQL status: BEGIN in 0.0 seconds
[0m10:05:28.450322 [debug] [ThreadPool]: Using postgres connection "list_airflow_analytics_staging"
[0m10:05:28.451711 [debug] [ThreadPool]: On list_airflow_analytics_staging: /* {"app": "dbt", "dbt_version": "1.7.0", "profile_name": "ecommerce_analytics", "target_name": "dev", "connection_name": "list_airflow_analytics_staging"} */
select
      'airflow' as database,
      tablename as name,
      schemaname as schema,
      'table' as type
    from pg_tables
    where schemaname ilike 'analytics_staging'
    union all
    select
      'airflow' as database,
      viewname as name,
      schemaname as schema,
      'view' as type
    from pg_views
    where schemaname ilike 'analytics_staging'
    union all
    select
      'airflow' as database,
      matviewname as name,
      schemaname as schema,
      'materialized_view' as type
    from pg_matviews
    where schemaname ilike 'analytics_staging'
  
[0m10:05:28.453107 [debug] [ThreadPool]: SQL status: BEGIN in 0.0 seconds
[0m10:05:28.455635 [debug] [ThreadPool]: Using postgres connection "list_airflow_analytics_analytics"
[0m10:05:28.457543 [debug] [ThreadPool]: On list_airflow_analytics_analytics: /* {"app": "dbt", "dbt_version": "1.7.0", "profile_name": "ecommerce_analytics", "target_name": "dev", "connection_name": "list_airflow_analytics_analytics"} */
select
      'airflow' as database,
      tablename as name,
      schemaname as schema,
      'table' as type
    from pg_tables
    where schemaname ilike 'analytics_analytics'
    union all
    select
      'airflow' as database,
      viewname as name,
      schemaname as schema,
      'view' as type
    from pg_views
    where schemaname ilike 'analytics_analytics'
    union all
    select
      'airflow' as database,
      matviewname as name,
      schemaname as schema,
      'materialized_view' as type
    from pg_matviews
    where schemaname ilike 'analytics_analytics'
  
[0m10:05:28.468592 [debug] [ThreadPool]: SQL status: SELECT 0 in 0.0 seconds
[0m10:05:28.469752 [debug] [ThreadPool]: SQL status: SELECT 3 in 0.0 seconds
[0m10:05:28.472877 [debug] [ThreadPool]: On list_airflow_analytics_staging: ROLLBACK
[0m10:05:28.475985 [debug] [ThreadPool]: On list_airflow_analytics_analytics: ROLLBACK
[0m10:05:28.478158 [debug] [ThreadPool]: On list_airflow_analytics_staging: Close
[0m10:05:28.479516 [debug] [ThreadPool]: On list_airflow_analytics_analytics: Close
[0m10:05:28.493448 [debug] [MainThread]: Using postgres connection "master"
[0m10:05:28.495167 [debug] [MainThread]: On master: BEGIN
[0m10:05:28.496937 [debug] [MainThread]: Opening a new connection, currently in state init
[0m10:05:28.510751 [debug] [MainThread]: SQL status: BEGIN in 0.0 seconds
[0m10:05:28.512516 [debug] [MainThread]: Using postgres connection "master"
[0m10:05:28.514131 [debug] [MainThread]: On master: /* {"app": "dbt", "dbt_version": "1.7.0", "profile_name": "ecommerce_analytics", "target_name": "dev", "connection_name": "master"} */
with relation as (
        select
            pg_rewrite.ev_class as class,
            pg_rewrite.oid as id
        from pg_rewrite
    ),
    class as (
        select
            oid as id,
            relname as name,
            relnamespace as schema,
            relkind as kind
        from pg_class
    ),
    dependency as (
        select distinct
            pg_depend.objid as id,
            pg_depend.refobjid as ref
        from pg_depend
    ),
    schema as (
        select
            pg_namespace.oid as id,
            pg_namespace.nspname as name
        from pg_namespace
        where nspname != 'information_schema' and nspname not like 'pg\_%'
    ),
    referenced as (
        select
            relation.id AS id,
            referenced_class.name ,
            referenced_class.schema ,
            referenced_class.kind
        from relation
        join class as referenced_class on relation.class=referenced_class.id
        where referenced_class.kind in ('r', 'v', 'm')
    ),
    relationships as (
        select
            referenced.name as referenced_name,
            referenced.schema as referenced_schema_id,
            dependent_class.name as dependent_name,
            dependent_class.schema as dependent_schema_id,
            referenced.kind as kind
        from referenced
        join dependency on referenced.id=dependency.id
        join class as dependent_class on dependency.ref=dependent_class.id
        where
            (referenced.name != dependent_class.name or
             referenced.schema != dependent_class.schema)
    )

    select
        referenced_schema.name as referenced_schema,
        relationships.referenced_name as referenced_name,
        dependent_schema.name as dependent_schema,
        relationships.dependent_name as dependent_name
    from relationships
    join schema as dependent_schema on relationships.dependent_schema_id=dependent_schema.id
    join schema as referenced_schema on relationships.referenced_schema_id=referenced_schema.id
    group by referenced_schema, referenced_name, dependent_schema, dependent_name
    order by referenced_schema, referenced_name, dependent_schema, dependent_name;
[0m10:05:28.556859 [debug] [MainThread]: SQL status: SELECT 0 in 0.0 seconds
[0m10:05:28.559452 [debug] [MainThread]: Sending event: {'category': 'dbt', 'action': 'runnable_timing', 'label': '22f1ae0a-8bf2-4ed4-b420-66a859b1620a', 'context': [<snowplow_tracker.self_describing_json.SelfDescribingJson object at 0x713fa252d280>]}
[0m10:05:28.560793 [debug] [MainThread]: On master: ROLLBACK
[0m10:05:28.562388 [debug] [MainThread]: Using postgres connection "master"
[0m10:05:28.563614 [debug] [MainThread]: On master: BEGIN
[0m10:05:28.565508 [debug] [MainThread]: SQL status: BEGIN in 0.0 seconds
[0m10:05:28.567167 [debug] [MainThread]: On master: COMMIT
[0m10:05:28.569166 [debug] [MainThread]: Using postgres connection "master"
[0m10:05:28.571363 [debug] [MainThread]: On master: COMMIT
[0m10:05:28.574107 [debug] [MainThread]: SQL status: COMMIT in 0.0 seconds
[0m10:05:28.575608 [debug] [MainThread]: On master: Close
[0m10:05:28.578088 [info ] [MainThread]: Concurrency: 4 threads (target='dev')
[0m10:05:28.579804 [info ] [MainThread]: 
[0m10:05:28.606698 [debug] [Thread-1  ]: Began running node model.ecommerce_analytics.stg_customers
[0m10:05:28.608334 [debug] [Thread-2  ]: Began running node model.ecommerce_analytics.stg_orders
[0m10:05:28.609652 [debug] [Thread-3  ]: Began running node model.ecommerce_analytics.stg_products
[0m10:05:28.611071 [info ] [Thread-1  ]: 1 of 3 START sql view model analytics_staging.stg_customers .................... [RUN]
[0m10:05:28.613390 [info ] [Thread-2  ]: 2 of 3 START sql view model analytics_staging.stg_orders ....................... [RUN]
[0m10:05:28.615502 [info ] [Thread-3  ]: 3 of 3 START sql view model analytics_staging.stg_products ..................... [RUN]
[0m10:05:28.617943 [debug] [Thread-1  ]: Re-using an available connection from the pool (formerly list_airflow_analytics_analytics, now model.ecommerce_analytics.stg_customers)
[0m10:05:28.620474 [debug] [Thread-2  ]: Re-using an available connection from the pool (formerly list_airflow_analytics_staging, now model.ecommerce_analytics.stg_orders)
[0m10:05:28.623278 [debug] [Thread-3  ]: Acquiring new postgres connection 'model.ecommerce_analytics.stg_products'
[0m10:05:28.625411 [debug] [Thread-1  ]: Began compiling node model.ecommerce_analytics.stg_customers
[0m10:05:28.626922 [debug] [Thread-2  ]: Began compiling node model.ecommerce_analytics.stg_orders
[0m10:05:28.628912 [debug] [Thread-3  ]: Began compiling node model.ecommerce_analytics.stg_products
[0m10:05:28.645422 [debug] [Thread-2  ]: Writing injected SQL for node "model.ecommerce_analytics.stg_orders"
[0m10:05:28.651672 [debug] [Thread-1  ]: Writing injected SQL for node "model.ecommerce_analytics.stg_customers"
[0m10:05:28.659009 [debug] [Thread-3  ]: Writing injected SQL for node "model.ecommerce_analytics.stg_products"
[0m10:05:28.674439 [debug] [Thread-2  ]: Timing info for model.ecommerce_analytics.stg_orders (compile): 10:05:28.641848 => 10:05:28.673530
[0m10:05:28.676276 [debug] [Thread-2  ]: Began executing node model.ecommerce_analytics.stg_orders
[0m10:05:28.677781 [debug] [Thread-3  ]: Timing info for model.ecommerce_analytics.stg_products (compile): 10:05:28.653042 => 10:05:28.677259
[0m10:05:28.691170 [debug] [Thread-3  ]: Began executing node model.ecommerce_analytics.stg_products
[0m10:05:28.697817 [debug] [Thread-1  ]: Timing info for model.ecommerce_analytics.stg_customers (compile): 10:05:28.630452 => 10:05:28.697207
[0m10:05:28.719718 [debug] [Thread-1  ]: Began executing node model.ecommerce_analytics.stg_customers
[0m10:05:28.861390 [debug] [Thread-3  ]: Writing runtime sql for node "model.ecommerce_analytics.stg_products"
[0m10:05:28.863930 [debug] [Thread-1  ]: Writing runtime sql for node "model.ecommerce_analytics.stg_customers"
[0m10:05:28.867062 [debug] [Thread-2  ]: Writing runtime sql for node "model.ecommerce_analytics.stg_orders"
[0m10:05:28.879607 [debug] [Thread-1  ]: Using postgres connection "model.ecommerce_analytics.stg_customers"
[0m10:05:28.881013 [debug] [Thread-3  ]: Using postgres connection "model.ecommerce_analytics.stg_products"
[0m10:05:28.882639 [debug] [Thread-1  ]: On model.ecommerce_analytics.stg_customers: BEGIN
[0m10:05:28.884586 [debug] [Thread-3  ]: On model.ecommerce_analytics.stg_products: BEGIN
[0m10:05:28.885811 [debug] [Thread-2  ]: Using postgres connection "model.ecommerce_analytics.stg_orders"
[0m10:05:28.886836 [debug] [Thread-1  ]: Opening a new connection, currently in state closed
[0m10:05:28.888140 [debug] [Thread-3  ]: Opening a new connection, currently in state init
[0m10:05:28.889583 [debug] [Thread-2  ]: On model.ecommerce_analytics.stg_orders: BEGIN
[0m10:05:28.892594 [debug] [Thread-2  ]: Opening a new connection, currently in state closed
[0m10:05:28.904983 [debug] [Thread-3  ]: SQL status: BEGIN in 0.0 seconds
[0m10:05:28.907987 [debug] [Thread-3  ]: Using postgres connection "model.ecommerce_analytics.stg_products"
[0m10:05:28.909833 [debug] [Thread-1  ]: SQL status: BEGIN in 0.0 seconds
[0m10:05:28.911718 [debug] [Thread-3  ]: On model.ecommerce_analytics.stg_products: /* {"app": "dbt", "dbt_version": "1.7.0", "profile_name": "ecommerce_analytics", "target_name": "dev", "node_id": "model.ecommerce_analytics.stg_products"} */

  create view "airflow"."analytics_staging"."stg_products__dbt_tmp"
    
    
  as (
    -- Staging model for products
-- Reads from staging schema loaded by PySpark ETL

with source as (
    select * from staging.products
),

renamed as (
    select
        product_id,
        product_name,
        category,
        brand,
        cost_price,
        selling_price,
        stock_quantity,
        profit_margin_pct,
        ingested_at
    from source
    where product_id is not null
      and selling_price > 0
)

select * from renamed
  );
[0m10:05:28.913591 [debug] [Thread-2  ]: SQL status: BEGIN in 0.0 seconds
[0m10:05:28.915708 [debug] [Thread-1  ]: Using postgres connection "model.ecommerce_analytics.stg_customers"
[0m10:05:28.919580 [debug] [Thread-2  ]: Using postgres connection "model.ecommerce_analytics.stg_orders"
[0m10:05:28.923462 [debug] [Thread-1  ]: On model.ecommerce_analytics.stg_customers: /* {"app": "dbt", "dbt_version": "1.7.0", "profile_name": "ecommerce_analytics", "target_name": "dev", "node_id": "model.ecommerce_analytics.stg_customers"} */

  create view "airflow"."analytics_staging"."stg_customers__dbt_tmp"
    
    
  as (
    -- Staging model for customers
-- Reads from staging schema loaded by PySpark ETL

with source as (
    select * from staging.customers
),

renamed as (
    select
        customer_id,
        name         as customer_name,
        email,
        city,
        state,
        signup_date,
        segment,
        ingested_at
    from source
    where customer_id is not null
      and email is not null
)

select * from renamed
  );
[0m10:05:28.926741 [debug] [Thread-2  ]: On model.ecommerce_analytics.stg_orders: /* {"app": "dbt", "dbt_version": "1.7.0", "profile_name": "ecommerce_analytics", "target_name": "dev", "node_id": "model.ecommerce_analytics.stg_orders"} */

  create view "airflow"."analytics_staging"."stg_orders__dbt_tmp"
    
    
  as (
    -- Staging model for orders
-- Reads from staging schema loaded by PySpark ETL

with source as (
    select * from staging.orders
),

renamed as (
    select
        order_id,
        customer_id,
        product_id,
        order_date,
        quantity,
        unit_price,
        total_amount,
        lower(status) as status,
        ingested_at
    from source
    where order_id is not null
      and customer_id is not null
      and product_id is not null
)

select * from renamed
  );
[0m10:05:28.933318 [debug] [Thread-1  ]: SQL status: CREATE VIEW in 0.0 seconds
[0m10:05:28.942098 [debug] [Thread-3  ]: SQL status: CREATE VIEW in 0.0 seconds
[0m10:05:28.954353 [debug] [Thread-1  ]: Using postgres connection "model.ecommerce_analytics.stg_customers"
[0m10:05:28.957650 [debug] [Thread-3  ]: Using postgres connection "model.ecommerce_analytics.stg_products"
[0m10:05:28.958697 [debug] [Thread-2  ]: SQL status: CREATE VIEW in 0.0 seconds
[0m10:05:28.959798 [debug] [Thread-1  ]: On model.ecommerce_analytics.stg_customers: /* {"app": "dbt", "dbt_version": "1.7.0", "profile_name": "ecommerce_analytics", "target_name": "dev", "node_id": "model.ecommerce_analytics.stg_customers"} */
alter table "airflow"."analytics_staging"."stg_customers__dbt_tmp" rename to "stg_customers"
[0m10:05:28.961420 [debug] [Thread-3  ]: On model.ecommerce_analytics.stg_products: /* {"app": "dbt", "dbt_version": "1.7.0", "profile_name": "ecommerce_analytics", "target_name": "dev", "node_id": "model.ecommerce_analytics.stg_products"} */
alter table "airflow"."analytics_staging"."stg_products__dbt_tmp" rename to "stg_products"
[0m10:05:28.971007 [debug] [Thread-2  ]: Using postgres connection "model.ecommerce_analytics.stg_orders"
[0m10:05:28.973190 [debug] [Thread-2  ]: On model.ecommerce_analytics.stg_orders: /* {"app": "dbt", "dbt_version": "1.7.0", "profile_name": "ecommerce_analytics", "target_name": "dev", "node_id": "model.ecommerce_analytics.stg_orders"} */
alter table "airflow"."analytics_staging"."stg_orders__dbt_tmp" rename to "stg_orders"
[0m10:05:28.975714 [debug] [Thread-3  ]: SQL status: ALTER TABLE in 0.0 seconds
[0m10:05:28.977019 [debug] [Thread-1  ]: SQL status: ALTER TABLE in 0.0 seconds
[0m10:05:28.978097 [debug] [Thread-2  ]: SQL status: ALTER TABLE in 0.0 seconds
[0m10:05:29.041028 [debug] [Thread-2  ]: On model.ecommerce_analytics.stg_orders: COMMIT
[0m10:05:29.043065 [debug] [Thread-3  ]: On model.ecommerce_analytics.stg_products: COMMIT
[0m10:05:29.044202 [debug] [Thread-1  ]: On model.ecommerce_analytics.stg_customers: COMMIT
[0m10:05:29.045393 [debug] [Thread-2  ]: Using postgres connection "model.ecommerce_analytics.stg_orders"
[0m10:05:29.046811 [debug] [Thread-3  ]: Using postgres connection "model.ecommerce_analytics.stg_products"
[0m10:05:29.048586 [debug] [Thread-1  ]: Using postgres connection "model.ecommerce_analytics.stg_customers"
[0m10:05:29.050557 [debug] [Thread-2  ]: On model.ecommerce_analytics.stg_orders: COMMIT
[0m10:05:29.052152 [debug] [Thread-3  ]: On model.ecommerce_analytics.stg_products: COMMIT
[0m10:05:29.053871 [debug] [Thread-1  ]: On model.ecommerce_analytics.stg_customers: COMMIT
[0m10:05:29.057085 [debug] [Thread-2  ]: SQL status: COMMIT in 0.0 seconds
[0m10:05:29.058191 [debug] [Thread-3  ]: SQL status: COMMIT in 0.0 seconds
[0m10:05:29.059276 [debug] [Thread-1  ]: SQL status: COMMIT in 0.0 seconds
[0m10:05:29.078270 [debug] [Thread-2  ]: Applying DROP to: "airflow"."analytics_staging"."stg_orders__dbt_backup"
[0m10:05:29.081483 [debug] [Thread-3  ]: Applying DROP to: "airflow"."analytics_staging"."stg_products__dbt_backup"
[0m10:05:29.090488 [debug] [Thread-1  ]: Applying DROP to: "airflow"."analytics_staging"."stg_customers__dbt_backup"
[0m10:05:29.103695 [debug] [Thread-3  ]: Using postgres connection "model.ecommerce_analytics.stg_products"
[0m10:05:29.101790 [debug] [Thread-2  ]: Using postgres connection "model.ecommerce_analytics.stg_orders"
[0m10:05:29.106960 [debug] [Thread-1  ]: Using postgres connection "model.ecommerce_analytics.stg_customers"
[0m10:05:29.108627 [debug] [Thread-3  ]: On model.ecommerce_analytics.stg_products: /* {"app": "dbt", "dbt_version": "1.7.0", "profile_name": "ecommerce_analytics", "target_name": "dev", "node_id": "model.ecommerce_analytics.stg_products"} */
drop view if exists "airflow"."analytics_staging"."stg_products__dbt_backup" cascade
[0m10:05:29.110343 [debug] [Thread-2  ]: On model.ecommerce_analytics.stg_orders: /* {"app": "dbt", "dbt_version": "1.7.0", "profile_name": "ecommerce_analytics", "target_name": "dev", "node_id": "model.ecommerce_analytics.stg_orders"} */
drop view if exists "airflow"."analytics_staging"."stg_orders__dbt_backup" cascade
[0m10:05:29.111918 [debug] [Thread-1  ]: On model.ecommerce_analytics.stg_customers: /* {"app": "dbt", "dbt_version": "1.7.0", "profile_name": "ecommerce_analytics", "target_name": "dev", "node_id": "model.ecommerce_analytics.stg_customers"} */
drop view if exists "airflow"."analytics_staging"."stg_customers__dbt_backup" cascade
[0m10:05:29.117044 [debug] [Thread-2  ]: SQL status: DROP VIEW in 0.0 seconds
[0m10:05:29.118484 [debug] [Thread-1  ]: SQL status: DROP VIEW in 0.0 seconds
[0m10:05:29.119599 [debug] [Thread-3  ]: SQL status: DROP VIEW in 0.0 seconds
[0m10:05:29.122849 [debug] [Thread-2  ]: Timing info for model.ecommerce_analytics.stg_orders (execute): 10:05:28.678561 => 10:05:29.122353
[0m10:05:29.126539 [debug] [Thread-1  ]: Timing info for model.ecommerce_analytics.stg_customers (execute): 10:05:28.732224 => 10:05:29.126061
[0m10:05:29.129981 [debug] [Thread-3  ]: Timing info for model.ecommerce_analytics.stg_products (execute): 10:05:28.708331 => 10:05:29.129509
[0m10:05:29.131991 [debug] [Thread-2  ]: On model.ecommerce_analytics.stg_orders: Close
[0m10:05:29.134358 [debug] [Thread-1  ]: On model.ecommerce_analytics.stg_customers: Close
[0m10:05:29.136583 [debug] [Thread-3  ]: On model.ecommerce_analytics.stg_products: Close
[0m10:05:29.139487 [debug] [Thread-2  ]: Sending event: {'category': 'dbt', 'action': 'run_model', 'label': '22f1ae0a-8bf2-4ed4-b420-66a859b1620a', 'context': [<snowplow_tracker.self_describing_json.SelfDescribingJson object at 0x713fa215a850>]}
[0m10:05:29.142410 [debug] [Thread-1  ]: Sending event: {'category': 'dbt', 'action': 'run_model', 'label': '22f1ae0a-8bf2-4ed4-b420-66a859b1620a', 'context': [<snowplow_tracker.self_describing_json.SelfDescribingJson object at 0x713fa1da59d0>]}
[0m10:05:29.144804 [debug] [Thread-3  ]: Sending event: {'category': 'dbt', 'action': 'run_model', 'label': '22f1ae0a-8bf2-4ed4-b420-66a859b1620a', 'context': [<snowplow_tracker.self_describing_json.SelfDescribingJson object at 0x713fa1d9d370>]}
[0m10:05:29.146518 [info ] [Thread-2  ]: 2 of 3 OK created sql view model analytics_staging.stg_orders .................. [[32mCREATE VIEW[0m in 0.52s]
[0m10:05:29.149212 [info ] [Thread-1  ]: 1 of 3 OK created sql view model analytics_staging.stg_customers ............... [[32mCREATE VIEW[0m in 0.52s]
[0m10:05:29.152095 [info ] [Thread-3  ]: 3 of 3 OK created sql view model analytics_staging.stg_products ................ [[32mCREATE VIEW[0m in 0.52s]
[0m10:05:29.154126 [debug] [Thread-2  ]: Finished running node model.ecommerce_analytics.stg_orders
[0m10:05:29.156016 [debug] [Thread-1  ]: Finished running node model.ecommerce_analytics.stg_customers
[0m10:05:29.158120 [debug] [Thread-3  ]: Finished running node model.ecommerce_analytics.stg_products
[0m10:05:29.164090 [debug] [MainThread]: Using postgres connection "master"
[0m10:05:29.165864 [debug] [MainThread]: On master: BEGIN
[0m10:05:29.167506 [debug] [MainThread]: Opening a new connection, currently in state closed
[0m10:05:29.185463 [debug] [MainThread]: SQL status: BEGIN in 0.0 seconds
[0m10:05:29.186881 [debug] [MainThread]: On master: COMMIT
[0m10:05:29.188508 [debug] [MainThread]: Using postgres connection "master"
[0m10:05:29.189800 [debug] [MainThread]: On master: COMMIT
[0m10:05:29.191417 [debug] [MainThread]: SQL status: COMMIT in 0.0 seconds
[0m10:05:29.192768 [debug] [MainThread]: On master: Close
[0m10:05:29.194667 [debug] [MainThread]: Connection 'master' was properly closed.
[0m10:05:29.195984 [debug] [MainThread]: Connection 'model.ecommerce_analytics.stg_orders' was properly closed.
[0m10:05:29.197245 [debug] [MainThread]: Connection 'model.ecommerce_analytics.stg_customers' was properly closed.
[0m10:05:29.198766 [debug] [MainThread]: Connection 'model.ecommerce_analytics.stg_products' was properly closed.
[0m10:05:29.200881 [info ] [MainThread]: 
[0m10:05:29.202430 [info ] [MainThread]: Finished running 3 view models in 0 hours 0 minutes and 0.85 seconds (0.85s).
[0m10:05:29.205373 [debug] [MainThread]: Command end result
[0m10:05:29.252983 [info ] [MainThread]: 
[0m10:05:29.254550 [info ] [MainThread]: [32mCompleted successfully[0m
[0m10:05:29.255952 [info ] [MainThread]: 
[0m10:05:29.257460 [info ] [MainThread]: Done. PASS=3 WARN=0 ERROR=0 SKIP=0 TOTAL=3
[0m10:05:29.260682 [debug] [MainThread]: Resource report: {"command_name": "run", "command_success": true, "command_wall_clock_time": 2.557172, "process_user_time": 6.547847, "process_kernel_time": 1.539006, "process_mem_max_rss": "124964", "process_in_blocks": "40824", "process_out_blocks": "0"}
[0m10:05:29.262412 [debug] [MainThread]: Command `dbt run` succeeded at 10:05:29.262099 after 2.56 seconds
[0m10:05:29.263739 [debug] [MainThread]: Sending event: {'category': 'dbt', 'action': 'invocation', 'label': 'end', 'context': [<snowplow_tracker.self_describing_json.SelfDescribingJson object at 0x713fa55193d0>, <snowplow_tracker.self_describing_json.SelfDescribingJson object at 0x713fa245d0d0>, <snowplow_tracker.self_describing_json.SelfDescribingJson object at 0x713fa2474fd0>]}
[0m10:05:29.265491 [debug] [MainThread]: Flushing usage events
[0m10:05:29.633017 [debug] [MainThread]: Error sending anonymous usage statistics. Disabling tracking for this execution. If you wish to permanently disable tracking, see: https://docs.getdbt.com/reference/global-configs#send-anonymous-usage-stats.
[0m10:05:35.819611 [debug] [MainThread]: Sending event: {'category': 'dbt', 'action': 'invocation', 'label': 'start', 'context': [<snowplow_tracker.self_describing_json.SelfDescribingJson object at 0x7961f41ae130>, <snowplow_tracker.self_describing_json.SelfDescribingJson object at 0x7961f1f90700>, <snowplow_tracker.self_describing_json.SelfDescribingJson object at 0x7961f1f906a0>]}


============================== 10:05:35.831633 | 48f03002-b6d4-482e-b76f-e651dd55bddb ==============================
[0m10:05:35.831633 [info ] [MainThread]: Running with dbt=1.7.0
[0m10:05:35.833944 [debug] [MainThread]: running dbt with arguments {'printer_width': '80', 'indirect_selection': 'eager', 'write_json': 'True', 'log_cache_events': 'False', 'partial_parse': 'True', 'cache_selected_only': 'False', 'profiles_dir': '.', 'debug': 'False', 'version_check': 'True', 'log_path': '/opt/airflow/dbt_project/logs', 'fail_fast': 'False', 'warn_error': 'None', 'use_colors': 'True', 'use_experimental_parser': 'False', 'no_print': 'None', 'quiet': 'False', 'warn_error_options': 'WarnErrorOptions(include=[], exclude=[])', 'invocation_command': 'dbt test --select staging --profiles-dir .', 'static_parser': 'True', 'introspect': 'True', 'target_path': 'None', 'log_format': 'default', 'send_anonymous_usage_stats': 'True'}
[0m10:05:36.275836 [debug] [MainThread]: Sending event: {'category': 'dbt', 'action': 'project_id', 'label': '48f03002-b6d4-482e-b76f-e651dd55bddb', 'context': [<snowplow_tracker.self_describing_json.SelfDescribingJson object at 0x7961f1fa7550>]}
[0m10:05:36.449443 [debug] [MainThread]: Sending event: {'category': 'dbt', 'action': 'adapter_info', 'label': '48f03002-b6d4-482e-b76f-e651dd55bddb', 'context': [<snowplow_tracker.self_describing_json.SelfDescribingJson object at 0x7961f204cd30>]}
[0m10:05:36.451151 [info ] [MainThread]: Registered adapter: postgres=1.7.0
[0m10:05:36.478379 [debug] [MainThread]: checksum: 8434eacd4ffdf0ca3ab22bf0e2d55b45306c9599613e842b959405abc489e606, vars: {}, profile: , target: , version: 1.7.0
[0m10:05:36.802091 [debug] [MainThread]: Partial parsing enabled: 0 files deleted, 0 files added, 0 files changed.
[0m10:05:36.803416 [debug] [MainThread]: Partial parsing enabled, no changes found, skipping parsing
[0m10:05:36.815559 [debug] [MainThread]: Sending event: {'category': 'dbt', 'action': 'load_project', 'label': '48f03002-b6d4-482e-b76f-e651dd55bddb', 'context': [<snowplow_tracker.self_describing_json.SelfDescribingJson object at 0x7961f1074eb0>]}
[0m10:05:36.872361 [debug] [MainThread]: Sending event: {'category': 'dbt', 'action': 'resource_counts', 'label': '48f03002-b6d4-482e-b76f-e651dd55bddb', 'context': [<snowplow_tracker.self_describing_json.SelfDescribingJson object at 0x7961f112ac40>]}
[0m10:05:36.873570 [info ] [MainThread]: Found 6 models, 17 tests, 0 sources, 0 exposures, 0 metrics, 401 macros, 0 groups, 0 semantic models
[0m10:05:36.874789 [debug] [MainThread]: Sending event: {'category': 'dbt', 'action': 'runnable_timing', 'label': '48f03002-b6d4-482e-b76f-e651dd55bddb', 'context': [<snowplow_tracker.self_describing_json.SelfDescribingJson object at 0x7961f112af40>]}
[0m10:05:36.878219 [info ] [MainThread]: 
[0m10:05:36.879921 [debug] [MainThread]: Acquiring new postgres connection 'master'
[0m10:05:36.882817 [debug] [ThreadPool]: Acquiring new postgres connection 'list_airflow_analytics_analytics'
[0m10:05:36.884418 [debug] [ThreadPool]: Acquiring new postgres connection 'list_airflow_analytics_staging'
[0m10:05:36.903096 [debug] [ThreadPool]: Using postgres connection "list_airflow_analytics_analytics"
[0m10:05:36.907398 [debug] [ThreadPool]: Using postgres connection "list_airflow_analytics_staging"
[0m10:05:36.908838 [debug] [ThreadPool]: On list_airflow_analytics_analytics: BEGIN
[0m10:05:36.910267 [debug] [ThreadPool]: On list_airflow_analytics_staging: BEGIN
[0m10:05:36.911527 [debug] [ThreadPool]: Opening a new connection, currently in state init
[0m10:05:36.912777 [debug] [ThreadPool]: Opening a new connection, currently in state init
[0m10:05:36.925485 [debug] [ThreadPool]: SQL status: BEGIN in 0.0 seconds
[0m10:05:36.927108 [debug] [ThreadPool]: SQL status: BEGIN in 0.0 seconds
[0m10:05:36.928510 [debug] [ThreadPool]: Using postgres connection "list_airflow_analytics_staging"
[0m10:05:36.929733 [debug] [ThreadPool]: Using postgres connection "list_airflow_analytics_analytics"
[0m10:05:36.931087 [debug] [ThreadPool]: On list_airflow_analytics_staging: /* {"app": "dbt", "dbt_version": "1.7.0", "profile_name": "ecommerce_analytics", "target_name": "dev", "connection_name": "list_airflow_analytics_staging"} */
select
      'airflow' as database,
      tablename as name,
      schemaname as schema,
      'table' as type
    from pg_tables
    where schemaname ilike 'analytics_staging'
    union all
    select
      'airflow' as database,
      viewname as name,
      schemaname as schema,
      'view' as type
    from pg_views
    where schemaname ilike 'analytics_staging'
    union all
    select
      'airflow' as database,
      matviewname as name,
      schemaname as schema,
      'materialized_view' as type
    from pg_matviews
    where schemaname ilike 'analytics_staging'
  
[0m10:05:36.932558 [debug] [ThreadPool]: On list_airflow_analytics_analytics: /* {"app": "dbt", "dbt_version": "1.7.0", "profile_name": "ecommerce_analytics", "target_name": "dev", "connection_name": "list_airflow_analytics_analytics"} */
select
      'airflow' as database,
      tablename as name,
      schemaname as schema,
      'table' as type
    from pg_tables
    where schemaname ilike 'analytics_analytics'
    union all
    select
      'airflow' as database,
      viewname as name,
      schemaname as schema,
      'view' as type
    from pg_views
    where schemaname ilike 'analytics_analytics'
    union all
    select
      'airflow' as database,
      matviewname as name,
      schemaname as schema,
      'materialized_view' as type
    from pg_matviews
    where schemaname ilike 'analytics_analytics'
  
[0m10:05:36.937745 [debug] [ThreadPool]: SQL status: SELECT 3 in 0.0 seconds
[0m10:05:36.938589 [debug] [ThreadPool]: SQL status: SELECT 3 in 0.0 seconds
[0m10:05:36.940953 [debug] [ThreadPool]: On list_airflow_analytics_staging: ROLLBACK
[0m10:05:36.943609 [debug] [ThreadPool]: On list_airflow_analytics_analytics: ROLLBACK
[0m10:05:36.945374 [debug] [ThreadPool]: On list_airflow_analytics_staging: Close
[0m10:05:36.946454 [debug] [ThreadPool]: On list_airflow_analytics_analytics: Close
[0m10:05:36.957959 [debug] [MainThread]: Using postgres connection "master"
[0m10:05:36.959397 [debug] [MainThread]: On master: BEGIN
[0m10:05:36.960605 [debug] [MainThread]: Opening a new connection, currently in state init
[0m10:05:36.971815 [debug] [MainThread]: SQL status: BEGIN in 0.0 seconds
[0m10:05:36.973318 [debug] [MainThread]: Using postgres connection "master"
[0m10:05:36.974737 [debug] [MainThread]: On master: /* {"app": "dbt", "dbt_version": "1.7.0", "profile_name": "ecommerce_analytics", "target_name": "dev", "connection_name": "master"} */
with relation as (
        select
            pg_rewrite.ev_class as class,
            pg_rewrite.oid as id
        from pg_rewrite
    ),
    class as (
        select
            oid as id,
            relname as name,
            relnamespace as schema,
            relkind as kind
        from pg_class
    ),
    dependency as (
        select distinct
            pg_depend.objid as id,
            pg_depend.refobjid as ref
        from pg_depend
    ),
    schema as (
        select
            pg_namespace.oid as id,
            pg_namespace.nspname as name
        from pg_namespace
        where nspname != 'information_schema' and nspname not like 'pg\_%'
    ),
    referenced as (
        select
            relation.id AS id,
            referenced_class.name ,
            referenced_class.schema ,
            referenced_class.kind
        from relation
        join class as referenced_class on relation.class=referenced_class.id
        where referenced_class.kind in ('r', 'v', 'm')
    ),
    relationships as (
        select
            referenced.name as referenced_name,
            referenced.schema as referenced_schema_id,
            dependent_class.name as dependent_name,
            dependent_class.schema as dependent_schema_id,
            referenced.kind as kind
        from referenced
        join dependency on referenced.id=dependency.id
        join class as dependent_class on dependency.ref=dependent_class.id
        where
            (referenced.name != dependent_class.name or
             referenced.schema != dependent_class.schema)
    )

    select
        referenced_schema.name as referenced_schema,
        relationships.referenced_name as referenced_name,
        dependent_schema.name as dependent_schema,
        relationships.dependent_name as dependent_name
    from relationships
    join schema as dependent_schema on relationships.dependent_schema_id=dependent_schema.id
    join schema as referenced_schema on relationships.referenced_schema_id=referenced_schema.id
    group by referenced_schema, referenced_name, dependent_schema, dependent_name
    order by referenced_schema, referenced_name, dependent_schema, dependent_name;
[0m10:05:37.007703 [debug] [MainThread]: SQL status: SELECT 3 in 0.0 seconds
[0m10:05:37.010776 [debug] [MainThread]: Sending event: {'category': 'dbt', 'action': 'runnable_timing', 'label': '48f03002-b6d4-482e-b76f-e651dd55bddb', 'context': [<snowplow_tracker.self_describing_json.SelfDescribingJson object at 0x7961f0d9be80>]}
[0m10:05:37.012487 [debug] [MainThread]: On master: ROLLBACK
[0m10:05:37.013957 [debug] [MainThread]: Using postgres connection "master"
[0m10:05:37.015005 [debug] [MainThread]: On master: BEGIN
[0m10:05:37.016616 [debug] [MainThread]: SQL status: BEGIN in 0.0 seconds
[0m10:05:37.017943 [debug] [MainThread]: On master: COMMIT
[0m10:05:37.019108 [debug] [MainThread]: Using postgres connection "master"
[0m10:05:37.020217 [debug] [MainThread]: On master: COMMIT
[0m10:05:37.021592 [debug] [MainThread]: SQL status: COMMIT in 0.0 seconds
[0m10:05:37.022794 [debug] [MainThread]: On master: Close
[0m10:05:37.024403 [info ] [MainThread]: Concurrency: 4 threads (target='dev')
[0m10:05:37.025700 [info ] [MainThread]: 
[0m10:05:37.038239 [debug] [Thread-1  ]: Began running node test.ecommerce_analytics.accepted_values_stg_orders_status__completed__cancelled__pending.ee383a7b32
[0m10:05:37.039201 [debug] [Thread-2  ]: Began running node test.ecommerce_analytics.not_null_stg_customers_customer_id.e2cfb1f9aa
[0m10:05:37.040081 [debug] [Thread-3  ]: Began running node test.ecommerce_analytics.not_null_stg_customers_email.d7cf761533
[0m10:05:37.040964 [info ] [Thread-1  ]: 1 of 11 START test accepted_values_stg_orders_status__completed__cancelled__pending  [RUN]
[0m10:05:37.042209 [debug] [Thread-4  ]: Began running node test.ecommerce_analytics.not_null_stg_orders_customer_id.af79d5e4b5
[0m10:05:37.043165 [info ] [Thread-2  ]: 2 of 11 START test not_null_stg_customers_customer_id .......................... [RUN]
[0m10:05:37.044950 [info ] [Thread-3  ]: 3 of 11 START test not_null_stg_customers_email ................................ [RUN]
[0m10:05:37.046887 [debug] [Thread-1  ]: Re-using an available connection from the pool (formerly list_airflow_analytics_analytics, now test.ecommerce_analytics.accepted_values_stg_orders_status__completed__cancelled__pending.ee383a7b32)
[0m10:05:37.048276 [info ] [Thread-4  ]: 4 of 11 START test not_null_stg_orders_customer_id ............................. [RUN]
[0m10:05:37.050100 [debug] [Thread-2  ]: Re-using an available connection from the pool (formerly list_airflow_analytics_staging, now test.ecommerce_analytics.not_null_stg_customers_customer_id.e2cfb1f9aa)
[0m10:05:37.051866 [debug] [Thread-3  ]: Acquiring new postgres connection 'test.ecommerce_analytics.not_null_stg_customers_email.d7cf761533'
[0m10:05:37.053128 [debug] [Thread-1  ]: Began compiling node test.ecommerce_analytics.accepted_values_stg_orders_status__completed__cancelled__pending.ee383a7b32
[0m10:05:37.054784 [debug] [Thread-4  ]: Acquiring new postgres connection 'test.ecommerce_analytics.not_null_stg_orders_customer_id.af79d5e4b5'
[0m10:05:37.056064 [debug] [Thread-2  ]: Began compiling node test.ecommerce_analytics.not_null_stg_customers_customer_id.e2cfb1f9aa
[0m10:05:37.057651 [debug] [Thread-3  ]: Began compiling node test.ecommerce_analytics.not_null_stg_customers_email.d7cf761533
[0m10:05:37.070290 [debug] [Thread-4  ]: Began compiling node test.ecommerce_analytics.not_null_stg_orders_customer_id.af79d5e4b5
[0m10:05:37.110703 [debug] [Thread-1  ]: Writing injected SQL for node "test.ecommerce_analytics.accepted_values_stg_orders_status__completed__cancelled__pending.ee383a7b32"
[0m10:05:37.116689 [debug] [Thread-3  ]: Writing injected SQL for node "test.ecommerce_analytics.not_null_stg_customers_email.d7cf761533"
[0m10:05:37.117917 [debug] [Thread-2  ]: Writing injected SQL for node "test.ecommerce_analytics.not_null_stg_customers_customer_id.e2cfb1f9aa"
[0m10:05:37.125120 [debug] [Thread-4  ]: Writing injected SQL for node "test.ecommerce_analytics.not_null_stg_orders_customer_id.af79d5e4b5"
[0m10:05:37.138390 [debug] [Thread-3  ]: Timing info for test.ecommerce_analytics.not_null_stg_customers_email.d7cf761533 (compile): 10:05:37.097214 => 10:05:37.137727
[0m10:05:37.139592 [debug] [Thread-4  ]: Timing info for test.ecommerce_analytics.not_null_stg_orders_customer_id.af79d5e4b5 (compile): 10:05:37.118480 => 10:05:37.139110
[0m10:05:37.140632 [debug] [Thread-3  ]: Began executing node test.ecommerce_analytics.not_null_stg_customers_email.d7cf761533
[0m10:05:37.142092 [debug] [Thread-4  ]: Began executing node test.ecommerce_analytics.not_null_stg_orders_customer_id.af79d5e4b5
[0m10:05:37.143359 [debug] [Thread-2  ]: Timing info for test.ecommerce_analytics.not_null_stg_customers_customer_id.e2cfb1f9aa (compile): 10:05:37.086163 => 10:05:37.142852
[0m10:05:37.150206 [debug] [Thread-1  ]: Timing info for test.ecommerce_analytics.accepted_values_stg_orders_status__completed__cancelled__pending.ee383a7b32 (compile): 10:05:37.058885 => 10:05:37.149684
[0m10:05:37.181322 [debug] [Thread-3  ]: Writing runtime sql for node "test.ecommerce_analytics.not_null_stg_customers_email.d7cf761533"
[0m10:05:37.190568 [debug] [Thread-4  ]: Writing runtime sql for node "test.ecommerce_analytics.not_null_stg_orders_customer_id.af79d5e4b5"
[0m10:05:37.191593 [debug] [Thread-2  ]: Began executing node test.ecommerce_analytics.not_null_stg_customers_customer_id.e2cfb1f9aa
[0m10:05:37.193712 [debug] [Thread-1  ]: Began executing node test.ecommerce_analytics.accepted_values_stg_orders_status__completed__cancelled__pending.ee383a7b32
[0m10:05:37.200772 [debug] [Thread-2  ]: Writing runtime sql for node "test.ecommerce_analytics.not_null_stg_customers_customer_id.e2cfb1f9aa"
[0m10:05:37.206105 [debug] [Thread-1  ]: Writing runtime sql for node "test.ecommerce_analytics.accepted_values_stg_orders_status__completed__cancelled__pending.ee383a7b32"
[0m10:05:37.210518 [debug] [Thread-3  ]: Using postgres connection "test.ecommerce_analytics.not_null_stg_customers_email.d7cf761533"
[0m10:05:37.212610 [debug] [Thread-3  ]: On test.ecommerce_analytics.not_null_stg_customers_email.d7cf761533: BEGIN
[0m10:05:37.213779 [debug] [Thread-4  ]: Using postgres connection "test.ecommerce_analytics.not_null_stg_orders_customer_id.af79d5e4b5"
[0m10:05:37.214884 [debug] [Thread-3  ]: Opening a new connection, currently in state init
[0m10:05:37.216362 [debug] [Thread-4  ]: On test.ecommerce_analytics.not_null_stg_orders_customer_id.af79d5e4b5: BEGIN
[0m10:05:37.218831 [debug] [Thread-2  ]: Using postgres connection "test.ecommerce_analytics.not_null_stg_customers_customer_id.e2cfb1f9aa"
[0m10:05:37.220061 [debug] [Thread-4  ]: Opening a new connection, currently in state init
[0m10:05:37.221708 [debug] [Thread-1  ]: Using postgres connection "test.ecommerce_analytics.accepted_values_stg_orders_status__completed__cancelled__pending.ee383a7b32"
[0m10:05:37.222920 [debug] [Thread-2  ]: On test.ecommerce_analytics.not_null_stg_customers_customer_id.e2cfb1f9aa: BEGIN
[0m10:05:37.225239 [debug] [Thread-1  ]: On test.ecommerce_analytics.accepted_values_stg_orders_status__completed__cancelled__pending.ee383a7b32: BEGIN
[0m10:05:37.227068 [debug] [Thread-2  ]: Opening a new connection, currently in state closed
[0m10:05:37.229250 [debug] [Thread-1  ]: Opening a new connection, currently in state closed
[0m10:05:37.231600 [debug] [Thread-3  ]: SQL status: BEGIN in 0.0 seconds
[0m10:05:37.234044 [debug] [Thread-3  ]: Using postgres connection "test.ecommerce_analytics.not_null_stg_customers_email.d7cf761533"
[0m10:05:37.235950 [debug] [Thread-3  ]: On test.ecommerce_analytics.not_null_stg_customers_email.d7cf761533: /* {"app": "dbt", "dbt_version": "1.7.0", "profile_name": "ecommerce_analytics", "target_name": "dev", "node_id": "test.ecommerce_analytics.not_null_stg_customers_email.d7cf761533"} */
select
      count(*) as failures,
      count(*) != 0 as should_warn,
      count(*) != 0 as should_error
    from (
      
    
    



select email
from "airflow"."analytics_staging"."stg_customers"
where email is null



      
    ) dbt_internal_test
[0m10:05:37.238238 [debug] [Thread-4  ]: SQL status: BEGIN in 0.0 seconds
[0m10:05:37.239792 [debug] [Thread-3  ]: SQL status: SELECT 1 in 0.0 seconds
[0m10:05:37.241080 [debug] [Thread-4  ]: Using postgres connection "test.ecommerce_analytics.not_null_stg_orders_customer_id.af79d5e4b5"
[0m10:05:37.247178 [debug] [Thread-3  ]: Timing info for test.ecommerce_analytics.not_null_stg_customers_email.d7cf761533 (execute): 10:05:37.144067 => 10:05:37.246570
[0m10:05:37.249387 [debug] [Thread-2  ]: SQL status: BEGIN in 0.0 seconds
[0m10:05:37.250703 [debug] [Thread-4  ]: On test.ecommerce_analytics.not_null_stg_orders_customer_id.af79d5e4b5: /* {"app": "dbt", "dbt_version": "1.7.0", "profile_name": "ecommerce_analytics", "target_name": "dev", "node_id": "test.ecommerce_analytics.not_null_stg_orders_customer_id.af79d5e4b5"} */
select
      count(*) as failures,
      count(*) != 0 as should_warn,
      count(*) != 0 as should_error
    from (
      
    
    



select customer_id
from "airflow"."analytics_staging"."stg_orders"
where customer_id is null



      
    ) dbt_internal_test
[0m10:05:37.252147 [debug] [Thread-1  ]: SQL status: BEGIN in 0.0 seconds
[0m10:05:37.253950 [debug] [Thread-3  ]: On test.ecommerce_analytics.not_null_stg_customers_email.d7cf761533: ROLLBACK
[0m10:05:37.255440 [debug] [Thread-2  ]: Using postgres connection "test.ecommerce_analytics.not_null_stg_customers_customer_id.e2cfb1f9aa"
[0m10:05:37.257732 [debug] [Thread-1  ]: Using postgres connection "test.ecommerce_analytics.accepted_values_stg_orders_status__completed__cancelled__pending.ee383a7b32"
[0m10:05:37.259540 [debug] [Thread-4  ]: SQL status: SELECT 1 in 0.0 seconds
[0m10:05:37.261474 [debug] [Thread-3  ]: On test.ecommerce_analytics.not_null_stg_customers_email.d7cf761533: Close
[0m10:05:37.263095 [debug] [Thread-2  ]: On test.ecommerce_analytics.not_null_stg_customers_customer_id.e2cfb1f9aa: /* {"app": "dbt", "dbt_version": "1.7.0", "profile_name": "ecommerce_analytics", "target_name": "dev", "node_id": "test.ecommerce_analytics.not_null_stg_customers_customer_id.e2cfb1f9aa"} */
select
      count(*) as failures,
      count(*) != 0 as should_warn,
      count(*) != 0 as should_error
    from (
      
    
    



select customer_id
from "airflow"."analytics_staging"."stg_customers"
where customer_id is null



      
    ) dbt_internal_test
[0m10:05:37.264859 [debug] [Thread-1  ]: On test.ecommerce_analytics.accepted_values_stg_orders_status__completed__cancelled__pending.ee383a7b32: /* {"app": "dbt", "dbt_version": "1.7.0", "profile_name": "ecommerce_analytics", "target_name": "dev", "node_id": "test.ecommerce_analytics.accepted_values_stg_orders_status__completed__cancelled__pending.ee383a7b32"} */
select
      count(*) as failures,
      count(*) != 0 as should_warn,
      count(*) != 0 as should_error
    from (
      
    
    

with all_values as (

    select
        status as value_field,
        count(*) as n_records

    from "airflow"."analytics_staging"."stg_orders"
    group by status

)

select *
from all_values
where value_field not in (
    'completed','cancelled','pending'
)



      
    ) dbt_internal_test
[0m10:05:37.269158 [debug] [Thread-4  ]: Timing info for test.ecommerce_analytics.not_null_stg_orders_customer_id.af79d5e4b5 (execute): 10:05:37.160436 => 10:05:37.268618
[0m10:05:37.271596 [info ] [Thread-3  ]: 3 of 11 PASS not_null_stg_customers_email ...................................... [[32mPASS[0m in 0.22s]
[0m10:05:37.275561 [debug] [Thread-2  ]: SQL status: SELECT 1 in 0.0 seconds
[0m10:05:37.278643 [debug] [Thread-4  ]: On test.ecommerce_analytics.not_null_stg_orders_customer_id.af79d5e4b5: ROLLBACK
[0m10:05:37.281171 [debug] [Thread-3  ]: Finished running node test.ecommerce_analytics.not_null_stg_customers_email.d7cf761533
[0m10:05:37.284823 [debug] [Thread-2  ]: Timing info for test.ecommerce_analytics.not_null_stg_customers_customer_id.e2cfb1f9aa (execute): 10:05:37.196478 => 10:05:37.284126
[0m10:05:37.286045 [debug] [Thread-1  ]: SQL status: SELECT 1 in 0.0 seconds
[0m10:05:37.287577 [debug] [Thread-4  ]: On test.ecommerce_analytics.not_null_stg_orders_customer_id.af79d5e4b5: Close
[0m10:05:37.288862 [debug] [Thread-3  ]: Began running node test.ecommerce_analytics.not_null_stg_orders_order_id.81cfe2fe64
[0m10:05:37.290543 [debug] [Thread-2  ]: On test.ecommerce_analytics.not_null_stg_customers_customer_id.e2cfb1f9aa: ROLLBACK
[0m10:05:37.295541 [debug] [Thread-1  ]: Timing info for test.ecommerce_analytics.accepted_values_stg_orders_status__completed__cancelled__pending.ee383a7b32 (execute): 10:05:37.201964 => 10:05:37.294412
[0m10:05:37.298663 [info ] [Thread-4  ]: 4 of 11 PASS not_null_stg_orders_customer_id ................................... [[32mPASS[0m in 0.24s]
[0m10:05:37.300141 [info ] [Thread-3  ]: 5 of 11 START test not_null_stg_orders_order_id ................................ [RUN]
[0m10:05:37.302505 [debug] [Thread-2  ]: On test.ecommerce_analytics.not_null_stg_customers_customer_id.e2cfb1f9aa: Close
[0m10:05:37.303589 [debug] [Thread-1  ]: On test.ecommerce_analytics.accepted_values_stg_orders_status__completed__cancelled__pending.ee383a7b32: ROLLBACK
[0m10:05:37.305629 [debug] [Thread-4  ]: Finished running node test.ecommerce_analytics.not_null_stg_orders_customer_id.af79d5e4b5
[0m10:05:37.307763 [debug] [Thread-3  ]: Re-using an available connection from the pool (formerly test.ecommerce_analytics.not_null_stg_customers_email.d7cf761533, now test.ecommerce_analytics.not_null_stg_orders_order_id.81cfe2fe64)
[0m10:05:37.310909 [info ] [Thread-2  ]: 2 of 11 PASS not_null_stg_customers_customer_id ................................ [[32mPASS[0m in 0.26s]
[0m10:05:37.313350 [debug] [Thread-1  ]: On test.ecommerce_analytics.accepted_values_stg_orders_status__completed__cancelled__pending.ee383a7b32: Close
[0m10:05:37.314968 [debug] [Thread-4  ]: Began running node test.ecommerce_analytics.not_null_stg_orders_product_id.034adb910e
[0m10:05:37.316551 [debug] [Thread-3  ]: Began compiling node test.ecommerce_analytics.not_null_stg_orders_order_id.81cfe2fe64
[0m10:05:37.319040 [debug] [Thread-2  ]: Finished running node test.ecommerce_analytics.not_null_stg_customers_customer_id.e2cfb1f9aa
[0m10:05:37.321524 [info ] [Thread-1  ]: 1 of 11 PASS accepted_values_stg_orders_status__completed__cancelled__pending .. [[32mPASS[0m in 0.27s]
[0m10:05:37.322936 [info ] [Thread-4  ]: 6 of 11 START test not_null_stg_orders_product_id .............................. [RUN]
[0m10:05:37.334480 [debug] [Thread-3  ]: Writing injected SQL for node "test.ecommerce_analytics.not_null_stg_orders_order_id.81cfe2fe64"
[0m10:05:37.335669 [debug] [Thread-2  ]: Began running node test.ecommerce_analytics.not_null_stg_products_product_id.6373b0acf3
[0m10:05:37.337680 [debug] [Thread-1  ]: Finished running node test.ecommerce_analytics.accepted_values_stg_orders_status__completed__cancelled__pending.ee383a7b32
[0m10:05:37.339694 [debug] [Thread-4  ]: Re-using an available connection from the pool (formerly test.ecommerce_analytics.not_null_stg_orders_customer_id.af79d5e4b5, now test.ecommerce_analytics.not_null_stg_orders_product_id.034adb910e)
[0m10:05:37.342313 [info ] [Thread-2  ]: 7 of 11 START test not_null_stg_products_product_id ............................ [RUN]
[0m10:05:37.344663 [debug] [Thread-1  ]: Began running node test.ecommerce_analytics.unique_stg_customers_customer_id.c7614daada
[0m10:05:37.346571 [debug] [Thread-4  ]: Began compiling node test.ecommerce_analytics.not_null_stg_orders_product_id.034adb910e
[0m10:05:37.348676 [debug] [Thread-2  ]: Re-using an available connection from the pool (formerly test.ecommerce_analytics.not_null_stg_customers_customer_id.e2cfb1f9aa, now test.ecommerce_analytics.not_null_stg_products_product_id.6373b0acf3)
[0m10:05:37.350371 [info ] [Thread-1  ]: 8 of 11 START test unique_stg_customers_customer_id ............................ [RUN]
[0m10:05:37.361302 [debug] [Thread-4  ]: Writing injected SQL for node "test.ecommerce_analytics.not_null_stg_orders_product_id.034adb910e"
[0m10:05:37.362397 [debug] [Thread-2  ]: Began compiling node test.ecommerce_analytics.not_null_stg_products_product_id.6373b0acf3
[0m10:05:37.364538 [debug] [Thread-1  ]: Re-using an available connection from the pool (formerly test.ecommerce_analytics.accepted_values_stg_orders_status__completed__cancelled__pending.ee383a7b32, now test.ecommerce_analytics.unique_stg_customers_customer_id.c7614daada)
[0m10:05:37.372393 [debug] [Thread-3  ]: Timing info for test.ecommerce_analytics.not_null_stg_orders_order_id.81cfe2fe64 (compile): 10:05:37.324511 => 10:05:37.371679
[0m10:05:37.378971 [debug] [Thread-2  ]: Writing injected SQL for node "test.ecommerce_analytics.not_null_stg_products_product_id.6373b0acf3"
[0m10:05:37.380043 [debug] [Thread-1  ]: Began compiling node test.ecommerce_analytics.unique_stg_customers_customer_id.c7614daada
[0m10:05:37.381744 [debug] [Thread-3  ]: Began executing node test.ecommerce_analytics.not_null_stg_orders_order_id.81cfe2fe64
[0m10:05:37.383755 [debug] [Thread-4  ]: Timing info for test.ecommerce_analytics.not_null_stg_orders_product_id.034adb910e (compile): 10:05:37.351802 => 10:05:37.383186
[0m10:05:37.398402 [debug] [Thread-1  ]: Writing injected SQL for node "test.ecommerce_analytics.unique_stg_customers_customer_id.c7614daada"
[0m10:05:37.403747 [debug] [Thread-3  ]: Writing runtime sql for node "test.ecommerce_analytics.not_null_stg_orders_order_id.81cfe2fe64"
[0m10:05:37.405988 [debug] [Thread-4  ]: Began executing node test.ecommerce_analytics.not_null_stg_orders_product_id.034adb910e
[0m10:05:37.409518 [debug] [Thread-2  ]: Timing info for test.ecommerce_analytics.not_null_stg_products_product_id.6373b0acf3 (compile): 10:05:37.366437 => 10:05:37.408572
[0m10:05:37.415350 [debug] [Thread-4  ]: Writing runtime sql for node "test.ecommerce_analytics.not_null_stg_orders_product_id.034adb910e"
[0m10:05:37.417384 [debug] [Thread-2  ]: Began executing node test.ecommerce_analytics.not_null_stg_products_product_id.6373b0acf3
[0m10:05:37.424598 [debug] [Thread-2  ]: Writing runtime sql for node "test.ecommerce_analytics.not_null_stg_products_product_id.6373b0acf3"
[0m10:05:37.426151 [debug] [Thread-1  ]: Timing info for test.ecommerce_analytics.unique_stg_customers_customer_id.c7614daada (compile): 10:05:37.384815 => 10:05:37.425526
[0m10:05:37.428498 [debug] [Thread-1  ]: Began executing node test.ecommerce_analytics.unique_stg_customers_customer_id.c7614daada
[0m10:05:37.430091 [debug] [Thread-3  ]: Using postgres connection "test.ecommerce_analytics.not_null_stg_orders_order_id.81cfe2fe64"
[0m10:05:37.435669 [debug] [Thread-1  ]: Writing runtime sql for node "test.ecommerce_analytics.unique_stg_customers_customer_id.c7614daada"
[0m10:05:37.438001 [debug] [Thread-3  ]: On test.ecommerce_analytics.not_null_stg_orders_order_id.81cfe2fe64: BEGIN
[0m10:05:37.440649 [debug] [Thread-4  ]: Using postgres connection "test.ecommerce_analytics.not_null_stg_orders_product_id.034adb910e"
[0m10:05:37.442644 [debug] [Thread-2  ]: Using postgres connection "test.ecommerce_analytics.not_null_stg_products_product_id.6373b0acf3"
[0m10:05:37.443958 [debug] [Thread-3  ]: Opening a new connection, currently in state closed
[0m10:05:37.445660 [debug] [Thread-4  ]: On test.ecommerce_analytics.not_null_stg_orders_product_id.034adb910e: BEGIN
[0m10:05:37.447333 [debug] [Thread-2  ]: On test.ecommerce_analytics.not_null_stg_products_product_id.6373b0acf3: BEGIN
[0m10:05:37.450109 [debug] [Thread-4  ]: Opening a new connection, currently in state closed
[0m10:05:37.451999 [debug] [Thread-2  ]: Opening a new connection, currently in state closed
[0m10:05:37.459882 [debug] [Thread-1  ]: Using postgres connection "test.ecommerce_analytics.unique_stg_customers_customer_id.c7614daada"
[0m10:05:37.461952 [debug] [Thread-1  ]: On test.ecommerce_analytics.unique_stg_customers_customer_id.c7614daada: BEGIN
[0m10:05:37.463384 [debug] [Thread-1  ]: Opening a new connection, currently in state closed
[0m10:05:37.466782 [debug] [Thread-3  ]: SQL status: BEGIN in 0.0 seconds
[0m10:05:37.469643 [debug] [Thread-3  ]: Using postgres connection "test.ecommerce_analytics.not_null_stg_orders_order_id.81cfe2fe64"
[0m10:05:37.471811 [debug] [Thread-4  ]: SQL status: BEGIN in 0.0 seconds
[0m10:05:37.473567 [debug] [Thread-3  ]: On test.ecommerce_analytics.not_null_stg_orders_order_id.81cfe2fe64: /* {"app": "dbt", "dbt_version": "1.7.0", "profile_name": "ecommerce_analytics", "target_name": "dev", "node_id": "test.ecommerce_analytics.not_null_stg_orders_order_id.81cfe2fe64"} */
select
      count(*) as failures,
      count(*) != 0 as should_warn,
      count(*) != 0 as should_error
    from (
      
    
    



select order_id
from "airflow"."analytics_staging"."stg_orders"
where order_id is null



      
    ) dbt_internal_test
[0m10:05:37.475718 [debug] [Thread-2  ]: SQL status: BEGIN in 0.0 seconds
[0m10:05:37.477183 [debug] [Thread-4  ]: Using postgres connection "test.ecommerce_analytics.not_null_stg_orders_product_id.034adb910e"
[0m10:05:37.479698 [debug] [Thread-2  ]: Using postgres connection "test.ecommerce_analytics.not_null_stg_products_product_id.6373b0acf3"
[0m10:05:37.481420 [debug] [Thread-3  ]: SQL status: SELECT 1 in 0.0 seconds
[0m10:05:37.483021 [debug] [Thread-4  ]: On test.ecommerce_analytics.not_null_stg_orders_product_id.034adb910e: /* {"app": "dbt", "dbt_version": "1.7.0", "profile_name": "ecommerce_analytics", "target_name": "dev", "node_id": "test.ecommerce_analytics.not_null_stg_orders_product_id.034adb910e"} */
select
      count(*) as failures,
      count(*) != 0 as should_warn,
      count(*) != 0 as should_error
    from (
      
    
    



select product_id
from "airflow"."analytics_staging"."stg_orders"
where product_id is null



      
    ) dbt_internal_test
[0m10:05:37.485003 [debug] [Thread-1  ]: SQL status: BEGIN in 0.0 seconds
[0m10:05:37.486508 [debug] [Thread-2  ]: On test.ecommerce_analytics.not_null_stg_products_product_id.6373b0acf3: /* {"app": "dbt", "dbt_version": "1.7.0", "profile_name": "ecommerce_analytics", "target_name": "dev", "node_id": "test.ecommerce_analytics.not_null_stg_products_product_id.6373b0acf3"} */
select
      count(*) as failures,
      count(*) != 0 as should_warn,
      count(*) != 0 as should_error
    from (
      
    
    



select product_id
from "airflow"."analytics_staging"."stg_products"
where product_id is null



      
    ) dbt_internal_test
[0m10:05:37.490841 [debug] [Thread-3  ]: Timing info for test.ecommerce_analytics.not_null_stg_orders_order_id.81cfe2fe64 (execute): 10:05:37.399138 => 10:05:37.490120
[0m10:05:37.493306 [debug] [Thread-1  ]: Using postgres connection "test.ecommerce_analytics.unique_stg_customers_customer_id.c7614daada"
[0m10:05:37.494617 [debug] [Thread-4  ]: SQL status: SELECT 1 in 0.0 seconds
[0m10:05:37.496493 [debug] [Thread-3  ]: On test.ecommerce_analytics.not_null_stg_orders_order_id.81cfe2fe64: ROLLBACK
[0m10:05:37.497829 [debug] [Thread-2  ]: SQL status: SELECT 1 in 0.0 seconds
[0m10:05:37.498905 [debug] [Thread-1  ]: On test.ecommerce_analytics.unique_stg_customers_customer_id.c7614daada: /* {"app": "dbt", "dbt_version": "1.7.0", "profile_name": "ecommerce_analytics", "target_name": "dev", "node_id": "test.ecommerce_analytics.unique_stg_customers_customer_id.c7614daada"} */
select
      count(*) as failures,
      count(*) != 0 as should_warn,
      count(*) != 0 as should_error
    from (
      
    
    

select
    customer_id as unique_field,
    count(*) as n_records

from "airflow"."analytics_staging"."stg_customers"
where customer_id is not null
group by customer_id
having count(*) > 1



      
    ) dbt_internal_test
[0m10:05:37.502626 [debug] [Thread-4  ]: Timing info for test.ecommerce_analytics.not_null_stg_orders_product_id.034adb910e (execute): 10:05:37.410408 => 10:05:37.502012
[0m10:05:37.504724 [debug] [Thread-3  ]: On test.ecommerce_analytics.not_null_stg_orders_order_id.81cfe2fe64: Close
[0m10:05:37.507902 [debug] [Thread-2  ]: Timing info for test.ecommerce_analytics.not_null_stg_products_product_id.6373b0acf3 (execute): 10:05:37.419462 => 10:05:37.507297
[0m10:05:37.510357 [debug] [Thread-4  ]: On test.ecommerce_analytics.not_null_stg_orders_product_id.034adb910e: ROLLBACK
[0m10:05:37.511605 [debug] [Thread-1  ]: SQL status: SELECT 1 in 0.0 seconds
[0m10:05:37.513637 [info ] [Thread-3  ]: 5 of 11 PASS not_null_stg_orders_order_id ...................................... [[32mPASS[0m in 0.21s]
[0m10:05:37.515267 [debug] [Thread-2  ]: On test.ecommerce_analytics.not_null_stg_products_product_id.6373b0acf3: ROLLBACK
[0m10:05:37.517815 [debug] [Thread-4  ]: On test.ecommerce_analytics.not_null_stg_orders_product_id.034adb910e: Close
[0m10:05:37.520932 [debug] [Thread-1  ]: Timing info for test.ecommerce_analytics.unique_stg_customers_customer_id.c7614daada (execute): 10:05:37.431020 => 10:05:37.520328
[0m10:05:37.522858 [debug] [Thread-3  ]: Finished running node test.ecommerce_analytics.not_null_stg_orders_order_id.81cfe2fe64
[0m10:05:37.524802 [debug] [Thread-2  ]: On test.ecommerce_analytics.not_null_stg_products_product_id.6373b0acf3: Close
[0m10:05:37.528904 [debug] [Thread-1  ]: On test.ecommerce_analytics.unique_stg_customers_customer_id.c7614daada: ROLLBACK
[0m10:05:37.527637 [info ] [Thread-4  ]: 6 of 11 PASS not_null_stg_orders_product_id .................................... [[32mPASS[0m in 0.19s]
[0m10:05:37.531145 [debug] [Thread-3  ]: Began running node test.ecommerce_analytics.unique_stg_customers_email.1ebcb2333e
[0m10:05:37.533951 [info ] [Thread-2  ]: 7 of 11 PASS not_null_stg_products_product_id .................................. [[32mPASS[0m in 0.19s]
[0m10:05:37.536786 [debug] [Thread-1  ]: On test.ecommerce_analytics.unique_stg_customers_customer_id.c7614daada: Close
[0m10:05:37.538216 [debug] [Thread-4  ]: Finished running node test.ecommerce_analytics.not_null_stg_orders_product_id.034adb910e
[0m10:05:37.539614 [info ] [Thread-3  ]: 9 of 11 START test unique_stg_customers_email .................................. [RUN]
[0m10:05:37.541610 [debug] [Thread-2  ]: Finished running node test.ecommerce_analytics.not_null_stg_products_product_id.6373b0acf3
[0m10:05:37.546127 [debug] [Thread-4  ]: Began running node test.ecommerce_analytics.unique_stg_orders_order_id.e3b841c71a
[0m10:05:37.544434 [info ] [Thread-1  ]: 8 of 11 PASS unique_stg_customers_customer_id .................................. [[32mPASS[0m in 0.18s]
[0m10:05:37.548911 [debug] [Thread-3  ]: Re-using an available connection from the pool (formerly test.ecommerce_analytics.not_null_stg_orders_order_id.81cfe2fe64, now test.ecommerce_analytics.unique_stg_customers_email.1ebcb2333e)
[0m10:05:37.550998 [debug] [Thread-2  ]: Began running node test.ecommerce_analytics.unique_stg_products_product_id.7d950a1467
[0m10:05:37.552701 [info ] [Thread-4  ]: 10 of 11 START test unique_stg_orders_order_id ................................. [RUN]
[0m10:05:37.554697 [debug] [Thread-1  ]: Finished running node test.ecommerce_analytics.unique_stg_customers_customer_id.c7614daada
[0m10:05:37.556164 [debug] [Thread-3  ]: Began compiling node test.ecommerce_analytics.unique_stg_customers_email.1ebcb2333e
[0m10:05:37.557904 [info ] [Thread-2  ]: 11 of 11 START test unique_stg_products_product_id ............................. [RUN]
[0m10:05:37.560186 [debug] [Thread-4  ]: Re-using an available connection from the pool (formerly test.ecommerce_analytics.not_null_stg_orders_product_id.034adb910e, now test.ecommerce_analytics.unique_stg_orders_order_id.e3b841c71a)
[0m10:05:37.571345 [debug] [Thread-3  ]: Writing injected SQL for node "test.ecommerce_analytics.unique_stg_customers_email.1ebcb2333e"
[0m10:05:37.572946 [debug] [Thread-2  ]: Re-using an available connection from the pool (formerly test.ecommerce_analytics.not_null_stg_products_product_id.6373b0acf3, now test.ecommerce_analytics.unique_stg_products_product_id.7d950a1467)
[0m10:05:37.574467 [debug] [Thread-4  ]: Began compiling node test.ecommerce_analytics.unique_stg_orders_order_id.e3b841c71a
[0m10:05:37.576849 [debug] [Thread-2  ]: Began compiling node test.ecommerce_analytics.unique_stg_products_product_id.7d950a1467
[0m10:05:37.588139 [debug] [Thread-4  ]: Writing injected SQL for node "test.ecommerce_analytics.unique_stg_orders_order_id.e3b841c71a"
[0m10:05:37.600752 [debug] [Thread-2  ]: Writing injected SQL for node "test.ecommerce_analytics.unique_stg_products_product_id.7d950a1467"
[0m10:05:37.604209 [debug] [Thread-3  ]: Timing info for test.ecommerce_analytics.unique_stg_customers_email.1ebcb2333e (compile): 10:05:37.562345 => 10:05:37.603378
[0m10:05:37.606072 [debug] [Thread-3  ]: Began executing node test.ecommerce_analytics.unique_stg_customers_email.1ebcb2333e
[0m10:05:37.613388 [debug] [Thread-3  ]: Writing runtime sql for node "test.ecommerce_analytics.unique_stg_customers_email.1ebcb2333e"
[0m10:05:37.616872 [debug] [Thread-4  ]: Timing info for test.ecommerce_analytics.unique_stg_orders_order_id.e3b841c71a (compile): 10:05:37.578437 => 10:05:37.615748
[0m10:05:37.618662 [debug] [Thread-2  ]: Timing info for test.ecommerce_analytics.unique_stg_products_product_id.7d950a1467 (compile): 10:05:37.589156 => 10:05:37.617966
[0m10:05:37.619839 [debug] [Thread-4  ]: Began executing node test.ecommerce_analytics.unique_stg_orders_order_id.e3b841c71a
[0m10:05:37.621637 [debug] [Thread-2  ]: Began executing node test.ecommerce_analytics.unique_stg_products_product_id.7d950a1467
[0m10:05:37.629250 [debug] [Thread-4  ]: Writing runtime sql for node "test.ecommerce_analytics.unique_stg_orders_order_id.e3b841c71a"
[0m10:05:37.634798 [debug] [Thread-2  ]: Writing runtime sql for node "test.ecommerce_analytics.unique_stg_products_product_id.7d950a1467"
[0m10:05:37.636770 [debug] [Thread-3  ]: Using postgres connection "test.ecommerce_analytics.unique_stg_customers_email.1ebcb2333e"
[0m10:05:37.638659 [debug] [Thread-3  ]: On test.ecommerce_analytics.unique_stg_customers_email.1ebcb2333e: BEGIN
[0m10:05:37.640424 [debug] [Thread-3  ]: Opening a new connection, currently in state closed
[0m10:05:37.648650 [debug] [Thread-4  ]: Using postgres connection "test.ecommerce_analytics.unique_stg_orders_order_id.e3b841c71a"
[0m10:05:37.650396 [debug] [Thread-4  ]: On test.ecommerce_analytics.unique_stg_orders_order_id.e3b841c71a: BEGIN
[0m10:05:37.651880 [debug] [Thread-2  ]: Using postgres connection "test.ecommerce_analytics.unique_stg_products_product_id.7d950a1467"
[0m10:05:37.652976 [debug] [Thread-4  ]: Opening a new connection, currently in state closed
[0m10:05:37.654521 [debug] [Thread-2  ]: On test.ecommerce_analytics.unique_stg_products_product_id.7d950a1467: BEGIN
[0m10:05:37.656937 [debug] [Thread-3  ]: SQL status: BEGIN in 0.0 seconds
[0m10:05:37.659393 [debug] [Thread-2  ]: Opening a new connection, currently in state closed
[0m10:05:37.661484 [debug] [Thread-3  ]: Using postgres connection "test.ecommerce_analytics.unique_stg_customers_email.1ebcb2333e"
[0m10:05:37.664583 [debug] [Thread-3  ]: On test.ecommerce_analytics.unique_stg_customers_email.1ebcb2333e: /* {"app": "dbt", "dbt_version": "1.7.0", "profile_name": "ecommerce_analytics", "target_name": "dev", "node_id": "test.ecommerce_analytics.unique_stg_customers_email.1ebcb2333e"} */
select
      count(*) as failures,
      count(*) != 0 as should_warn,
      count(*) != 0 as should_error
    from (
      
    
    

select
    email as unique_field,
    count(*) as n_records

from "airflow"."analytics_staging"."stg_customers"
where email is not null
group by email
having count(*) > 1



      
    ) dbt_internal_test
[0m10:05:37.669201 [debug] [Thread-3  ]: SQL status: SELECT 1 in 0.0 seconds
[0m10:05:37.673671 [debug] [Thread-3  ]: Timing info for test.ecommerce_analytics.unique_stg_customers_email.1ebcb2333e (execute): 10:05:37.607658 => 10:05:37.672678
[0m10:05:37.675993 [debug] [Thread-3  ]: On test.ecommerce_analytics.unique_stg_customers_email.1ebcb2333e: ROLLBACK
[0m10:05:37.678362 [debug] [Thread-4  ]: SQL status: BEGIN in 0.0 seconds
[0m10:05:37.680035 [debug] [Thread-3  ]: On test.ecommerce_analytics.unique_stg_customers_email.1ebcb2333e: Close
[0m10:05:37.681631 [debug] [Thread-4  ]: Using postgres connection "test.ecommerce_analytics.unique_stg_orders_order_id.e3b841c71a"
[0m10:05:37.682935 [debug] [Thread-2  ]: SQL status: BEGIN in 0.0 seconds
[0m10:05:37.685871 [info ] [Thread-3  ]: 9 of 11 PASS unique_stg_customers_email ........................................ [[32mPASS[0m in 0.14s]
[0m10:05:37.688980 [debug] [Thread-4  ]: On test.ecommerce_analytics.unique_stg_orders_order_id.e3b841c71a: /* {"app": "dbt", "dbt_version": "1.7.0", "profile_name": "ecommerce_analytics", "target_name": "dev", "node_id": "test.ecommerce_analytics.unique_stg_orders_order_id.e3b841c71a"} */
select
      count(*) as failures,
      count(*) != 0 as should_warn,
      count(*) != 0 as should_error
    from (
      
    
    

select
    order_id as unique_field,
    count(*) as n_records

from "airflow"."analytics_staging"."stg_orders"
where order_id is not null
group by order_id
having count(*) > 1



      
    ) dbt_internal_test
[0m10:05:37.690915 [debug] [Thread-2  ]: Using postgres connection "test.ecommerce_analytics.unique_stg_products_product_id.7d950a1467"
[0m10:05:37.693134 [debug] [Thread-3  ]: Finished running node test.ecommerce_analytics.unique_stg_customers_email.1ebcb2333e
[0m10:05:37.695264 [debug] [Thread-2  ]: On test.ecommerce_analytics.unique_stg_products_product_id.7d950a1467: /* {"app": "dbt", "dbt_version": "1.7.0", "profile_name": "ecommerce_analytics", "target_name": "dev", "node_id": "test.ecommerce_analytics.unique_stg_products_product_id.7d950a1467"} */
select
      count(*) as failures,
      count(*) != 0 as should_warn,
      count(*) != 0 as should_error
    from (
      
    
    

select
    product_id as unique_field,
    count(*) as n_records

from "airflow"."analytics_staging"."stg_products"
where product_id is not null
group by product_id
having count(*) > 1



      
    ) dbt_internal_test
[0m10:05:37.697387 [debug] [Thread-4  ]: SQL status: SELECT 1 in 0.0 seconds
[0m10:05:37.702121 [debug] [Thread-4  ]: Timing info for test.ecommerce_analytics.unique_stg_orders_order_id.e3b841c71a (execute): 10:05:37.622989 => 10:05:37.701521
[0m10:05:37.703262 [debug] [Thread-2  ]: SQL status: SELECT 1 in 0.0 seconds
[0m10:05:37.704606 [debug] [Thread-4  ]: On test.ecommerce_analytics.unique_stg_orders_order_id.e3b841c71a: ROLLBACK
[0m10:05:37.709114 [debug] [Thread-2  ]: Timing info for test.ecommerce_analytics.unique_stg_products_product_id.7d950a1467 (execute): 10:05:37.630117 => 10:05:37.707990
[0m10:05:37.711154 [debug] [Thread-4  ]: On test.ecommerce_analytics.unique_stg_orders_order_id.e3b841c71a: Close
[0m10:05:37.712494 [debug] [Thread-2  ]: On test.ecommerce_analytics.unique_stg_products_product_id.7d950a1467: ROLLBACK
[0m10:05:37.716138 [info ] [Thread-4  ]: 10 of 11 PASS unique_stg_orders_order_id ....................................... [[32mPASS[0m in 0.16s]
[0m10:05:37.718719 [debug] [Thread-2  ]: On test.ecommerce_analytics.unique_stg_products_product_id.7d950a1467: Close
[0m10:05:37.720885 [debug] [Thread-4  ]: Finished running node test.ecommerce_analytics.unique_stg_orders_order_id.e3b841c71a
[0m10:05:37.723834 [info ] [Thread-2  ]: 11 of 11 PASS unique_stg_products_product_id ................................... [[32mPASS[0m in 0.15s]
[0m10:05:37.727771 [debug] [Thread-2  ]: Finished running node test.ecommerce_analytics.unique_stg_products_product_id.7d950a1467
[0m10:05:37.733421 [debug] [MainThread]: Using postgres connection "master"
[0m10:05:37.735247 [debug] [MainThread]: On master: BEGIN
[0m10:05:37.736853 [debug] [MainThread]: Opening a new connection, currently in state closed
[0m10:05:37.754462 [debug] [MainThread]: SQL status: BEGIN in 0.0 seconds
[0m10:05:37.757084 [debug] [MainThread]: On master: COMMIT
[0m10:05:37.759347 [debug] [MainThread]: Using postgres connection "master"
[0m10:05:37.761369 [debug] [MainThread]: On master: COMMIT
[0m10:05:37.763876 [debug] [MainThread]: SQL status: COMMIT in 0.0 seconds
[0m10:05:37.765744 [debug] [MainThread]: On master: Close
[0m10:05:37.768802 [debug] [MainThread]: Connection 'master' was properly closed.
[0m10:05:37.770735 [debug] [MainThread]: Connection 'test.ecommerce_analytics.unique_stg_customers_customer_id.c7614daada' was properly closed.
[0m10:05:37.773470 [debug] [MainThread]: Connection 'test.ecommerce_analytics.unique_stg_products_product_id.7d950a1467' was properly closed.
[0m10:05:37.776279 [debug] [MainThread]: Connection 'test.ecommerce_analytics.unique_stg_customers_email.1ebcb2333e' was properly closed.
[0m10:05:37.778932 [debug] [MainThread]: Connection 'test.ecommerce_analytics.unique_stg_orders_order_id.e3b841c71a' was properly closed.
[0m10:05:37.781165 [info ] [MainThread]: 
[0m10:05:37.783623 [info ] [MainThread]: Finished running 11 tests in 0 hours 0 minutes and 0.90 seconds (0.90s).
[0m10:05:37.796875 [debug] [MainThread]: Command end result
[0m10:05:37.868932 [info ] [MainThread]: 
[0m10:05:37.871559 [info ] [MainThread]: [32mCompleted successfully[0m
[0m10:05:37.874801 [info ] [MainThread]: 
[0m10:05:37.877743 [info ] [MainThread]: Done. PASS=11 WARN=0 ERROR=0 SKIP=0 TOTAL=11
[0m10:05:37.881721 [debug] [MainThread]: Resource report: {"command_name": "test", "command_success": true, "command_wall_clock_time": 2.1690571, "process_user_time": 5.757097, "process_kernel_time": 0.447192, "process_mem_max_rss": "124592", "process_in_blocks": "0", "process_out_blocks": "0"}
[0m10:05:37.884894 [debug] [MainThread]: Command `dbt test` succeeded at 10:05:37.884054 after 2.17 seconds
[0m10:05:37.887475 [debug] [MainThread]: Sending event: {'category': 'dbt', 'action': 'invocation', 'label': 'end', 'context': [<snowplow_tracker.self_describing_json.SelfDescribingJson object at 0x7961f41ae130>, <snowplow_tracker.self_describing_json.SelfDescribingJson object at 0x7961f18941f0>, <snowplow_tracker.self_describing_json.SelfDescribingJson object at 0x7961f204cd30>]}
[0m10:05:37.890602 [debug] [MainThread]: Flushing usage events
[0m10:05:44.560909 [debug] [MainThread]: Sending event: {'category': 'dbt', 'action': 'invocation', 'label': 'start', 'context': [<snowplow_tracker.self_describing_json.SelfDescribingJson object at 0x751c0bd9a3d0>, <snowplow_tracker.self_describing_json.SelfDescribingJson object at 0x751c09c52c10>, <snowplow_tracker.self_describing_json.SelfDescribingJson object at 0x751c09c52730>]}


============================== 10:05:44.570248 | 50d958bc-3eec-435d-afed-28de2a59b3de ==============================
[0m10:05:44.570248 [info ] [MainThread]: Running with dbt=1.7.0
[0m10:05:44.571590 [debug] [MainThread]: running dbt with arguments {'printer_width': '80', 'indirect_selection': 'eager', 'log_cache_events': 'False', 'write_json': 'True', 'partial_parse': 'True', 'cache_selected_only': 'False', 'warn_error': 'None', 'version_check': 'True', 'profiles_dir': '.', 'log_path': '/opt/airflow/dbt_project/logs', 'fail_fast': 'False', 'debug': 'False', 'use_colors': 'True', 'use_experimental_parser': 'False', 'no_print': 'None', 'quiet': 'False', 'log_format': 'default', 'introspect': 'True', 'static_parser': 'True', 'invocation_command': 'dbt run --select marts --profiles-dir .', 'target_path': 'None', 'warn_error_options': 'WarnErrorOptions(include=[], exclude=[])', 'send_anonymous_usage_stats': 'True'}
[0m10:05:44.892125 [debug] [MainThread]: Sending event: {'category': 'dbt', 'action': 'project_id', 'label': '50d958bc-3eec-435d-afed-28de2a59b3de', 'context': [<snowplow_tracker.self_describing_json.SelfDescribingJson object at 0x751c0b6c8430>]}
[0m10:05:45.021342 [debug] [MainThread]: Sending event: {'category': 'dbt', 'action': 'adapter_info', 'label': '50d958bc-3eec-435d-afed-28de2a59b3de', 'context': [<snowplow_tracker.self_describing_json.SelfDescribingJson object at 0x751c09467130>]}
[0m10:05:45.022883 [info ] [MainThread]: Registered adapter: postgres=1.7.0
[0m10:05:45.047409 [debug] [MainThread]: checksum: 8434eacd4ffdf0ca3ab22bf0e2d55b45306c9599613e842b959405abc489e606, vars: {}, profile: , target: , version: 1.7.0
[0m10:05:45.319008 [debug] [MainThread]: Partial parsing enabled: 0 files deleted, 0 files added, 0 files changed.
[0m10:05:45.320215 [debug] [MainThread]: Partial parsing enabled, no changes found, skipping parsing
[0m10:05:45.329571 [debug] [MainThread]: Sending event: {'category': 'dbt', 'action': 'load_project', 'label': '50d958bc-3eec-435d-afed-28de2a59b3de', 'context': [<snowplow_tracker.self_describing_json.SelfDescribingJson object at 0x751c08cf5f40>]}
[0m10:05:45.398075 [debug] [MainThread]: Sending event: {'category': 'dbt', 'action': 'resource_counts', 'label': '50d958bc-3eec-435d-afed-28de2a59b3de', 'context': [<snowplow_tracker.self_describing_json.SelfDescribingJson object at 0x751c08db0d30>]}
[0m10:05:45.399153 [info ] [MainThread]: Found 6 models, 17 tests, 0 sources, 0 exposures, 0 metrics, 401 macros, 0 groups, 0 semantic models
[0m10:05:45.400181 [debug] [MainThread]: Sending event: {'category': 'dbt', 'action': 'runnable_timing', 'label': '50d958bc-3eec-435d-afed-28de2a59b3de', 'context': [<snowplow_tracker.self_describing_json.SelfDescribingJson object at 0x751c08db0f10>]}
[0m10:05:45.402814 [info ] [MainThread]: 
[0m10:05:45.404457 [debug] [MainThread]: Acquiring new postgres connection 'master'
[0m10:05:45.406718 [debug] [ThreadPool]: Acquiring new postgres connection 'list_airflow'
[0m10:05:45.421668 [debug] [ThreadPool]: Using postgres connection "list_airflow"
[0m10:05:45.422816 [debug] [ThreadPool]: On list_airflow: /* {"app": "dbt", "dbt_version": "1.7.0", "profile_name": "ecommerce_analytics", "target_name": "dev", "connection_name": "list_airflow"} */

    select distinct nspname from pg_namespace
  
[0m10:05:45.423759 [debug] [ThreadPool]: Opening a new connection, currently in state init
[0m10:05:45.435259 [debug] [ThreadPool]: SQL status: SELECT 8 in 0.0 seconds
[0m10:05:45.437591 [debug] [ThreadPool]: On list_airflow: Close
[0m10:05:45.441253 [debug] [ThreadPool]: Re-using an available connection from the pool (formerly list_airflow, now list_airflow_analytics_staging)
[0m10:05:45.443114 [debug] [ThreadPool]: Acquiring new postgres connection 'list_airflow_analytics_analytics'
[0m10:05:45.452497 [debug] [ThreadPool]: Using postgres connection "list_airflow_analytics_staging"
[0m10:05:45.455749 [debug] [ThreadPool]: Using postgres connection "list_airflow_analytics_analytics"
[0m10:05:45.456931 [debug] [ThreadPool]: On list_airflow_analytics_staging: BEGIN
[0m10:05:45.458052 [debug] [ThreadPool]: On list_airflow_analytics_analytics: BEGIN
[0m10:05:45.459085 [debug] [ThreadPool]: Opening a new connection, currently in state closed
[0m10:05:45.460094 [debug] [ThreadPool]: Opening a new connection, currently in state init
[0m10:05:45.471106 [debug] [ThreadPool]: SQL status: BEGIN in 0.0 seconds
[0m10:05:45.472729 [debug] [ThreadPool]: Using postgres connection "list_airflow_analytics_analytics"
[0m10:05:45.473907 [debug] [ThreadPool]: On list_airflow_analytics_analytics: /* {"app": "dbt", "dbt_version": "1.7.0", "profile_name": "ecommerce_analytics", "target_name": "dev", "connection_name": "list_airflow_analytics_analytics"} */
select
      'airflow' as database,
      tablename as name,
      schemaname as schema,
      'table' as type
    from pg_tables
    where schemaname ilike 'analytics_analytics'
    union all
    select
      'airflow' as database,
      viewname as name,
      schemaname as schema,
      'view' as type
    from pg_views
    where schemaname ilike 'analytics_analytics'
    union all
    select
      'airflow' as database,
      matviewname as name,
      schemaname as schema,
      'materialized_view' as type
    from pg_matviews
    where schemaname ilike 'analytics_analytics'
  
[0m10:05:45.475307 [debug] [ThreadPool]: SQL status: BEGIN in 0.0 seconds
[0m10:05:45.476587 [debug] [ThreadPool]: Using postgres connection "list_airflow_analytics_staging"
[0m10:05:45.477810 [debug] [ThreadPool]: On list_airflow_analytics_staging: /* {"app": "dbt", "dbt_version": "1.7.0", "profile_name": "ecommerce_analytics", "target_name": "dev", "connection_name": "list_airflow_analytics_staging"} */
select
      'airflow' as database,
      tablename as name,
      schemaname as schema,
      'table' as type
    from pg_tables
    where schemaname ilike 'analytics_staging'
    union all
    select
      'airflow' as database,
      viewname as name,
      schemaname as schema,
      'view' as type
    from pg_views
    where schemaname ilike 'analytics_staging'
    union all
    select
      'airflow' as database,
      matviewname as name,
      schemaname as schema,
      'materialized_view' as type
    from pg_matviews
    where schemaname ilike 'analytics_staging'
  
[0m10:05:45.478675 [debug] [ThreadPool]: SQL status: SELECT 3 in 0.0 seconds
[0m10:05:45.481375 [debug] [ThreadPool]: On list_airflow_analytics_analytics: ROLLBACK
[0m10:05:45.482926 [debug] [ThreadPool]: SQL status: SELECT 3 in 0.0 seconds
[0m10:05:45.483719 [debug] [ThreadPool]: On list_airflow_analytics_analytics: Close
[0m10:05:45.485723 [debug] [ThreadPool]: On list_airflow_analytics_staging: ROLLBACK
[0m10:05:45.489098 [debug] [ThreadPool]: On list_airflow_analytics_staging: Close
[0m10:05:45.497573 [debug] [MainThread]: Using postgres connection "master"
[0m10:05:45.498756 [debug] [MainThread]: On master: BEGIN
[0m10:05:45.499711 [debug] [MainThread]: Opening a new connection, currently in state init
[0m10:05:45.509845 [debug] [MainThread]: SQL status: BEGIN in 0.0 seconds
[0m10:05:45.511284 [debug] [MainThread]: Using postgres connection "master"
[0m10:05:45.512631 [debug] [MainThread]: On master: /* {"app": "dbt", "dbt_version": "1.7.0", "profile_name": "ecommerce_analytics", "target_name": "dev", "connection_name": "master"} */
with relation as (
        select
            pg_rewrite.ev_class as class,
            pg_rewrite.oid as id
        from pg_rewrite
    ),
    class as (
        select
            oid as id,
            relname as name,
            relnamespace as schema,
            relkind as kind
        from pg_class
    ),
    dependency as (
        select distinct
            pg_depend.objid as id,
            pg_depend.refobjid as ref
        from pg_depend
    ),
    schema as (
        select
            pg_namespace.oid as id,
            pg_namespace.nspname as name
        from pg_namespace
        where nspname != 'information_schema' and nspname not like 'pg\_%'
    ),
    referenced as (
        select
            relation.id AS id,
            referenced_class.name ,
            referenced_class.schema ,
            referenced_class.kind
        from relation
        join class as referenced_class on relation.class=referenced_class.id
        where referenced_class.kind in ('r', 'v', 'm')
    ),
    relationships as (
        select
            referenced.name as referenced_name,
            referenced.schema as referenced_schema_id,
            dependent_class.name as dependent_name,
            dependent_class.schema as dependent_schema_id,
            referenced.kind as kind
        from referenced
        join dependency on referenced.id=dependency.id
        join class as dependent_class on dependency.ref=dependent_class.id
        where
            (referenced.name != dependent_class.name or
             referenced.schema != dependent_class.schema)
    )

    select
        referenced_schema.name as referenced_schema,
        relationships.referenced_name as referenced_name,
        dependent_schema.name as dependent_schema,
        relationships.dependent_name as dependent_name
    from relationships
    join schema as dependent_schema on relationships.dependent_schema_id=dependent_schema.id
    join schema as referenced_schema on relationships.referenced_schema_id=referenced_schema.id
    group by referenced_schema, referenced_name, dependent_schema, dependent_name
    order by referenced_schema, referenced_name, dependent_schema, dependent_name;
[0m10:05:45.540983 [debug] [MainThread]: SQL status: SELECT 3 in 0.0 seconds
[0m10:05:45.543574 [debug] [MainThread]: Sending event: {'category': 'dbt', 'action': 'runnable_timing', 'label': '50d958bc-3eec-435d-afed-28de2a59b3de', 'context': [<snowplow_tracker.self_describing_json.SelfDescribingJson object at 0x751c08db0310>]}
[0m10:05:45.544985 [debug] [MainThread]: On master: ROLLBACK
[0m10:05:45.546412 [debug] [MainThread]: Using postgres connection "master"
[0m10:05:45.547401 [debug] [MainThread]: On master: BEGIN
[0m10:05:45.549001 [debug] [MainThread]: SQL status: BEGIN in 0.0 seconds
[0m10:05:45.550166 [debug] [MainThread]: On master: COMMIT
[0m10:05:45.551505 [debug] [MainThread]: Using postgres connection "master"
[0m10:05:45.552475 [debug] [MainThread]: On master: COMMIT
[0m10:05:45.553745 [debug] [MainThread]: SQL status: COMMIT in 0.0 seconds
[0m10:05:45.554786 [debug] [MainThread]: On master: Close
[0m10:05:45.556369 [info ] [MainThread]: Concurrency: 4 threads (target='dev')
[0m10:05:45.557588 [info ] [MainThread]: 
[0m10:05:45.569686 [debug] [Thread-1  ]: Began running node model.ecommerce_analytics.mart_customer_orders
[0m10:05:45.570680 [debug] [Thread-2  ]: Began running node model.ecommerce_analytics.mart_daily_sales
[0m10:05:45.571776 [debug] [Thread-3  ]: Began running node model.ecommerce_analytics.mart_revenue_by_category
[0m10:05:45.573101 [info ] [Thread-1  ]: 1 of 3 START sql table model analytics_analytics.mart_customer_orders .......... [RUN]
[0m10:05:45.575668 [info ] [Thread-2  ]: 2 of 3 START sql table model analytics_analytics.mart_daily_sales .............. [RUN]
[0m10:05:45.577731 [info ] [Thread-3  ]: 3 of 3 START sql table model analytics_analytics.mart_revenue_by_category ...... [RUN]
[0m10:05:45.579716 [debug] [Thread-1  ]: Re-using an available connection from the pool (formerly list_airflow_analytics_staging, now model.ecommerce_analytics.mart_customer_orders)
[0m10:05:45.581675 [debug] [Thread-2  ]: Re-using an available connection from the pool (formerly list_airflow_analytics_analytics, now model.ecommerce_analytics.mart_daily_sales)
[0m10:05:45.583678 [debug] [Thread-3  ]: Acquiring new postgres connection 'model.ecommerce_analytics.mart_revenue_by_category'
[0m10:05:45.585146 [debug] [Thread-1  ]: Began compiling node model.ecommerce_analytics.mart_customer_orders
[0m10:05:45.586467 [debug] [Thread-2  ]: Began compiling node model.ecommerce_analytics.mart_daily_sales
[0m10:05:45.587670 [debug] [Thread-3  ]: Began compiling node model.ecommerce_analytics.mart_revenue_by_category
[0m10:05:45.603757 [debug] [Thread-2  ]: Writing injected SQL for node "model.ecommerce_analytics.mart_daily_sales"
[0m10:05:45.606456 [debug] [Thread-1  ]: Writing injected SQL for node "model.ecommerce_analytics.mart_customer_orders"
[0m10:05:45.612698 [debug] [Thread-3  ]: Writing injected SQL for node "model.ecommerce_analytics.mart_revenue_by_category"
[0m10:05:45.624754 [debug] [Thread-2  ]: Timing info for model.ecommerce_analytics.mart_daily_sales (compile): 10:05:45.599850 => 10:05:45.624066
[0m10:05:45.626229 [debug] [Thread-1  ]: Timing info for model.ecommerce_analytics.mart_customer_orders (compile): 10:05:45.588604 => 10:05:45.625723
[0m10:05:45.627324 [debug] [Thread-2  ]: Began executing node model.ecommerce_analytics.mart_daily_sales
[0m10:05:45.628926 [debug] [Thread-1  ]: Began executing node model.ecommerce_analytics.mart_customer_orders
[0m10:05:45.635905 [debug] [Thread-3  ]: Timing info for model.ecommerce_analytics.mart_revenue_by_category (compile): 10:05:45.607748 => 10:05:45.635383
[0m10:05:45.653674 [debug] [Thread-3  ]: Began executing node model.ecommerce_analytics.mart_revenue_by_category
[0m10:05:45.875319 [debug] [Thread-2  ]: Writing runtime sql for node "model.ecommerce_analytics.mart_daily_sales"
[0m10:05:45.883017 [debug] [Thread-1  ]: Writing runtime sql for node "model.ecommerce_analytics.mart_customer_orders"
[0m10:05:45.883871 [debug] [Thread-3  ]: Writing runtime sql for node "model.ecommerce_analytics.mart_revenue_by_category"
[0m10:05:45.895927 [debug] [Thread-1  ]: Using postgres connection "model.ecommerce_analytics.mart_customer_orders"
[0m10:05:45.897935 [debug] [Thread-1  ]: On model.ecommerce_analytics.mart_customer_orders: BEGIN
[0m10:05:45.899259 [debug] [Thread-2  ]: Using postgres connection "model.ecommerce_analytics.mart_daily_sales"
[0m10:05:45.900679 [debug] [Thread-1  ]: Opening a new connection, currently in state closed
[0m10:05:45.902390 [debug] [Thread-3  ]: Using postgres connection "model.ecommerce_analytics.mart_revenue_by_category"
[0m10:05:45.903490 [debug] [Thread-2  ]: On model.ecommerce_analytics.mart_daily_sales: BEGIN
[0m10:05:45.906251 [debug] [Thread-3  ]: On model.ecommerce_analytics.mart_revenue_by_category: BEGIN
[0m10:05:45.908417 [debug] [Thread-2  ]: Opening a new connection, currently in state closed
[0m10:05:45.910333 [debug] [Thread-3  ]: Opening a new connection, currently in state init
[0m10:05:45.919301 [debug] [Thread-1  ]: SQL status: BEGIN in 0.0 seconds
[0m10:05:45.921088 [debug] [Thread-1  ]: Using postgres connection "model.ecommerce_analytics.mart_customer_orders"
[0m10:05:45.923418 [debug] [Thread-1  ]: On model.ecommerce_analytics.mart_customer_orders: /* {"app": "dbt", "dbt_version": "1.7.0", "profile_name": "ecommerce_analytics", "target_name": "dev", "node_id": "model.ecommerce_analytics.mart_customer_orders"} */

  
    

  create  table "airflow"."analytics_analytics"."mart_customer_orders__dbt_tmp"
  
  
    as
  
  (
    -- Mart: Customer Orders Summary
-- Joins orders with customers to give a full picture per customer

with orders as (
    select * from "airflow"."analytics_staging"."stg_orders"
),

customers as (
    select * from "airflow"."analytics_staging"."stg_customers"
),

customer_order_summary as (
    select
        c.customer_id,
        c.customer_name,
        c.email,
        c.city,
        c.state,
        c.segment,
        count(o.order_id)                    as total_orders,
        sum(o.total_amount)                  as total_revenue,
        avg(o.total_amount)                  as avg_order_value,
        min(o.order_date)                    as first_order_date,
        max(o.order_date)                    as last_order_date,
        sum(case when o.status = 'completed'
            then o.total_amount else 0 end)  as completed_revenue,
        sum(case when o.status = 'cancelled'
            then 1 else 0 end)               as cancelled_orders
    from customers c
    left join orders o on c.customer_id = o.customer_id
    group by
        c.customer_id, c.customer_name, c.email,
        c.city, c.state, c.segment
)

select * from customer_order_summary
  );
  
[0m10:05:45.929719 [debug] [Thread-2  ]: SQL status: BEGIN in 0.0 seconds
[0m10:05:45.931627 [debug] [Thread-3  ]: SQL status: BEGIN in 0.0 seconds
[0m10:05:45.932988 [debug] [Thread-2  ]: Using postgres connection "model.ecommerce_analytics.mart_daily_sales"
[0m10:05:45.934691 [debug] [Thread-3  ]: Using postgres connection "model.ecommerce_analytics.mart_revenue_by_category"
[0m10:05:45.936573 [debug] [Thread-2  ]: On model.ecommerce_analytics.mart_daily_sales: /* {"app": "dbt", "dbt_version": "1.7.0", "profile_name": "ecommerce_analytics", "target_name": "dev", "node_id": "model.ecommerce_analytics.mart_daily_sales"} */

  
    

  create  table "airflow"."analytics_analytics"."mart_daily_sales__dbt_tmp"
  
  
    as
  
  (
    -- Mart: Daily Sales Summary
-- Aggregates orders by date for trend analysis

with orders as (
    select * from "airflow"."analytics_staging"."stg_orders"
),

daily_sales as (
    select
        order_date,
        count(distinct order_id)             as total_orders,
        count(distinct customer_id)          as unique_customers,
        sum(total_amount)                    as daily_revenue,
        avg(total_amount)                    as avg_order_value,
        sum(quantity)                        as total_units_sold,
        sum(case when status = 'completed'
            then total_amount else 0 end)    as completed_revenue,
        sum(case when status = 'cancelled'
            then 1 else 0 end)               as cancelled_orders,
        sum(case when status = 'pending'
            then 1 else 0 end)               as pending_orders
    from orders
    group by order_date
)

select * from daily_sales
order by order_date
  );
  
[0m10:05:45.938822 [debug] [Thread-3  ]: On model.ecommerce_analytics.mart_revenue_by_category: /* {"app": "dbt", "dbt_version": "1.7.0", "profile_name": "ecommerce_analytics", "target_name": "dev", "node_id": "model.ecommerce_analytics.mart_revenue_by_category"} */

  
    

  create  table "airflow"."analytics_analytics"."mart_revenue_by_category__dbt_tmp"
  
  
    as
  
  (
    -- Mart: Revenue by Product Category
-- Joins orders with products to analyze revenue by category

with orders as (
    select * from "airflow"."analytics_staging"."stg_orders"
),

products as (
    select * from "airflow"."analytics_staging"."stg_products"
),

category_revenue as (
    select
        p.category,
        p.brand,
        count(distinct o.order_id)           as total_orders,
        sum(o.quantity)                      as total_units_sold,
        sum(o.total_amount)                  as total_revenue,
        avg(o.total_amount)                  as avg_order_value,
        sum(o.quantity * p.cost_price)       as total_cost,
        sum(o.total_amount) -
            sum(o.quantity * p.cost_price)   as total_profit,
        avg(p.profit_margin_pct)             as avg_profit_margin
    from orders o
    left join products p on o.product_id = p.product_id
    where o.status = 'completed'
    group by p.category, p.brand
)

select * from category_revenue
  );
  
[0m10:05:45.943710 [debug] [Thread-1  ]: SQL status: SELECT 7 in 0.0 seconds
[0m10:05:45.954182 [debug] [Thread-2  ]: SQL status: SELECT 12 in 0.0 seconds
[0m10:05:45.961391 [debug] [Thread-3  ]: SQL status: SELECT 4 in 0.0 seconds
[0m10:05:45.971191 [debug] [Thread-1  ]: Using postgres connection "model.ecommerce_analytics.mart_customer_orders"
[0m10:05:45.975420 [debug] [Thread-2  ]: Using postgres connection "model.ecommerce_analytics.mart_daily_sales"
[0m10:05:45.983822 [debug] [Thread-3  ]: Using postgres connection "model.ecommerce_analytics.mart_revenue_by_category"
[0m10:05:45.985217 [debug] [Thread-1  ]: On model.ecommerce_analytics.mart_customer_orders: /* {"app": "dbt", "dbt_version": "1.7.0", "profile_name": "ecommerce_analytics", "target_name": "dev", "node_id": "model.ecommerce_analytics.mart_customer_orders"} */
alter table "airflow"."analytics_analytics"."mart_customer_orders" rename to "mart_customer_orders__dbt_backup"
[0m10:05:45.987002 [debug] [Thread-2  ]: On model.ecommerce_analytics.mart_daily_sales: /* {"app": "dbt", "dbt_version": "1.7.0", "profile_name": "ecommerce_analytics", "target_name": "dev", "node_id": "model.ecommerce_analytics.mart_daily_sales"} */
alter table "airflow"."analytics_analytics"."mart_daily_sales" rename to "mart_daily_sales__dbt_backup"
[0m10:05:45.988798 [debug] [Thread-3  ]: On model.ecommerce_analytics.mart_revenue_by_category: /* {"app": "dbt", "dbt_version": "1.7.0", "profile_name": "ecommerce_analytics", "target_name": "dev", "node_id": "model.ecommerce_analytics.mart_revenue_by_category"} */
alter table "airflow"."analytics_analytics"."mart_revenue_by_category" rename to "mart_revenue_by_category__dbt_backup"
[0m10:05:45.991906 [debug] [Thread-2  ]: SQL status: ALTER TABLE in 0.0 seconds
[0m10:05:45.993395 [debug] [Thread-1  ]: SQL status: ALTER TABLE in 0.0 seconds
[0m10:05:45.995138 [debug] [Thread-3  ]: SQL status: ALTER TABLE in 0.0 seconds
[0m10:05:46.003063 [debug] [Thread-2  ]: Using postgres connection "model.ecommerce_analytics.mart_daily_sales"
[0m10:05:46.011705 [debug] [Thread-1  ]: Using postgres connection "model.ecommerce_analytics.mart_customer_orders"
[0m10:05:46.019953 [debug] [Thread-3  ]: Using postgres connection "model.ecommerce_analytics.mart_revenue_by_category"
[0m10:05:46.021260 [debug] [Thread-2  ]: On model.ecommerce_analytics.mart_daily_sales: /* {"app": "dbt", "dbt_version": "1.7.0", "profile_name": "ecommerce_analytics", "target_name": "dev", "node_id": "model.ecommerce_analytics.mart_daily_sales"} */
alter table "airflow"."analytics_analytics"."mart_daily_sales__dbt_tmp" rename to "mart_daily_sales"
[0m10:05:46.022888 [debug] [Thread-1  ]: On model.ecommerce_analytics.mart_customer_orders: /* {"app": "dbt", "dbt_version": "1.7.0", "profile_name": "ecommerce_analytics", "target_name": "dev", "node_id": "model.ecommerce_analytics.mart_customer_orders"} */
alter table "airflow"."analytics_analytics"."mart_customer_orders__dbt_tmp" rename to "mart_customer_orders"
[0m10:05:46.024785 [debug] [Thread-3  ]: On model.ecommerce_analytics.mart_revenue_by_category: /* {"app": "dbt", "dbt_version": "1.7.0", "profile_name": "ecommerce_analytics", "target_name": "dev", "node_id": "model.ecommerce_analytics.mart_revenue_by_category"} */
alter table "airflow"."analytics_analytics"."mart_revenue_by_category__dbt_tmp" rename to "mart_revenue_by_category"
[0m10:05:46.027311 [debug] [Thread-2  ]: SQL status: ALTER TABLE in 0.0 seconds
[0m10:05:46.029927 [debug] [Thread-1  ]: SQL status: ALTER TABLE in 0.0 seconds
[0m10:05:46.032041 [debug] [Thread-3  ]: SQL status: ALTER TABLE in 0.0 seconds
[0m10:05:46.119097 [debug] [Thread-2  ]: On model.ecommerce_analytics.mart_daily_sales: COMMIT
[0m10:05:46.123634 [debug] [Thread-1  ]: On model.ecommerce_analytics.mart_customer_orders: COMMIT
[0m10:05:46.131773 [debug] [Thread-2  ]: Using postgres connection "model.ecommerce_analytics.mart_daily_sales"
[0m10:05:46.133763 [debug] [Thread-3  ]: On model.ecommerce_analytics.mart_revenue_by_category: COMMIT
[0m10:05:46.135330 [debug] [Thread-1  ]: Using postgres connection "model.ecommerce_analytics.mart_customer_orders"
[0m10:05:46.137124 [debug] [Thread-2  ]: On model.ecommerce_analytics.mart_daily_sales: COMMIT
[0m10:05:46.138920 [debug] [Thread-3  ]: Using postgres connection "model.ecommerce_analytics.mart_revenue_by_category"
[0m10:05:46.140399 [debug] [Thread-1  ]: On model.ecommerce_analytics.mart_customer_orders: COMMIT
[0m10:05:46.142416 [debug] [Thread-3  ]: On model.ecommerce_analytics.mart_revenue_by_category: COMMIT
[0m10:05:46.144707 [debug] [Thread-2  ]: SQL status: COMMIT in 0.0 seconds
[0m10:05:46.146049 [debug] [Thread-1  ]: SQL status: COMMIT in 0.0 seconds
[0m10:05:46.158445 [debug] [Thread-3  ]: SQL status: COMMIT in 0.0 seconds
[0m10:05:46.162197 [debug] [Thread-2  ]: Applying DROP to: "airflow"."analytics_analytics"."mart_daily_sales__dbt_backup"
[0m10:05:46.171334 [debug] [Thread-1  ]: Applying DROP to: "airflow"."analytics_analytics"."mart_customer_orders__dbt_backup"
[0m10:05:46.178551 [debug] [Thread-3  ]: Applying DROP to: "airflow"."analytics_analytics"."mart_revenue_by_category__dbt_backup"
[0m10:05:46.189003 [debug] [Thread-2  ]: Using postgres connection "model.ecommerce_analytics.mart_daily_sales"
[0m10:05:46.191195 [debug] [Thread-1  ]: Using postgres connection "model.ecommerce_analytics.mart_customer_orders"
[0m10:05:46.194457 [debug] [Thread-3  ]: Using postgres connection "model.ecommerce_analytics.mart_revenue_by_category"
[0m10:05:46.196499 [debug] [Thread-2  ]: On model.ecommerce_analytics.mart_daily_sales: /* {"app": "dbt", "dbt_version": "1.7.0", "profile_name": "ecommerce_analytics", "target_name": "dev", "node_id": "model.ecommerce_analytics.mart_daily_sales"} */
drop table if exists "airflow"."analytics_analytics"."mart_daily_sales__dbt_backup" cascade
[0m10:05:46.198223 [debug] [Thread-1  ]: On model.ecommerce_analytics.mart_customer_orders: /* {"app": "dbt", "dbt_version": "1.7.0", "profile_name": "ecommerce_analytics", "target_name": "dev", "node_id": "model.ecommerce_analytics.mart_customer_orders"} */
drop table if exists "airflow"."analytics_analytics"."mart_customer_orders__dbt_backup" cascade
[0m10:05:46.199866 [debug] [Thread-3  ]: On model.ecommerce_analytics.mart_revenue_by_category: /* {"app": "dbt", "dbt_version": "1.7.0", "profile_name": "ecommerce_analytics", "target_name": "dev", "node_id": "model.ecommerce_analytics.mart_revenue_by_category"} */
drop table if exists "airflow"."analytics_analytics"."mart_revenue_by_category__dbt_backup" cascade
[0m10:05:46.211712 [debug] [Thread-2  ]: SQL status: DROP TABLE in 0.0 seconds
[0m10:05:46.216005 [debug] [Thread-2  ]: Timing info for model.ecommerce_analytics.mart_daily_sales (execute): 10:05:45.630088 => 10:05:46.215430
[0m10:05:46.217297 [debug] [Thread-1  ]: SQL status: DROP TABLE in 0.0 seconds
[0m10:05:46.218409 [debug] [Thread-3  ]: SQL status: DROP TABLE in 0.0 seconds
[0m10:05:46.219416 [debug] [Thread-2  ]: On model.ecommerce_analytics.mart_daily_sales: Close
[0m10:05:46.223149 [debug] [Thread-1  ]: Timing info for model.ecommerce_analytics.mart_customer_orders (execute): 10:05:45.642236 => 10:05:46.222664
[0m10:05:46.228113 [debug] [Thread-3  ]: Timing info for model.ecommerce_analytics.mart_revenue_by_category (execute): 10:05:45.670789 => 10:05:46.227504
[0m10:05:46.231023 [debug] [Thread-2  ]: Sending event: {'category': 'dbt', 'action': 'run_model', 'label': '50d958bc-3eec-435d-afed-28de2a59b3de', 'context': [<snowplow_tracker.self_describing_json.SelfDescribingJson object at 0x751c08db0d90>]}
[0m10:05:46.232390 [debug] [Thread-1  ]: On model.ecommerce_analytics.mart_customer_orders: Close
[0m10:05:46.233993 [debug] [Thread-3  ]: On model.ecommerce_analytics.mart_revenue_by_category: Close
[0m10:05:46.236023 [info ] [Thread-2  ]: 2 of 3 OK created sql table model analytics_analytics.mart_daily_sales ......... [[32mSELECT 12[0m in 0.65s]
[0m10:05:46.238896 [debug] [Thread-1  ]: Sending event: {'category': 'dbt', 'action': 'run_model', 'label': '50d958bc-3eec-435d-afed-28de2a59b3de', 'context': [<snowplow_tracker.self_describing_json.SelfDescribingJson object at 0x751c0886d7c0>]}
[0m10:05:46.241571 [debug] [Thread-3  ]: Sending event: {'category': 'dbt', 'action': 'run_model', 'label': '50d958bc-3eec-435d-afed-28de2a59b3de', 'context': [<snowplow_tracker.self_describing_json.SelfDescribingJson object at 0x751c08c60640>]}
[0m10:05:46.243595 [debug] [Thread-2  ]: Finished running node model.ecommerce_analytics.mart_daily_sales
[0m10:05:46.245772 [info ] [Thread-1  ]: 1 of 3 OK created sql table model analytics_analytics.mart_customer_orders ..... [[32mSELECT 7[0m in 0.66s]
[0m10:05:46.247621 [info ] [Thread-3  ]: 3 of 3 OK created sql table model analytics_analytics.mart_revenue_by_category . [[32mSELECT 4[0m in 0.66s]
[0m10:05:46.250810 [debug] [Thread-1  ]: Finished running node model.ecommerce_analytics.mart_customer_orders
[0m10:05:46.252726 [debug] [Thread-3  ]: Finished running node model.ecommerce_analytics.mart_revenue_by_category
[0m10:05:46.258332 [debug] [MainThread]: Using postgres connection "master"
[0m10:05:46.259992 [debug] [MainThread]: On master: BEGIN
[0m10:05:46.261994 [debug] [MainThread]: Opening a new connection, currently in state closed
[0m10:05:46.276433 [debug] [MainThread]: SQL status: BEGIN in 0.0 seconds
[0m10:05:46.278354 [debug] [MainThread]: On master: COMMIT
[0m10:05:46.279738 [debug] [MainThread]: Using postgres connection "master"
[0m10:05:46.281093 [debug] [MainThread]: On master: COMMIT
[0m10:05:46.282741 [debug] [MainThread]: SQL status: COMMIT in 0.0 seconds
[0m10:05:46.284228 [debug] [MainThread]: On master: Close
[0m10:05:46.286614 [debug] [MainThread]: Connection 'master' was properly closed.
[0m10:05:46.288019 [debug] [MainThread]: Connection 'model.ecommerce_analytics.mart_customer_orders' was properly closed.
[0m10:05:46.289408 [debug] [MainThread]: Connection 'model.ecommerce_analytics.mart_daily_sales' was properly closed.
[0m10:05:46.290614 [debug] [MainThread]: Connection 'model.ecommerce_analytics.mart_revenue_by_category' was properly closed.
[0m10:05:46.291876 [info ] [MainThread]: 
[0m10:05:46.293941 [info ] [MainThread]: Finished running 3 table models in 0 hours 0 minutes and 0.89 seconds (0.89s).
[0m10:05:46.297466 [debug] [MainThread]: Command end result
[0m10:05:46.347698 [info ] [MainThread]: 
[0m10:05:46.349508 [info ] [MainThread]: [32mCompleted successfully[0m
[0m10:05:46.350997 [info ] [MainThread]: 
[0m10:05:46.352694 [info ] [MainThread]: Done. PASS=3 WARN=0 ERROR=0 SKIP=0 TOTAL=3
[0m10:05:46.355078 [debug] [MainThread]: Resource report: {"command_name": "run", "command_success": true, "command_wall_clock_time": 1.8819232, "process_user_time": 4.585382, "process_kernel_time": 0.287334, "process_mem_max_rss": "124940", "process_in_blocks": "0", "process_out_blocks": "0"}
[0m10:05:46.356917 [debug] [MainThread]: Command `dbt run` succeeded at 10:05:46.356561 after 1.88 seconds
[0m10:05:46.358356 [debug] [MainThread]: Sending event: {'category': 'dbt', 'action': 'invocation', 'label': 'end', 'context': [<snowplow_tracker.self_describing_json.SelfDescribingJson object at 0x751c0bd9a3d0>, <snowplow_tracker.self_describing_json.SelfDescribingJson object at 0x751c0a2bd910>, <snowplow_tracker.self_describing_json.SelfDescribingJson object at 0x751c08c52940>]}
[0m10:05:46.359827 [debug] [MainThread]: Flushing usage events
[0m10:05:55.893347 [debug] [MainThread]: Sending event: {'category': 'dbt', 'action': 'invocation', 'label': 'start', 'context': [<snowplow_tracker.self_describing_json.SelfDescribingJson object at 0x7352455da3d0>, <snowplow_tracker.self_describing_json.SelfDescribingJson object at 0x735243450fd0>, <snowplow_tracker.self_describing_json.SelfDescribingJson object at 0x735243450610>]}


============================== 10:05:55.908395 | 7360ff40-3eb9-4272-aef8-aab6b44809e5 ==============================
[0m10:05:55.908395 [info ] [MainThread]: Running with dbt=1.7.0
[0m10:05:55.911081 [debug] [MainThread]: running dbt with arguments {'printer_width': '80', 'indirect_selection': 'eager', 'log_cache_events': 'False', 'write_json': 'True', 'partial_parse': 'True', 'cache_selected_only': 'False', 'profiles_dir': '.', 'version_check': 'True', 'debug': 'False', 'log_path': '/opt/airflow/dbt_project/logs', 'warn_error': 'None', 'fail_fast': 'False', 'use_colors': 'True', 'use_experimental_parser': 'False', 'no_print': 'None', 'quiet': 'False', 'log_format': 'default', 'static_parser': 'True', 'introspect': 'True', 'warn_error_options': 'WarnErrorOptions(include=[], exclude=[])', 'target_path': 'None', 'invocation_command': 'dbt test --select marts --profiles-dir .', 'send_anonymous_usage_stats': 'True'}
[0m10:05:56.544597 [debug] [MainThread]: Sending event: {'category': 'dbt', 'action': 'project_id', 'label': '7360ff40-3eb9-4272-aef8-aab6b44809e5', 'context': [<snowplow_tracker.self_describing_json.SelfDescribingJson object at 0x735245ba5e80>]}
[0m10:05:56.840113 [debug] [MainThread]: Sending event: {'category': 'dbt', 'action': 'adapter_info', 'label': '7360ff40-3eb9-4272-aef8-aab6b44809e5', 'context': [<snowplow_tracker.self_describing_json.SelfDescribingJson object at 0x735242c6e130>]}
[0m10:05:56.843872 [info ] [MainThread]: Registered adapter: postgres=1.7.0
[0m10:05:56.884203 [debug] [MainThread]: checksum: 8434eacd4ffdf0ca3ab22bf0e2d55b45306c9599613e842b959405abc489e606, vars: {}, profile: , target: , version: 1.7.0
[0m10:05:57.359098 [debug] [MainThread]: Partial parsing enabled: 0 files deleted, 0 files added, 0 files changed.
[0m10:05:57.361021 [debug] [MainThread]: Partial parsing enabled, no changes found, skipping parsing
[0m10:05:57.377532 [debug] [MainThread]: Sending event: {'category': 'dbt', 'action': 'load_project', 'label': '7360ff40-3eb9-4272-aef8-aab6b44809e5', 'context': [<snowplow_tracker.self_describing_json.SelfDescribingJson object at 0x7352424f4f10>]}
[0m10:05:57.463074 [debug] [MainThread]: Sending event: {'category': 'dbt', 'action': 'resource_counts', 'label': '7360ff40-3eb9-4272-aef8-aab6b44809e5', 'context': [<snowplow_tracker.self_describing_json.SelfDescribingJson object at 0x7352425a9ca0>]}
[0m10:05:57.464902 [info ] [MainThread]: Found 6 models, 17 tests, 0 sources, 0 exposures, 0 metrics, 401 macros, 0 groups, 0 semantic models
[0m10:05:57.468074 [debug] [MainThread]: Sending event: {'category': 'dbt', 'action': 'runnable_timing', 'label': '7360ff40-3eb9-4272-aef8-aab6b44809e5', 'context': [<snowplow_tracker.self_describing_json.SelfDescribingJson object at 0x7352425a9dc0>]}
[0m10:05:57.472691 [info ] [MainThread]: 
[0m10:05:57.475393 [debug] [MainThread]: Acquiring new postgres connection 'master'
[0m10:05:57.479702 [debug] [ThreadPool]: Acquiring new postgres connection 'list_airflow_analytics_analytics'
[0m10:05:57.482658 [debug] [ThreadPool]: Acquiring new postgres connection 'list_airflow_analytics_staging'
[0m10:05:57.519717 [debug] [ThreadPool]: Using postgres connection "list_airflow_analytics_analytics"
[0m10:05:57.526914 [debug] [ThreadPool]: Using postgres connection "list_airflow_analytics_staging"
[0m10:05:57.528201 [debug] [ThreadPool]: On list_airflow_analytics_analytics: BEGIN
[0m10:05:57.530392 [debug] [ThreadPool]: On list_airflow_analytics_staging: BEGIN
[0m10:05:57.532391 [debug] [ThreadPool]: Opening a new connection, currently in state init
[0m10:05:57.534203 [debug] [ThreadPool]: Opening a new connection, currently in state init
[0m10:05:57.553001 [debug] [ThreadPool]: SQL status: BEGIN in 0.0 seconds
[0m10:05:57.554736 [debug] [ThreadPool]: SQL status: BEGIN in 0.0 seconds
[0m10:05:57.556443 [debug] [ThreadPool]: Using postgres connection "list_airflow_analytics_analytics"
[0m10:05:57.558249 [debug] [ThreadPool]: Using postgres connection "list_airflow_analytics_staging"
[0m10:05:57.559858 [debug] [ThreadPool]: On list_airflow_analytics_analytics: /* {"app": "dbt", "dbt_version": "1.7.0", "profile_name": "ecommerce_analytics", "target_name": "dev", "connection_name": "list_airflow_analytics_analytics"} */
select
      'airflow' as database,
      tablename as name,
      schemaname as schema,
      'table' as type
    from pg_tables
    where schemaname ilike 'analytics_analytics'
    union all
    select
      'airflow' as database,
      viewname as name,
      schemaname as schema,
      'view' as type
    from pg_views
    where schemaname ilike 'analytics_analytics'
    union all
    select
      'airflow' as database,
      matviewname as name,
      schemaname as schema,
      'materialized_view' as type
    from pg_matviews
    where schemaname ilike 'analytics_analytics'
  
[0m10:05:57.561664 [debug] [ThreadPool]: On list_airflow_analytics_staging: /* {"app": "dbt", "dbt_version": "1.7.0", "profile_name": "ecommerce_analytics", "target_name": "dev", "connection_name": "list_airflow_analytics_staging"} */
select
      'airflow' as database,
      tablename as name,
      schemaname as schema,
      'table' as type
    from pg_tables
    where schemaname ilike 'analytics_staging'
    union all
    select
      'airflow' as database,
      viewname as name,
      schemaname as schema,
      'view' as type
    from pg_views
    where schemaname ilike 'analytics_staging'
    union all
    select
      'airflow' as database,
      matviewname as name,
      schemaname as schema,
      'materialized_view' as type
    from pg_matviews
    where schemaname ilike 'analytics_staging'
  
[0m10:05:57.568854 [debug] [ThreadPool]: SQL status: SELECT 3 in 0.0 seconds
[0m10:05:57.570160 [debug] [ThreadPool]: SQL status: SELECT 3 in 0.0 seconds
[0m10:05:57.573240 [debug] [ThreadPool]: On list_airflow_analytics_staging: ROLLBACK
[0m10:05:57.576597 [debug] [ThreadPool]: On list_airflow_analytics_analytics: ROLLBACK
[0m10:05:57.578722 [debug] [ThreadPool]: On list_airflow_analytics_staging: Close
[0m10:05:57.580210 [debug] [ThreadPool]: On list_airflow_analytics_analytics: Close
[0m10:05:57.598716 [debug] [MainThread]: Using postgres connection "master"
[0m10:05:57.600556 [debug] [MainThread]: On master: BEGIN
[0m10:05:57.602053 [debug] [MainThread]: Opening a new connection, currently in state init
[0m10:05:57.616986 [debug] [MainThread]: SQL status: BEGIN in 0.0 seconds
[0m10:05:57.618791 [debug] [MainThread]: Using postgres connection "master"
[0m10:05:57.620962 [debug] [MainThread]: On master: /* {"app": "dbt", "dbt_version": "1.7.0", "profile_name": "ecommerce_analytics", "target_name": "dev", "connection_name": "master"} */
with relation as (
        select
            pg_rewrite.ev_class as class,
            pg_rewrite.oid as id
        from pg_rewrite
    ),
    class as (
        select
            oid as id,
            relname as name,
            relnamespace as schema,
            relkind as kind
        from pg_class
    ),
    dependency as (
        select distinct
            pg_depend.objid as id,
            pg_depend.refobjid as ref
        from pg_depend
    ),
    schema as (
        select
            pg_namespace.oid as id,
            pg_namespace.nspname as name
        from pg_namespace
        where nspname != 'information_schema' and nspname not like 'pg\_%'
    ),
    referenced as (
        select
            relation.id AS id,
            referenced_class.name ,
            referenced_class.schema ,
            referenced_class.kind
        from relation
        join class as referenced_class on relation.class=referenced_class.id
        where referenced_class.kind in ('r', 'v', 'm')
    ),
    relationships as (
        select
            referenced.name as referenced_name,
            referenced.schema as referenced_schema_id,
            dependent_class.name as dependent_name,
            dependent_class.schema as dependent_schema_id,
            referenced.kind as kind
        from referenced
        join dependency on referenced.id=dependency.id
        join class as dependent_class on dependency.ref=dependent_class.id
        where
            (referenced.name != dependent_class.name or
             referenced.schema != dependent_class.schema)
    )

    select
        referenced_schema.name as referenced_schema,
        relationships.referenced_name as referenced_name,
        dependent_schema.name as dependent_schema,
        relationships.dependent_name as dependent_name
    from relationships
    join schema as dependent_schema on relationships.dependent_schema_id=dependent_schema.id
    join schema as referenced_schema on relationships.referenced_schema_id=referenced_schema.id
    group by referenced_schema, referenced_name, dependent_schema, dependent_name
    order by referenced_schema, referenced_name, dependent_schema, dependent_name;
[0m10:05:57.665465 [debug] [MainThread]: SQL status: SELECT 3 in 0.0 seconds
[0m10:05:57.668760 [debug] [MainThread]: Sending event: {'category': 'dbt', 'action': 'runnable_timing', 'label': '7360ff40-3eb9-4272-aef8-aab6b44809e5', 'context': [<snowplow_tracker.self_describing_json.SelfDescribingJson object at 0x7352424d7df0>]}
[0m10:05:57.670616 [debug] [MainThread]: On master: ROLLBACK
[0m10:05:57.672550 [debug] [MainThread]: Using postgres connection "master"
[0m10:05:57.674030 [debug] [MainThread]: On master: BEGIN
[0m10:05:57.676464 [debug] [MainThread]: SQL status: BEGIN in 0.0 seconds
[0m10:05:57.678271 [debug] [MainThread]: On master: COMMIT
[0m10:05:57.679743 [debug] [MainThread]: Using postgres connection "master"
[0m10:05:57.681230 [debug] [MainThread]: On master: COMMIT
[0m10:05:57.683207 [debug] [MainThread]: SQL status: COMMIT in 0.0 seconds
[0m10:05:57.684718 [debug] [MainThread]: On master: Close
[0m10:05:57.687530 [info ] [MainThread]: Concurrency: 4 threads (target='dev')
[0m10:05:57.689846 [info ] [MainThread]: 
[0m10:05:57.708577 [debug] [Thread-1  ]: Began running node test.ecommerce_analytics.not_null_mart_customer_orders_customer_id.65556082dc
[0m10:05:57.710061 [debug] [Thread-2  ]: Began running node test.ecommerce_analytics.not_null_mart_customer_orders_total_revenue.2fff1d6d64
[0m10:05:57.711433 [debug] [Thread-3  ]: Began running node test.ecommerce_analytics.not_null_mart_daily_sales_order_date.0e908a3de5
[0m10:05:57.714098 [debug] [Thread-4  ]: Began running node test.ecommerce_analytics.not_null_mart_revenue_by_category_category.0607d31a2e
[0m10:05:57.712822 [info ] [Thread-1  ]: 1 of 6 START test not_null_mart_customer_orders_customer_id .................... [RUN]
[0m10:05:57.716118 [info ] [Thread-2  ]: 2 of 6 START test not_null_mart_customer_orders_total_revenue .................. [RUN]
[0m10:05:57.718858 [info ] [Thread-3  ]: 3 of 6 START test not_null_mart_daily_sales_order_date ......................... [RUN]
[0m10:05:57.720750 [info ] [Thread-4  ]: 4 of 6 START test not_null_mart_revenue_by_category_category ................... [RUN]
[0m10:05:57.723206 [debug] [Thread-1  ]: Re-using an available connection from the pool (formerly list_airflow_analytics_staging, now test.ecommerce_analytics.not_null_mart_customer_orders_customer_id.65556082dc)
[0m10:05:57.725417 [debug] [Thread-2  ]: Re-using an available connection from the pool (formerly list_airflow_analytics_analytics, now test.ecommerce_analytics.not_null_mart_customer_orders_total_revenue.2fff1d6d64)
[0m10:05:57.728877 [debug] [Thread-3  ]: Acquiring new postgres connection 'test.ecommerce_analytics.not_null_mart_daily_sales_order_date.0e908a3de5'
[0m10:05:57.731394 [debug] [Thread-4  ]: Acquiring new postgres connection 'test.ecommerce_analytics.not_null_mart_revenue_by_category_category.0607d31a2e'
[0m10:05:57.734002 [debug] [Thread-1  ]: Began compiling node test.ecommerce_analytics.not_null_mart_customer_orders_customer_id.65556082dc
[0m10:05:57.736466 [debug] [Thread-2  ]: Began compiling node test.ecommerce_analytics.not_null_mart_customer_orders_total_revenue.2fff1d6d64
[0m10:05:57.738806 [debug] [Thread-3  ]: Began compiling node test.ecommerce_analytics.not_null_mart_daily_sales_order_date.0e908a3de5
[0m10:05:57.741399 [debug] [Thread-4  ]: Began compiling node test.ecommerce_analytics.not_null_mart_revenue_by_category_category.0607d31a2e
[0m10:05:57.821726 [debug] [Thread-3  ]: Writing injected SQL for node "test.ecommerce_analytics.not_null_mart_daily_sales_order_date.0e908a3de5"
[0m10:05:57.829110 [debug] [Thread-2  ]: Writing injected SQL for node "test.ecommerce_analytics.not_null_mart_customer_orders_total_revenue.2fff1d6d64"
[0m10:05:57.859919 [debug] [Thread-1  ]: Writing injected SQL for node "test.ecommerce_analytics.not_null_mart_customer_orders_customer_id.65556082dc"
[0m10:05:57.862258 [debug] [Thread-4  ]: Writing injected SQL for node "test.ecommerce_analytics.not_null_mart_revenue_by_category_category.0607d31a2e"
[0m10:05:57.895515 [debug] [Thread-3  ]: Timing info for test.ecommerce_analytics.not_null_mart_daily_sales_order_date.0e908a3de5 (compile): 10:05:57.776228 => 10:05:57.894338
[0m10:05:57.897965 [debug] [Thread-1  ]: Timing info for test.ecommerce_analytics.not_null_mart_customer_orders_customer_id.65556082dc (compile): 10:05:57.742960 => 10:05:57.896967
[0m10:05:57.899692 [debug] [Thread-3  ]: Began executing node test.ecommerce_analytics.not_null_mart_daily_sales_order_date.0e908a3de5
[0m10:05:57.909451 [debug] [Thread-2  ]: Timing info for test.ecommerce_analytics.not_null_mart_customer_orders_total_revenue.2fff1d6d64 (compile): 10:05:57.754214 => 10:05:57.908381
[0m10:05:57.906473 [debug] [Thread-1  ]: Began executing node test.ecommerce_analytics.not_null_mart_customer_orders_customer_id.65556082dc
[0m10:05:57.926113 [debug] [Thread-4  ]: Timing info for test.ecommerce_analytics.not_null_mart_revenue_by_category_category.0607d31a2e (compile): 10:05:57.829824 => 10:05:57.924866
[0m10:05:57.937205 [debug] [Thread-2  ]: Began executing node test.ecommerce_analytics.not_null_mart_customer_orders_total_revenue.2fff1d6d64
[0m10:05:57.989041 [debug] [Thread-4  ]: Began executing node test.ecommerce_analytics.not_null_mart_revenue_by_category_category.0607d31a2e
[0m10:05:58.018701 [debug] [Thread-3  ]: Writing runtime sql for node "test.ecommerce_analytics.not_null_mart_daily_sales_order_date.0e908a3de5"
[0m10:05:58.020820 [debug] [Thread-2  ]: Writing runtime sql for node "test.ecommerce_analytics.not_null_mart_customer_orders_total_revenue.2fff1d6d64"
[0m10:05:58.023440 [debug] [Thread-1  ]: Writing runtime sql for node "test.ecommerce_analytics.not_null_mart_customer_orders_customer_id.65556082dc"
[0m10:05:58.029806 [debug] [Thread-4  ]: Writing runtime sql for node "test.ecommerce_analytics.not_null_mart_revenue_by_category_category.0607d31a2e"
[0m10:05:58.042255 [debug] [Thread-1  ]: Using postgres connection "test.ecommerce_analytics.not_null_mart_customer_orders_customer_id.65556082dc"
[0m10:05:58.044470 [debug] [Thread-1  ]: On test.ecommerce_analytics.not_null_mart_customer_orders_customer_id.65556082dc: BEGIN
[0m10:05:58.046243 [debug] [Thread-4  ]: Using postgres connection "test.ecommerce_analytics.not_null_mart_revenue_by_category_category.0607d31a2e"
[0m10:05:58.047570 [debug] [Thread-1  ]: Opening a new connection, currently in state closed
[0m10:05:58.049355 [debug] [Thread-3  ]: Using postgres connection "test.ecommerce_analytics.not_null_mart_daily_sales_order_date.0e908a3de5"
[0m10:05:58.051467 [debug] [Thread-2  ]: Using postgres connection "test.ecommerce_analytics.not_null_mart_customer_orders_total_revenue.2fff1d6d64"
[0m10:05:58.053288 [debug] [Thread-4  ]: On test.ecommerce_analytics.not_null_mart_revenue_by_category_category.0607d31a2e: BEGIN
[0m10:05:58.056080 [debug] [Thread-3  ]: On test.ecommerce_analytics.not_null_mart_daily_sales_order_date.0e908a3de5: BEGIN
[0m10:05:58.058374 [debug] [Thread-2  ]: On test.ecommerce_analytics.not_null_mart_customer_orders_total_revenue.2fff1d6d64: BEGIN
[0m10:05:58.064953 [debug] [Thread-4  ]: Opening a new connection, currently in state init
[0m10:05:58.066959 [debug] [Thread-3  ]: Opening a new connection, currently in state init
[0m10:05:58.069405 [debug] [Thread-2  ]: Opening a new connection, currently in state closed
[0m10:05:58.071238 [debug] [Thread-1  ]: SQL status: BEGIN in 0.0 seconds
[0m10:05:58.076993 [debug] [Thread-1  ]: Using postgres connection "test.ecommerce_analytics.not_null_mart_customer_orders_customer_id.65556082dc"
[0m10:05:58.079063 [debug] [Thread-1  ]: On test.ecommerce_analytics.not_null_mart_customer_orders_customer_id.65556082dc: /* {"app": "dbt", "dbt_version": "1.7.0", "profile_name": "ecommerce_analytics", "target_name": "dev", "node_id": "test.ecommerce_analytics.not_null_mart_customer_orders_customer_id.65556082dc"} */
select
      count(*) as failures,
      count(*) != 0 as should_warn,
      count(*) != 0 as should_error
    from (
      
    
    



select customer_id
from "airflow"."analytics_analytics"."mart_customer_orders"
where customer_id is null



      
    ) dbt_internal_test
[0m10:05:58.082326 [debug] [Thread-1  ]: SQL status: SELECT 1 in 0.0 seconds
[0m10:05:58.088964 [debug] [Thread-1  ]: Timing info for test.ecommerce_analytics.not_null_mart_customer_orders_customer_id.65556082dc (execute): 10:05:57.952393 => 10:05:58.088072
[0m10:05:58.091176 [debug] [Thread-1  ]: On test.ecommerce_analytics.not_null_mart_customer_orders_customer_id.65556082dc: ROLLBACK
[0m10:05:58.093206 [debug] [Thread-4  ]: SQL status: BEGIN in 0.0 seconds
[0m10:05:58.095080 [debug] [Thread-1  ]: On test.ecommerce_analytics.not_null_mart_customer_orders_customer_id.65556082dc: Close
[0m10:05:58.096754 [debug] [Thread-3  ]: SQL status: BEGIN in 0.0 seconds
[0m10:05:58.098077 [debug] [Thread-2  ]: SQL status: BEGIN in 0.0 seconds
[0m10:05:58.099194 [debug] [Thread-4  ]: Using postgres connection "test.ecommerce_analytics.not_null_mart_revenue_by_category_category.0607d31a2e"
[0m10:05:58.103633 [debug] [Thread-3  ]: Using postgres connection "test.ecommerce_analytics.not_null_mart_daily_sales_order_date.0e908a3de5"
[0m10:05:58.102107 [info ] [Thread-1  ]: 1 of 6 PASS not_null_mart_customer_orders_customer_id .......................... [[32mPASS[0m in 0.38s]
[0m10:05:58.106116 [debug] [Thread-2  ]: Using postgres connection "test.ecommerce_analytics.not_null_mart_customer_orders_total_revenue.2fff1d6d64"
[0m10:05:58.107832 [debug] [Thread-4  ]: On test.ecommerce_analytics.not_null_mart_revenue_by_category_category.0607d31a2e: /* {"app": "dbt", "dbt_version": "1.7.0", "profile_name": "ecommerce_analytics", "target_name": "dev", "node_id": "test.ecommerce_analytics.not_null_mart_revenue_by_category_category.0607d31a2e"} */
select
      count(*) as failures,
      count(*) != 0 as should_warn,
      count(*) != 0 as should_error
    from (
      
    
    



select category
from "airflow"."analytics_analytics"."mart_revenue_by_category"
where category is null



      
    ) dbt_internal_test
[0m10:05:58.109650 [debug] [Thread-3  ]: On test.ecommerce_analytics.not_null_mart_daily_sales_order_date.0e908a3de5: /* {"app": "dbt", "dbt_version": "1.7.0", "profile_name": "ecommerce_analytics", "target_name": "dev", "node_id": "test.ecommerce_analytics.not_null_mart_daily_sales_order_date.0e908a3de5"} */
select
      count(*) as failures,
      count(*) != 0 as should_warn,
      count(*) != 0 as should_error
    from (
      
    
    



select order_date
from "airflow"."analytics_analytics"."mart_daily_sales"
where order_date is null



      
    ) dbt_internal_test
[0m10:05:58.111674 [debug] [Thread-1  ]: Finished running node test.ecommerce_analytics.not_null_mart_customer_orders_customer_id.65556082dc
[0m10:05:58.113291 [debug] [Thread-2  ]: On test.ecommerce_analytics.not_null_mart_customer_orders_total_revenue.2fff1d6d64: /* {"app": "dbt", "dbt_version": "1.7.0", "profile_name": "ecommerce_analytics", "target_name": "dev", "node_id": "test.ecommerce_analytics.not_null_mart_customer_orders_total_revenue.2fff1d6d64"} */
select
      count(*) as failures,
      count(*) != 0 as should_warn,
      count(*) != 0 as should_error
    from (
      
    
    



select total_revenue
from "airflow"."analytics_analytics"."mart_customer_orders"
where total_revenue is null



      
    ) dbt_internal_test
[0m10:05:58.117195 [debug] [Thread-4  ]: SQL status: SELECT 1 in 0.0 seconds
[0m10:05:58.119497 [debug] [Thread-1  ]: Began running node test.ecommerce_analytics.unique_mart_customer_orders_customer_id.dd48be91bc
[0m10:05:58.121151 [debug] [Thread-3  ]: SQL status: SELECT 1 in 0.0 seconds
[0m10:05:58.127236 [debug] [Thread-4  ]: Timing info for test.ecommerce_analytics.not_null_mart_revenue_by_category_category.0607d31a2e (execute): 10:05:58.024268 => 10:05:58.126364
[0m10:05:58.129014 [debug] [Thread-2  ]: SQL status: SELECT 1 in 0.0 seconds
[0m10:05:58.130557 [info ] [Thread-1  ]: 5 of 6 START test unique_mart_customer_orders_customer_id ...................... [RUN]
[0m10:05:58.135732 [debug] [Thread-3  ]: Timing info for test.ecommerce_analytics.not_null_mart_daily_sales_order_date.0e908a3de5 (execute): 10:05:57.913361 => 10:05:58.134816
[0m10:05:58.138762 [debug] [Thread-4  ]: On test.ecommerce_analytics.not_null_mart_revenue_by_category_category.0607d31a2e: ROLLBACK
[0m10:05:58.143608 [debug] [Thread-2  ]: Timing info for test.ecommerce_analytics.not_null_mart_customer_orders_total_revenue.2fff1d6d64 (execute): 10:05:58.011292 => 10:05:58.142829
[0m10:05:58.146079 [debug] [Thread-1  ]: Re-using an available connection from the pool (formerly test.ecommerce_analytics.not_null_mart_customer_orders_customer_id.65556082dc, now test.ecommerce_analytics.unique_mart_customer_orders_customer_id.dd48be91bc)
[0m10:05:58.148034 [debug] [Thread-3  ]: On test.ecommerce_analytics.not_null_mart_daily_sales_order_date.0e908a3de5: ROLLBACK
[0m10:05:58.150498 [debug] [Thread-4  ]: On test.ecommerce_analytics.not_null_mart_revenue_by_category_category.0607d31a2e: Close
[0m10:05:58.151940 [debug] [Thread-2  ]: On test.ecommerce_analytics.not_null_mart_customer_orders_total_revenue.2fff1d6d64: ROLLBACK
[0m10:05:58.154987 [debug] [Thread-1  ]: Began compiling node test.ecommerce_analytics.unique_mart_customer_orders_customer_id.dd48be91bc
[0m10:05:58.158014 [debug] [Thread-3  ]: On test.ecommerce_analytics.not_null_mart_daily_sales_order_date.0e908a3de5: Close
[0m10:05:58.161168 [info ] [Thread-4  ]: 4 of 6 PASS not_null_mart_revenue_by_category_category ......................... [[32mPASS[0m in 0.43s]
[0m10:05:58.165353 [debug] [Thread-2  ]: On test.ecommerce_analytics.not_null_mart_customer_orders_total_revenue.2fff1d6d64: Close
[0m10:05:58.183977 [debug] [Thread-1  ]: Writing injected SQL for node "test.ecommerce_analytics.unique_mart_customer_orders_customer_id.dd48be91bc"
[0m10:05:58.188604 [debug] [Thread-4  ]: Finished running node test.ecommerce_analytics.not_null_mart_revenue_by_category_category.0607d31a2e
[0m10:05:58.186903 [info ] [Thread-3  ]: 3 of 6 PASS not_null_mart_daily_sales_order_date ............................... [[32mPASS[0m in 0.46s]
[0m10:05:58.192541 [info ] [Thread-2  ]: 2 of 6 PASS not_null_mart_customer_orders_total_revenue ........................ [[32mPASS[0m in 0.47s]
[0m10:05:58.195675 [debug] [Thread-4  ]: Began running node test.ecommerce_analytics.unique_mart_daily_sales_order_date.f90d005909
[0m10:05:58.198883 [debug] [Thread-3  ]: Finished running node test.ecommerce_analytics.not_null_mart_daily_sales_order_date.0e908a3de5
[0m10:05:58.201822 [debug] [Thread-2  ]: Finished running node test.ecommerce_analytics.not_null_mart_customer_orders_total_revenue.2fff1d6d64
[0m10:05:58.203994 [info ] [Thread-4  ]: 6 of 6 START test unique_mart_daily_sales_order_date ........................... [RUN]
[0m10:05:58.208766 [debug] [Thread-4  ]: Re-using an available connection from the pool (formerly test.ecommerce_analytics.not_null_mart_revenue_by_category_category.0607d31a2e, now test.ecommerce_analytics.unique_mart_daily_sales_order_date.f90d005909)
[0m10:05:58.210977 [debug] [Thread-4  ]: Began compiling node test.ecommerce_analytics.unique_mart_daily_sales_order_date.f90d005909
[0m10:05:58.227583 [debug] [Thread-1  ]: Timing info for test.ecommerce_analytics.unique_mart_customer_orders_customer_id.dd48be91bc (compile): 10:05:58.166277 => 10:05:58.226961
[0m10:05:58.226499 [debug] [Thread-4  ]: Writing injected SQL for node "test.ecommerce_analytics.unique_mart_daily_sales_order_date.f90d005909"
[0m10:05:58.229725 [debug] [Thread-1  ]: Began executing node test.ecommerce_analytics.unique_mart_customer_orders_customer_id.dd48be91bc
[0m10:05:58.243689 [debug] [Thread-1  ]: Writing runtime sql for node "test.ecommerce_analytics.unique_mart_customer_orders_customer_id.dd48be91bc"
[0m10:05:58.256065 [debug] [Thread-4  ]: Timing info for test.ecommerce_analytics.unique_mart_daily_sales_order_date.f90d005909 (compile): 10:05:58.212388 => 10:05:58.255306
[0m10:05:58.257907 [debug] [Thread-4  ]: Began executing node test.ecommerce_analytics.unique_mart_daily_sales_order_date.f90d005909
[0m10:05:58.264472 [debug] [Thread-4  ]: Writing runtime sql for node "test.ecommerce_analytics.unique_mart_daily_sales_order_date.f90d005909"
[0m10:05:58.266761 [debug] [Thread-1  ]: Using postgres connection "test.ecommerce_analytics.unique_mart_customer_orders_customer_id.dd48be91bc"
[0m10:05:58.268766 [debug] [Thread-1  ]: On test.ecommerce_analytics.unique_mart_customer_orders_customer_id.dd48be91bc: BEGIN
[0m10:05:58.270850 [debug] [Thread-1  ]: Opening a new connection, currently in state closed
[0m10:05:58.283616 [debug] [Thread-4  ]: Using postgres connection "test.ecommerce_analytics.unique_mart_daily_sales_order_date.f90d005909"
[0m10:05:58.285900 [debug] [Thread-4  ]: On test.ecommerce_analytics.unique_mart_daily_sales_order_date.f90d005909: BEGIN
[0m10:05:58.287687 [debug] [Thread-4  ]: Opening a new connection, currently in state closed
[0m10:05:58.289699 [debug] [Thread-1  ]: SQL status: BEGIN in 0.0 seconds
[0m10:05:58.292352 [debug] [Thread-1  ]: Using postgres connection "test.ecommerce_analytics.unique_mart_customer_orders_customer_id.dd48be91bc"
[0m10:05:58.294182 [debug] [Thread-1  ]: On test.ecommerce_analytics.unique_mart_customer_orders_customer_id.dd48be91bc: /* {"app": "dbt", "dbt_version": "1.7.0", "profile_name": "ecommerce_analytics", "target_name": "dev", "node_id": "test.ecommerce_analytics.unique_mart_customer_orders_customer_id.dd48be91bc"} */
select
      count(*) as failures,
      count(*) != 0 as should_warn,
      count(*) != 0 as should_error
    from (
      
    
    

select
    customer_id as unique_field,
    count(*) as n_records

from "airflow"."analytics_analytics"."mart_customer_orders"
where customer_id is not null
group by customer_id
having count(*) > 1



      
    ) dbt_internal_test
[0m10:05:58.297971 [debug] [Thread-1  ]: SQL status: SELECT 1 in 0.0 seconds
[0m10:05:58.302513 [debug] [Thread-1  ]: Timing info for test.ecommerce_analytics.unique_mart_customer_orders_customer_id.dd48be91bc (execute): 10:05:58.231841 => 10:05:58.301683
[0m10:05:58.304051 [debug] [Thread-1  ]: On test.ecommerce_analytics.unique_mart_customer_orders_customer_id.dd48be91bc: ROLLBACK
[0m10:05:58.305989 [debug] [Thread-1  ]: On test.ecommerce_analytics.unique_mart_customer_orders_customer_id.dd48be91bc: Close
[0m10:05:58.309463 [info ] [Thread-1  ]: 5 of 6 PASS unique_mart_customer_orders_customer_id ............................ [[32mPASS[0m in 0.16s]
[0m10:05:58.311588 [debug] [Thread-4  ]: SQL status: BEGIN in 0.0 seconds
[0m10:05:58.313271 [debug] [Thread-1  ]: Finished running node test.ecommerce_analytics.unique_mart_customer_orders_customer_id.dd48be91bc
[0m10:05:58.315114 [debug] [Thread-4  ]: Using postgres connection "test.ecommerce_analytics.unique_mart_daily_sales_order_date.f90d005909"
[0m10:05:58.318316 [debug] [Thread-4  ]: On test.ecommerce_analytics.unique_mart_daily_sales_order_date.f90d005909: /* {"app": "dbt", "dbt_version": "1.7.0", "profile_name": "ecommerce_analytics", "target_name": "dev", "node_id": "test.ecommerce_analytics.unique_mart_daily_sales_order_date.f90d005909"} */
select
      count(*) as failures,
      count(*) != 0 as should_warn,
      count(*) != 0 as should_error
    from (
      
    
    

select
    order_date as unique_field,
    count(*) as n_records

from "airflow"."analytics_analytics"."mart_daily_sales"
where order_date is not null
group by order_date
having count(*) > 1



      
    ) dbt_internal_test
[0m10:05:58.323409 [debug] [Thread-4  ]: SQL status: SELECT 1 in 0.0 seconds
[0m10:05:58.327206 [debug] [Thread-4  ]: Timing info for test.ecommerce_analytics.unique_mart_daily_sales_order_date.f90d005909 (execute): 10:05:58.259385 => 10:05:58.326584
[0m10:05:58.328982 [debug] [Thread-4  ]: On test.ecommerce_analytics.unique_mart_daily_sales_order_date.f90d005909: ROLLBACK
[0m10:05:58.331256 [debug] [Thread-4  ]: On test.ecommerce_analytics.unique_mart_daily_sales_order_date.f90d005909: Close
[0m10:05:58.333891 [info ] [Thread-4  ]: 6 of 6 PASS unique_mart_daily_sales_order_date ................................. [[32mPASS[0m in 0.13s]
[0m10:05:58.337197 [debug] [Thread-4  ]: Finished running node test.ecommerce_analytics.unique_mart_daily_sales_order_date.f90d005909
[0m10:05:58.343187 [debug] [MainThread]: Using postgres connection "master"
[0m10:05:58.345391 [debug] [MainThread]: On master: BEGIN
[0m10:05:58.346966 [debug] [MainThread]: Opening a new connection, currently in state closed
[0m10:05:58.363235 [debug] [MainThread]: SQL status: BEGIN in 0.0 seconds
[0m10:05:58.370694 [debug] [MainThread]: On master: COMMIT
[0m10:05:58.376416 [debug] [MainThread]: Using postgres connection "master"
[0m10:05:58.380634 [debug] [MainThread]: On master: COMMIT
[0m10:05:58.382733 [debug] [MainThread]: SQL status: COMMIT in 0.0 seconds
[0m10:05:58.384325 [debug] [MainThread]: On master: Close
[0m10:05:58.386606 [debug] [MainThread]: Connection 'master' was properly closed.
[0m10:05:58.388078 [debug] [MainThread]: Connection 'test.ecommerce_analytics.not_null_mart_customer_orders_total_revenue.2fff1d6d64' was properly closed.
[0m10:05:58.389646 [debug] [MainThread]: Connection 'test.ecommerce_analytics.unique_mart_customer_orders_customer_id.dd48be91bc' was properly closed.
[0m10:05:58.390956 [debug] [MainThread]: Connection 'test.ecommerce_analytics.not_null_mart_daily_sales_order_date.0e908a3de5' was properly closed.
[0m10:05:58.392464 [debug] [MainThread]: Connection 'test.ecommerce_analytics.unique_mart_daily_sales_order_date.f90d005909' was properly closed.
[0m10:05:58.393905 [info ] [MainThread]: 
[0m10:05:58.395539 [info ] [MainThread]: Finished running 6 tests in 0 hours 0 minutes and 0.92 seconds (0.92s).
[0m10:05:58.399365 [debug] [MainThread]: Command end result
[0m10:05:58.445596 [info ] [MainThread]: 
[0m10:05:58.447156 [info ] [MainThread]: [32mCompleted successfully[0m
[0m10:05:58.448794 [info ] [MainThread]: 
[0m10:05:58.450559 [info ] [MainThread]: Done. PASS=6 WARN=0 ERROR=0 SKIP=0 TOTAL=6
[0m10:05:58.453679 [debug] [MainThread]: Resource report: {"command_name": "test", "command_success": true, "command_wall_clock_time": 2.6908858, "process_user_time": 7.017798, "process_kernel_time": 0.609716, "process_mem_max_rss": "124228", "process_in_blocks": "0", "process_out_blocks": "0"}
[0m10:05:58.455648 [debug] [MainThread]: Command `dbt test` succeeded at 10:05:58.455274 after 2.69 seconds
[0m10:05:58.457249 [debug] [MainThread]: Sending event: {'category': 'dbt', 'action': 'invocation', 'label': 'end', 'context': [<snowplow_tracker.self_describing_json.SelfDescribingJson object at 0x7352455da3d0>, <snowplow_tracker.self_describing_json.SelfDescribingJson object at 0x735242c6e130>, <snowplow_tracker.self_describing_json.SelfDescribingJson object at 0x735242958400>]}
[0m10:05:58.458800 [debug] [MainThread]: Flushing usage events
[0m10:06:06.023682 [debug] [MainThread]: Sending event: {'category': 'dbt', 'action': 'invocation', 'label': 'start', 'context': [<snowplow_tracker.self_describing_json.SelfDescribingJson object at 0x721648f70100>, <snowplow_tracker.self_describing_json.SelfDescribingJson object at 0x721646d93a90>, <snowplow_tracker.self_describing_json.SelfDescribingJson object at 0x721646d93730>]}


============================== 10:06:06.034222 | 3aef8304-1371-4fe0-a2ea-0ff41c58be56 ==============================
[0m10:06:06.034222 [info ] [MainThread]: Running with dbt=1.7.0
[0m10:06:06.035554 [debug] [MainThread]: running dbt with arguments {'printer_width': '80', 'indirect_selection': 'eager', 'log_cache_events': 'False', 'write_json': 'True', 'partial_parse': 'True', 'cache_selected_only': 'False', 'profiles_dir': '.', 'version_check': 'True', 'debug': 'False', 'log_path': '/opt/airflow/dbt_project/logs', 'fail_fast': 'False', 'warn_error': 'None', 'use_colors': 'True', 'use_experimental_parser': 'False', 'no_print': 'None', 'quiet': 'False', 'log_format': 'default', 'invocation_command': 'dbt docs generate --profiles-dir .', 'warn_error_options': 'WarnErrorOptions(include=[], exclude=[])', 'introspect': 'True', 'target_path': 'None', 'static_parser': 'True', 'send_anonymous_usage_stats': 'True'}
[0m10:06:06.418712 [debug] [MainThread]: Sending event: {'category': 'dbt', 'action': 'project_id', 'label': '3aef8304-1371-4fe0-a2ea-0ff41c58be56', 'context': [<snowplow_tracker.self_describing_json.SelfDescribingJson object at 0x721646da65b0>]}
[0m10:06:06.563978 [debug] [MainThread]: Sending event: {'category': 'dbt', 'action': 'adapter_info', 'label': '3aef8304-1371-4fe0-a2ea-0ff41c58be56', 'context': [<snowplow_tracker.self_describing_json.SelfDescribingJson object at 0x721646348a00>]}
[0m10:06:06.565755 [info ] [MainThread]: Registered adapter: postgres=1.7.0
[0m10:06:06.589888 [debug] [MainThread]: checksum: 8434eacd4ffdf0ca3ab22bf0e2d55b45306c9599613e842b959405abc489e606, vars: {}, profile: , target: , version: 1.7.0
[0m10:06:06.890711 [debug] [MainThread]: Partial parsing enabled: 0 files deleted, 0 files added, 0 files changed.
[0m10:06:06.891932 [debug] [MainThread]: Partial parsing enabled, no changes found, skipping parsing
[0m10:06:06.901993 [debug] [MainThread]: Sending event: {'category': 'dbt', 'action': 'load_project', 'label': '3aef8304-1371-4fe0-a2ea-0ff41c58be56', 'context': [<snowplow_tracker.self_describing_json.SelfDescribingJson object at 0x721645bf4f10>]}
[0m10:06:06.921644 [debug] [MainThread]: Sending event: {'category': 'dbt', 'action': 'resource_counts', 'label': '3aef8304-1371-4fe0-a2ea-0ff41c58be56', 'context': [<snowplow_tracker.self_describing_json.SelfDescribingJson object at 0x721645ef6d00>]}
[0m10:06:06.922982 [info ] [MainThread]: Found 6 models, 17 tests, 0 sources, 0 exposures, 0 metrics, 401 macros, 0 groups, 0 semantic models
[0m10:06:06.924102 [debug] [MainThread]: Sending event: {'category': 'dbt', 'action': 'runnable_timing', 'label': '3aef8304-1371-4fe0-a2ea-0ff41c58be56', 'context': [<snowplow_tracker.self_describing_json.SelfDescribingJson object at 0x721645ef6e20>]}
[0m10:06:06.928243 [info ] [MainThread]: 
[0m10:06:06.930205 [debug] [MainThread]: Acquiring new postgres connection 'master'
[0m10:06:06.932772 [debug] [ThreadPool]: Acquiring new postgres connection 'list_airflow_analytics_analytics'
[0m10:06:06.934326 [debug] [ThreadPool]: Acquiring new postgres connection 'list_airflow_analytics_staging'
[0m10:06:06.956026 [debug] [ThreadPool]: Using postgres connection "list_airflow_analytics_staging"
[0m10:06:06.963067 [debug] [ThreadPool]: Using postgres connection "list_airflow_analytics_analytics"
[0m10:06:06.963782 [debug] [ThreadPool]: On list_airflow_analytics_staging: BEGIN
[0m10:06:06.964859 [debug] [ThreadPool]: On list_airflow_analytics_analytics: BEGIN
[0m10:06:06.965881 [debug] [ThreadPool]: Opening a new connection, currently in state init
[0m10:06:06.966987 [debug] [ThreadPool]: Opening a new connection, currently in state init
[0m10:06:06.978749 [debug] [ThreadPool]: SQL status: BEGIN in 0.0 seconds
[0m10:06:06.979687 [debug] [ThreadPool]: SQL status: BEGIN in 0.0 seconds
[0m10:06:06.980760 [debug] [ThreadPool]: Using postgres connection "list_airflow_analytics_analytics"
[0m10:06:06.981977 [debug] [ThreadPool]: Using postgres connection "list_airflow_analytics_staging"
[0m10:06:06.983073 [debug] [ThreadPool]: On list_airflow_analytics_analytics: /* {"app": "dbt", "dbt_version": "1.7.0", "profile_name": "ecommerce_analytics", "target_name": "dev", "connection_name": "list_airflow_analytics_analytics"} */
select
      'airflow' as database,
      tablename as name,
      schemaname as schema,
      'table' as type
    from pg_tables
    where schemaname ilike 'analytics_analytics'
    union all
    select
      'airflow' as database,
      viewname as name,
      schemaname as schema,
      'view' as type
    from pg_views
    where schemaname ilike 'analytics_analytics'
    union all
    select
      'airflow' as database,
      matviewname as name,
      schemaname as schema,
      'materialized_view' as type
    from pg_matviews
    where schemaname ilike 'analytics_analytics'
  
[0m10:06:06.984145 [debug] [ThreadPool]: On list_airflow_analytics_staging: /* {"app": "dbt", "dbt_version": "1.7.0", "profile_name": "ecommerce_analytics", "target_name": "dev", "connection_name": "list_airflow_analytics_staging"} */
select
      'airflow' as database,
      tablename as name,
      schemaname as schema,
      'table' as type
    from pg_tables
    where schemaname ilike 'analytics_staging'
    union all
    select
      'airflow' as database,
      viewname as name,
      schemaname as schema,
      'view' as type
    from pg_views
    where schemaname ilike 'analytics_staging'
    union all
    select
      'airflow' as database,
      matviewname as name,
      schemaname as schema,
      'materialized_view' as type
    from pg_matviews
    where schemaname ilike 'analytics_staging'
  
[0m10:06:06.988987 [debug] [ThreadPool]: SQL status: SELECT 3 in 0.0 seconds
[0m10:06:06.989764 [debug] [ThreadPool]: SQL status: SELECT 3 in 0.0 seconds
[0m10:06:06.991907 [debug] [ThreadPool]: On list_airflow_analytics_analytics: ROLLBACK
[0m10:06:06.994574 [debug] [ThreadPool]: On list_airflow_analytics_staging: ROLLBACK
[0m10:06:06.996454 [debug] [ThreadPool]: On list_airflow_analytics_analytics: Close
[0m10:06:06.997650 [debug] [ThreadPool]: On list_airflow_analytics_staging: Close
[0m10:06:07.008346 [debug] [MainThread]: Using postgres connection "master"
[0m10:06:07.009736 [debug] [MainThread]: On master: BEGIN
[0m10:06:07.010978 [debug] [MainThread]: Opening a new connection, currently in state init
[0m10:06:07.022597 [debug] [MainThread]: SQL status: BEGIN in 0.0 seconds
[0m10:06:07.023966 [debug] [MainThread]: Using postgres connection "master"
[0m10:06:07.025261 [debug] [MainThread]: On master: /* {"app": "dbt", "dbt_version": "1.7.0", "profile_name": "ecommerce_analytics", "target_name": "dev", "connection_name": "master"} */
with relation as (
        select
            pg_rewrite.ev_class as class,
            pg_rewrite.oid as id
        from pg_rewrite
    ),
    class as (
        select
            oid as id,
            relname as name,
            relnamespace as schema,
            relkind as kind
        from pg_class
    ),
    dependency as (
        select distinct
            pg_depend.objid as id,
            pg_depend.refobjid as ref
        from pg_depend
    ),
    schema as (
        select
            pg_namespace.oid as id,
            pg_namespace.nspname as name
        from pg_namespace
        where nspname != 'information_schema' and nspname not like 'pg\_%'
    ),
    referenced as (
        select
            relation.id AS id,
            referenced_class.name ,
            referenced_class.schema ,
            referenced_class.kind
        from relation
        join class as referenced_class on relation.class=referenced_class.id
        where referenced_class.kind in ('r', 'v', 'm')
    ),
    relationships as (
        select
            referenced.name as referenced_name,
            referenced.schema as referenced_schema_id,
            dependent_class.name as dependent_name,
            dependent_class.schema as dependent_schema_id,
            referenced.kind as kind
        from referenced
        join dependency on referenced.id=dependency.id
        join class as dependent_class on dependency.ref=dependent_class.id
        where
            (referenced.name != dependent_class.name or
             referenced.schema != dependent_class.schema)
    )

    select
        referenced_schema.name as referenced_schema,
        relationships.referenced_name as referenced_name,
        dependent_schema.name as dependent_schema,
        relationships.dependent_name as dependent_name
    from relationships
    join schema as dependent_schema on relationships.dependent_schema_id=dependent_schema.id
    join schema as referenced_schema on relationships.referenced_schema_id=referenced_schema.id
    group by referenced_schema, referenced_name, dependent_schema, dependent_name
    order by referenced_schema, referenced_name, dependent_schema, dependent_name;
[0m10:06:07.057442 [debug] [MainThread]: SQL status: SELECT 3 in 0.0 seconds
[0m10:06:07.059955 [debug] [MainThread]: Sending event: {'category': 'dbt', 'action': 'runnable_timing', 'label': '3aef8304-1371-4fe0-a2ea-0ff41c58be56', 'context': [<snowplow_tracker.self_describing_json.SelfDescribingJson object at 0x721646692a60>]}
[0m10:06:07.061339 [debug] [MainThread]: On master: ROLLBACK
[0m10:06:07.063139 [debug] [MainThread]: On master: Close
[0m10:06:07.065115 [info ] [MainThread]: Concurrency: 4 threads (target='dev')
[0m10:06:07.066391 [info ] [MainThread]: 
[0m10:06:07.079821 [debug] [Thread-1  ]: Began running node model.ecommerce_analytics.stg_customers
[0m10:06:07.080902 [debug] [Thread-2  ]: Began running node model.ecommerce_analytics.stg_orders
[0m10:06:07.081809 [debug] [Thread-3  ]: Began running node model.ecommerce_analytics.stg_products
[0m10:06:07.082943 [debug] [Thread-1  ]: Re-using an available connection from the pool (formerly list_airflow_analytics_staging, now model.ecommerce_analytics.stg_customers)
[0m10:06:07.084592 [debug] [Thread-2  ]: Re-using an available connection from the pool (formerly list_airflow_analytics_analytics, now model.ecommerce_analytics.stg_orders)
[0m10:06:07.086337 [debug] [Thread-3  ]: Acquiring new postgres connection 'model.ecommerce_analytics.stg_products'
[0m10:06:07.087502 [debug] [Thread-1  ]: Began compiling node model.ecommerce_analytics.stg_customers
[0m10:06:07.088762 [debug] [Thread-2  ]: Began compiling node model.ecommerce_analytics.stg_orders
[0m10:06:07.089988 [debug] [Thread-3  ]: Began compiling node model.ecommerce_analytics.stg_products
[0m10:06:07.101358 [debug] [Thread-1  ]: Writing injected SQL for node "model.ecommerce_analytics.stg_customers"
[0m10:06:07.104314 [debug] [Thread-2  ]: Writing injected SQL for node "model.ecommerce_analytics.stg_orders"
[0m10:06:07.107804 [debug] [Thread-3  ]: Writing injected SQL for node "model.ecommerce_analytics.stg_products"
[0m10:06:07.119241 [debug] [Thread-1  ]: Timing info for model.ecommerce_analytics.stg_customers (compile): 10:06:07.090953 => 10:06:07.118656
[0m10:06:07.120389 [debug] [Thread-2  ]: Timing info for model.ecommerce_analytics.stg_orders (compile): 10:06:07.101954 => 10:06:07.119960
[0m10:06:07.121362 [debug] [Thread-1  ]: Began executing node model.ecommerce_analytics.stg_customers
[0m10:06:07.122568 [debug] [Thread-3  ]: Timing info for model.ecommerce_analytics.stg_products (compile): 10:06:07.105461 => 10:06:07.122114
[0m10:06:07.123388 [debug] [Thread-2  ]: Began executing node model.ecommerce_analytics.stg_orders
[0m10:06:07.124843 [debug] [Thread-1  ]: Timing info for model.ecommerce_analytics.stg_customers (execute): 10:06:07.124323 => 10:06:07.124345
[0m10:06:07.126253 [debug] [Thread-3  ]: Began executing node model.ecommerce_analytics.stg_products
[0m10:06:07.128904 [debug] [Thread-2  ]: Timing info for model.ecommerce_analytics.stg_orders (execute): 10:06:07.128091 => 10:06:07.128140
[0m10:06:07.131765 [debug] [Thread-1  ]: Finished running node model.ecommerce_analytics.stg_customers
[0m10:06:07.133328 [debug] [Thread-3  ]: Timing info for model.ecommerce_analytics.stg_products (execute): 10:06:07.132824 => 10:06:07.132844
[0m10:06:07.135659 [debug] [Thread-2  ]: Finished running node model.ecommerce_analytics.stg_orders
[0m10:06:07.138186 [debug] [Thread-4  ]: Began running node test.ecommerce_analytics.not_null_stg_customers_customer_id.e2cfb1f9aa
[0m10:06:07.140060 [debug] [Thread-3  ]: Finished running node model.ecommerce_analytics.stg_products
[0m10:06:07.140931 [debug] [Thread-1  ]: Began running node test.ecommerce_analytics.not_null_stg_customers_email.d7cf761533
[0m10:06:07.142508 [debug] [Thread-2  ]: Began running node test.ecommerce_analytics.unique_stg_customers_customer_id.c7614daada
[0m10:06:07.145433 [debug] [Thread-4  ]: Acquiring new postgres connection 'test.ecommerce_analytics.not_null_stg_customers_customer_id.e2cfb1f9aa'
[0m10:06:07.147435 [debug] [Thread-3  ]: Began running node test.ecommerce_analytics.unique_stg_customers_email.1ebcb2333e
[0m10:06:07.149341 [debug] [Thread-1  ]: Re-using an available connection from the pool (formerly model.ecommerce_analytics.stg_customers, now test.ecommerce_analytics.not_null_stg_customers_email.d7cf761533)
[0m10:06:07.151180 [debug] [Thread-2  ]: Re-using an available connection from the pool (formerly model.ecommerce_analytics.stg_orders, now test.ecommerce_analytics.unique_stg_customers_customer_id.c7614daada)
[0m10:06:07.152714 [debug] [Thread-4  ]: Began compiling node test.ecommerce_analytics.not_null_stg_customers_customer_id.e2cfb1f9aa
[0m10:06:07.154478 [debug] [Thread-3  ]: Re-using an available connection from the pool (formerly model.ecommerce_analytics.stg_products, now test.ecommerce_analytics.unique_stg_customers_email.1ebcb2333e)
[0m10:06:07.155915 [debug] [Thread-1  ]: Began compiling node test.ecommerce_analytics.not_null_stg_customers_email.d7cf761533
[0m10:06:07.157359 [debug] [Thread-2  ]: Began compiling node test.ecommerce_analytics.unique_stg_customers_customer_id.c7614daada
[0m10:06:07.170498 [debug] [Thread-3  ]: Began compiling node test.ecommerce_analytics.unique_stg_customers_email.1ebcb2333e
[0m10:06:07.181891 [debug] [Thread-4  ]: Writing injected SQL for node "test.ecommerce_analytics.not_null_stg_customers_customer_id.e2cfb1f9aa"
[0m10:06:07.190139 [debug] [Thread-1  ]: Writing injected SQL for node "test.ecommerce_analytics.not_null_stg_customers_email.d7cf761533"
[0m10:06:07.207976 [debug] [Thread-2  ]: Writing injected SQL for node "test.ecommerce_analytics.unique_stg_customers_customer_id.c7614daada"
[0m10:06:07.213316 [debug] [Thread-3  ]: Writing injected SQL for node "test.ecommerce_analytics.unique_stg_customers_email.1ebcb2333e"
[0m10:06:07.225273 [debug] [Thread-2  ]: Timing info for test.ecommerce_analytics.unique_stg_customers_customer_id.c7614daada (compile): 10:06:07.190921 => 10:06:07.224632
[0m10:06:07.226923 [debug] [Thread-2  ]: Began executing node test.ecommerce_analytics.unique_stg_customers_customer_id.c7614daada
[0m10:06:07.229237 [debug] [Thread-2  ]: Timing info for test.ecommerce_analytics.unique_stg_customers_customer_id.c7614daada (execute): 10:06:07.228203 => 10:06:07.228247
[0m10:06:07.230951 [debug] [Thread-1  ]: Timing info for test.ecommerce_analytics.not_null_stg_customers_email.d7cf761533 (compile): 10:06:07.182528 => 10:06:07.230410
[0m10:06:07.232977 [debug] [Thread-2  ]: Finished running node test.ecommerce_analytics.unique_stg_customers_customer_id.c7614daada
[0m10:06:07.234091 [debug] [Thread-3  ]: Timing info for test.ecommerce_analytics.unique_stg_customers_email.1ebcb2333e (compile): 10:06:07.202021 => 10:06:07.233582
[0m10:06:07.235290 [debug] [Thread-4  ]: Timing info for test.ecommerce_analytics.not_null_stg_customers_customer_id.e2cfb1f9aa (compile): 10:06:07.158400 => 10:06:07.234787
[0m10:06:07.236186 [debug] [Thread-1  ]: Began executing node test.ecommerce_analytics.not_null_stg_customers_email.d7cf761533
[0m10:06:07.237849 [debug] [Thread-2  ]: Began running node model.ecommerce_analytics.mart_customer_orders
[0m10:06:07.239294 [debug] [Thread-3  ]: Began executing node test.ecommerce_analytics.unique_stg_customers_email.1ebcb2333e
[0m10:06:07.240854 [debug] [Thread-4  ]: Began executing node test.ecommerce_analytics.not_null_stg_customers_customer_id.e2cfb1f9aa
[0m10:06:07.242532 [debug] [Thread-1  ]: Timing info for test.ecommerce_analytics.not_null_stg_customers_email.d7cf761533 (execute): 10:06:07.241977 => 10:06:07.242002
[0m10:06:07.245356 [debug] [Thread-2  ]: Re-using an available connection from the pool (formerly test.ecommerce_analytics.unique_stg_customers_customer_id.c7614daada, now model.ecommerce_analytics.mart_customer_orders)
[0m10:06:07.247758 [debug] [Thread-3  ]: Timing info for test.ecommerce_analytics.unique_stg_customers_email.1ebcb2333e (execute): 10:06:07.247080 => 10:06:07.247150
[0m10:06:07.249711 [debug] [Thread-4  ]: Timing info for test.ecommerce_analytics.not_null_stg_customers_customer_id.e2cfb1f9aa (execute): 10:06:07.248932 => 10:06:07.248963
[0m10:06:07.253491 [debug] [Thread-1  ]: Finished running node test.ecommerce_analytics.not_null_stg_customers_email.d7cf761533
[0m10:06:07.255480 [debug] [Thread-2  ]: Began compiling node model.ecommerce_analytics.mart_customer_orders
[0m10:06:07.258688 [debug] [Thread-3  ]: Finished running node test.ecommerce_analytics.unique_stg_customers_email.1ebcb2333e
[0m10:06:07.261957 [debug] [Thread-4  ]: Finished running node test.ecommerce_analytics.not_null_stg_customers_customer_id.e2cfb1f9aa
[0m10:06:07.264400 [debug] [Thread-1  ]: Began running node model.ecommerce_analytics.mart_daily_sales
[0m10:06:07.271387 [debug] [Thread-2  ]: Writing injected SQL for node "model.ecommerce_analytics.mart_customer_orders"
[0m10:06:07.272689 [debug] [Thread-3  ]: Began running node test.ecommerce_analytics.accepted_values_stg_orders_status__completed__cancelled__pending.ee383a7b32
[0m10:06:07.274331 [debug] [Thread-4  ]: Began running node test.ecommerce_analytics.not_null_stg_orders_customer_id.af79d5e4b5
[0m10:06:07.276303 [debug] [Thread-1  ]: Re-using an available connection from the pool (formerly test.ecommerce_analytics.not_null_stg_customers_email.d7cf761533, now model.ecommerce_analytics.mart_daily_sales)
[0m10:06:07.280026 [debug] [Thread-3  ]: Re-using an available connection from the pool (formerly test.ecommerce_analytics.unique_stg_customers_email.1ebcb2333e, now test.ecommerce_analytics.accepted_values_stg_orders_status__completed__cancelled__pending.ee383a7b32)
[0m10:06:07.282070 [debug] [Thread-4  ]: Re-using an available connection from the pool (formerly test.ecommerce_analytics.not_null_stg_customers_customer_id.e2cfb1f9aa, now test.ecommerce_analytics.not_null_stg_orders_customer_id.af79d5e4b5)
[0m10:06:07.283630 [debug] [Thread-1  ]: Began compiling node model.ecommerce_analytics.mart_daily_sales
[0m10:06:07.285136 [debug] [Thread-3  ]: Began compiling node test.ecommerce_analytics.accepted_values_stg_orders_status__completed__cancelled__pending.ee383a7b32
[0m10:06:07.286642 [debug] [Thread-4  ]: Began compiling node test.ecommerce_analytics.not_null_stg_orders_customer_id.af79d5e4b5
[0m10:06:07.294870 [debug] [Thread-1  ]: Writing injected SQL for node "model.ecommerce_analytics.mart_daily_sales"
[0m10:06:07.318456 [debug] [Thread-2  ]: Timing info for model.ecommerce_analytics.mart_customer_orders (compile): 10:06:07.265806 => 10:06:07.317851
[0m10:06:07.322628 [debug] [Thread-3  ]: Writing injected SQL for node "test.ecommerce_analytics.accepted_values_stg_orders_status__completed__cancelled__pending.ee383a7b32"
[0m10:06:07.327964 [debug] [Thread-4  ]: Writing injected SQL for node "test.ecommerce_analytics.not_null_stg_orders_customer_id.af79d5e4b5"
[0m10:06:07.330410 [debug] [Thread-2  ]: Began executing node model.ecommerce_analytics.mart_customer_orders
[0m10:06:07.334210 [debug] [Thread-2  ]: Timing info for model.ecommerce_analytics.mart_customer_orders (execute): 10:06:07.333281 => 10:06:07.333317
[0m10:06:07.338005 [debug] [Thread-2  ]: Finished running node model.ecommerce_analytics.mart_customer_orders
[0m10:06:07.343970 [debug] [Thread-2  ]: Began running node test.ecommerce_analytics.not_null_stg_orders_order_id.81cfe2fe64
[0m10:06:07.348406 [debug] [Thread-2  ]: Re-using an available connection from the pool (formerly model.ecommerce_analytics.mart_customer_orders, now test.ecommerce_analytics.not_null_stg_orders_order_id.81cfe2fe64)
[0m10:06:07.350443 [debug] [Thread-1  ]: Timing info for model.ecommerce_analytics.mart_daily_sales (compile): 10:06:07.287843 => 10:06:07.349434
[0m10:06:07.351995 [debug] [Thread-3  ]: Timing info for test.ecommerce_analytics.accepted_values_stg_orders_status__completed__cancelled__pending.ee383a7b32 (compile): 10:06:07.295894 => 10:06:07.351163
[0m10:06:07.353977 [debug] [Thread-2  ]: Began compiling node test.ecommerce_analytics.not_null_stg_orders_order_id.81cfe2fe64
[0m10:06:07.356743 [debug] [Thread-1  ]: Began executing node model.ecommerce_analytics.mart_daily_sales
[0m10:06:07.358810 [debug] [Thread-4  ]: Timing info for test.ecommerce_analytics.not_null_stg_orders_customer_id.af79d5e4b5 (compile): 10:06:07.312707 => 10:06:07.358171
[0m10:06:07.360992 [debug] [Thread-3  ]: Began executing node test.ecommerce_analytics.accepted_values_stg_orders_status__completed__cancelled__pending.ee383a7b32
[0m10:06:07.371654 [debug] [Thread-2  ]: Writing injected SQL for node "test.ecommerce_analytics.not_null_stg_orders_order_id.81cfe2fe64"
[0m10:06:07.373077 [debug] [Thread-1  ]: Timing info for model.ecommerce_analytics.mart_daily_sales (execute): 10:06:07.372386 => 10:06:07.372411
[0m10:06:07.374709 [debug] [Thread-4  ]: Began executing node test.ecommerce_analytics.not_null_stg_orders_customer_id.af79d5e4b5
[0m10:06:07.376372 [debug] [Thread-3  ]: Timing info for test.ecommerce_analytics.accepted_values_stg_orders_status__completed__cancelled__pending.ee383a7b32 (execute): 10:06:07.375780 => 10:06:07.375807
[0m10:06:07.380498 [debug] [Thread-1  ]: Finished running node model.ecommerce_analytics.mart_daily_sales
[0m10:06:07.382761 [debug] [Thread-4  ]: Timing info for test.ecommerce_analytics.not_null_stg_orders_customer_id.af79d5e4b5 (execute): 10:06:07.382127 => 10:06:07.382151
[0m10:06:07.385494 [debug] [Thread-3  ]: Finished running node test.ecommerce_analytics.accepted_values_stg_orders_status__completed__cancelled__pending.ee383a7b32
[0m10:06:07.387519 [debug] [Thread-1  ]: Began running node test.ecommerce_analytics.not_null_stg_orders_product_id.034adb910e
[0m10:06:07.390795 [debug] [Thread-4  ]: Finished running node test.ecommerce_analytics.not_null_stg_orders_customer_id.af79d5e4b5
[0m10:06:07.393136 [debug] [Thread-3  ]: Began running node test.ecommerce_analytics.unique_stg_orders_order_id.e3b841c71a
[0m10:06:07.396167 [debug] [Thread-1  ]: Re-using an available connection from the pool (formerly model.ecommerce_analytics.mart_daily_sales, now test.ecommerce_analytics.not_null_stg_orders_product_id.034adb910e)
[0m10:06:07.398458 [debug] [Thread-4  ]: Began running node model.ecommerce_analytics.mart_revenue_by_category
[0m10:06:07.400843 [debug] [Thread-3  ]: Re-using an available connection from the pool (formerly test.ecommerce_analytics.accepted_values_stg_orders_status__completed__cancelled__pending.ee383a7b32, now test.ecommerce_analytics.unique_stg_orders_order_id.e3b841c71a)
[0m10:06:07.402481 [debug] [Thread-1  ]: Began compiling node test.ecommerce_analytics.not_null_stg_orders_product_id.034adb910e
[0m10:06:07.404458 [debug] [Thread-4  ]: Re-using an available connection from the pool (formerly test.ecommerce_analytics.not_null_stg_orders_customer_id.af79d5e4b5, now model.ecommerce_analytics.mart_revenue_by_category)
[0m10:06:07.405898 [debug] [Thread-2  ]: Timing info for test.ecommerce_analytics.not_null_stg_orders_order_id.81cfe2fe64 (compile): 10:06:07.362540 => 10:06:07.405329
[0m10:06:07.406823 [debug] [Thread-3  ]: Began compiling node test.ecommerce_analytics.unique_stg_orders_order_id.e3b841c71a
[0m10:06:07.419457 [debug] [Thread-4  ]: Began compiling node model.ecommerce_analytics.mart_revenue_by_category
[0m10:06:07.418492 [debug] [Thread-1  ]: Writing injected SQL for node "test.ecommerce_analytics.not_null_stg_orders_product_id.034adb910e"
[0m10:06:07.422476 [debug] [Thread-2  ]: Began executing node test.ecommerce_analytics.not_null_stg_orders_order_id.81cfe2fe64
[0m10:06:07.435845 [debug] [Thread-3  ]: Writing injected SQL for node "test.ecommerce_analytics.unique_stg_orders_order_id.e3b841c71a"
[0m10:06:07.447471 [debug] [Thread-4  ]: Writing injected SQL for node "model.ecommerce_analytics.mart_revenue_by_category"
[0m10:06:07.450057 [debug] [Thread-2  ]: Timing info for test.ecommerce_analytics.not_null_stg_orders_order_id.81cfe2fe64 (execute): 10:06:07.449199 => 10:06:07.449228
[0m10:06:07.454407 [debug] [Thread-2  ]: Finished running node test.ecommerce_analytics.not_null_stg_orders_order_id.81cfe2fe64
[0m10:06:07.456370 [debug] [Thread-2  ]: Began running node test.ecommerce_analytics.not_null_stg_products_product_id.6373b0acf3
[0m10:06:07.458688 [debug] [Thread-2  ]: Re-using an available connection from the pool (formerly test.ecommerce_analytics.not_null_stg_orders_order_id.81cfe2fe64, now test.ecommerce_analytics.not_null_stg_products_product_id.6373b0acf3)
[0m10:06:07.461086 [debug] [Thread-2  ]: Began compiling node test.ecommerce_analytics.not_null_stg_products_product_id.6373b0acf3
[0m10:06:07.462704 [debug] [Thread-3  ]: Timing info for test.ecommerce_analytics.unique_stg_orders_order_id.e3b841c71a (compile): 10:06:07.423663 => 10:06:07.462061
[0m10:06:07.472212 [debug] [Thread-2  ]: Writing injected SQL for node "test.ecommerce_analytics.not_null_stg_products_product_id.6373b0acf3"
[0m10:06:07.473331 [debug] [Thread-3  ]: Began executing node test.ecommerce_analytics.unique_stg_orders_order_id.e3b841c71a
[0m10:06:07.474520 [debug] [Thread-1  ]: Timing info for test.ecommerce_analytics.not_null_stg_orders_product_id.034adb910e (compile): 10:06:07.407885 => 10:06:07.474021
[0m10:06:07.476880 [debug] [Thread-4  ]: Timing info for model.ecommerce_analytics.mart_revenue_by_category (compile): 10:06:07.437264 => 10:06:07.475938
[0m10:06:07.478525 [debug] [Thread-3  ]: Timing info for test.ecommerce_analytics.unique_stg_orders_order_id.e3b841c71a (execute): 10:06:07.477809 => 10:06:07.477842
[0m10:06:07.480168 [debug] [Thread-1  ]: Began executing node test.ecommerce_analytics.not_null_stg_orders_product_id.034adb910e
[0m10:06:07.481992 [debug] [Thread-4  ]: Began executing node model.ecommerce_analytics.mart_revenue_by_category
[0m10:06:07.484800 [debug] [Thread-3  ]: Finished running node test.ecommerce_analytics.unique_stg_orders_order_id.e3b841c71a
[0m10:06:07.486510 [debug] [Thread-1  ]: Timing info for test.ecommerce_analytics.not_null_stg_orders_product_id.034adb910e (execute): 10:06:07.485939 => 10:06:07.485961
[0m10:06:07.488100 [debug] [Thread-4  ]: Timing info for model.ecommerce_analytics.mart_revenue_by_category (execute): 10:06:07.487538 => 10:06:07.487560
[0m10:06:07.489859 [debug] [Thread-3  ]: Began running node test.ecommerce_analytics.unique_stg_products_product_id.7d950a1467
[0m10:06:07.493061 [debug] [Thread-1  ]: Finished running node test.ecommerce_analytics.not_null_stg_orders_product_id.034adb910e
[0m10:06:07.494671 [debug] [Thread-2  ]: Timing info for test.ecommerce_analytics.not_null_stg_products_product_id.6373b0acf3 (compile): 10:06:07.463511 => 10:06:07.494002
[0m10:06:07.497010 [debug] [Thread-4  ]: Finished running node model.ecommerce_analytics.mart_revenue_by_category
[0m10:06:07.499060 [debug] [Thread-3  ]: Re-using an available connection from the pool (formerly test.ecommerce_analytics.unique_stg_orders_order_id.e3b841c71a, now test.ecommerce_analytics.unique_stg_products_product_id.7d950a1467)
[0m10:06:07.500875 [debug] [Thread-1  ]: Began running node test.ecommerce_analytics.not_null_mart_customer_orders_customer_id.65556082dc
[0m10:06:07.502322 [debug] [Thread-2  ]: Began executing node test.ecommerce_analytics.not_null_stg_products_product_id.6373b0acf3
[0m10:06:07.503821 [debug] [Thread-4  ]: Began running node test.ecommerce_analytics.not_null_mart_customer_orders_total_revenue.2fff1d6d64
[0m10:06:07.505303 [debug] [Thread-3  ]: Began compiling node test.ecommerce_analytics.unique_stg_products_product_id.7d950a1467
[0m10:06:07.507215 [debug] [Thread-1  ]: Re-using an available connection from the pool (formerly test.ecommerce_analytics.not_null_stg_orders_product_id.034adb910e, now test.ecommerce_analytics.not_null_mart_customer_orders_customer_id.65556082dc)
[0m10:06:07.509020 [debug] [Thread-2  ]: Timing info for test.ecommerce_analytics.not_null_stg_products_product_id.6373b0acf3 (execute): 10:06:07.508219 => 10:06:07.508240
[0m10:06:07.511011 [debug] [Thread-4  ]: Re-using an available connection from the pool (formerly model.ecommerce_analytics.mart_revenue_by_category, now test.ecommerce_analytics.not_null_mart_customer_orders_total_revenue.2fff1d6d64)
[0m10:06:07.520919 [debug] [Thread-3  ]: Writing injected SQL for node "test.ecommerce_analytics.unique_stg_products_product_id.7d950a1467"
[0m10:06:07.521957 [debug] [Thread-1  ]: Began compiling node test.ecommerce_analytics.not_null_mart_customer_orders_customer_id.65556082dc
[0m10:06:07.524293 [debug] [Thread-2  ]: Finished running node test.ecommerce_analytics.not_null_stg_products_product_id.6373b0acf3
[0m10:06:07.525973 [debug] [Thread-4  ]: Began compiling node test.ecommerce_analytics.not_null_mart_customer_orders_total_revenue.2fff1d6d64
[0m10:06:07.539859 [debug] [Thread-2  ]: Began running node test.ecommerce_analytics.unique_mart_customer_orders_customer_id.dd48be91bc
[0m10:06:07.541015 [debug] [Thread-1  ]: Writing injected SQL for node "test.ecommerce_analytics.not_null_mart_customer_orders_customer_id.65556082dc"
[0m10:06:07.549091 [debug] [Thread-3  ]: Timing info for test.ecommerce_analytics.unique_stg_products_product_id.7d950a1467 (compile): 10:06:07.512197 => 10:06:07.548271
[0m10:06:07.553657 [debug] [Thread-4  ]: Writing injected SQL for node "test.ecommerce_analytics.not_null_mart_customer_orders_total_revenue.2fff1d6d64"
[0m10:06:07.555416 [debug] [Thread-2  ]: Re-using an available connection from the pool (formerly test.ecommerce_analytics.not_null_stg_products_product_id.6373b0acf3, now test.ecommerce_analytics.unique_mart_customer_orders_customer_id.dd48be91bc)
[0m10:06:07.557577 [debug] [Thread-3  ]: Began executing node test.ecommerce_analytics.unique_stg_products_product_id.7d950a1467
[0m10:06:07.559967 [debug] [Thread-2  ]: Began compiling node test.ecommerce_analytics.unique_mart_customer_orders_customer_id.dd48be91bc
[0m10:06:07.562883 [debug] [Thread-3  ]: Timing info for test.ecommerce_analytics.unique_stg_products_product_id.7d950a1467 (execute): 10:06:07.561605 => 10:06:07.561695
[0m10:06:07.577346 [debug] [Thread-2  ]: Writing injected SQL for node "test.ecommerce_analytics.unique_mart_customer_orders_customer_id.dd48be91bc"
[0m10:06:07.581540 [debug] [Thread-3  ]: Finished running node test.ecommerce_analytics.unique_stg_products_product_id.7d950a1467
[0m10:06:07.584130 [debug] [Thread-1  ]: Timing info for test.ecommerce_analytics.not_null_mart_customer_orders_customer_id.65556082dc (compile): 10:06:07.527784 => 10:06:07.583371
[0m10:06:07.585945 [debug] [Thread-3  ]: Began running node test.ecommerce_analytics.not_null_mart_daily_sales_order_date.0e908a3de5
[0m10:06:07.587684 [debug] [Thread-1  ]: Began executing node test.ecommerce_analytics.not_null_mart_customer_orders_customer_id.65556082dc
[0m10:06:07.590253 [debug] [Thread-3  ]: Re-using an available connection from the pool (formerly test.ecommerce_analytics.unique_stg_products_product_id.7d950a1467, now test.ecommerce_analytics.not_null_mart_daily_sales_order_date.0e908a3de5)
[0m10:06:07.592736 [debug] [Thread-4  ]: Timing info for test.ecommerce_analytics.not_null_mart_customer_orders_total_revenue.2fff1d6d64 (compile): 10:06:07.542799 => 10:06:07.591586
[0m10:06:07.594645 [debug] [Thread-1  ]: Timing info for test.ecommerce_analytics.not_null_mart_customer_orders_customer_id.65556082dc (execute): 10:06:07.593674 => 10:06:07.593719
[0m10:06:07.597331 [debug] [Thread-3  ]: Began compiling node test.ecommerce_analytics.not_null_mart_daily_sales_order_date.0e908a3de5
[0m10:06:07.599310 [debug] [Thread-4  ]: Began executing node test.ecommerce_analytics.not_null_mart_customer_orders_total_revenue.2fff1d6d64
[0m10:06:07.601268 [debug] [Thread-2  ]: Timing info for test.ecommerce_analytics.unique_mart_customer_orders_customer_id.dd48be91bc (compile): 10:06:07.564750 => 10:06:07.600612
[0m10:06:07.603169 [debug] [Thread-1  ]: Finished running node test.ecommerce_analytics.not_null_mart_customer_orders_customer_id.65556082dc
[0m10:06:07.616023 [debug] [Thread-4  ]: Timing info for test.ecommerce_analytics.not_null_mart_customer_orders_total_revenue.2fff1d6d64 (execute): 10:06:07.615277 => 10:06:07.615322
[0m10:06:07.614281 [debug] [Thread-3  ]: Writing injected SQL for node "test.ecommerce_analytics.not_null_mart_daily_sales_order_date.0e908a3de5"
[0m10:06:07.617897 [debug] [Thread-2  ]: Began executing node test.ecommerce_analytics.unique_mart_customer_orders_customer_id.dd48be91bc
[0m10:06:07.619786 [debug] [Thread-1  ]: Began running node test.ecommerce_analytics.unique_mart_daily_sales_order_date.f90d005909
[0m10:06:07.622968 [debug] [Thread-4  ]: Finished running node test.ecommerce_analytics.not_null_mart_customer_orders_total_revenue.2fff1d6d64
[0m10:06:07.625610 [debug] [Thread-2  ]: Timing info for test.ecommerce_analytics.unique_mart_customer_orders_customer_id.dd48be91bc (execute): 10:06:07.624760 => 10:06:07.624791
[0m10:06:07.628226 [debug] [Thread-1  ]: Re-using an available connection from the pool (formerly test.ecommerce_analytics.not_null_mart_customer_orders_customer_id.65556082dc, now test.ecommerce_analytics.unique_mart_daily_sales_order_date.f90d005909)
[0m10:06:07.631160 [debug] [Thread-4  ]: Began running node test.ecommerce_analytics.not_null_mart_revenue_by_category_category.0607d31a2e
[0m10:06:07.634077 [debug] [Thread-2  ]: Finished running node test.ecommerce_analytics.unique_mart_customer_orders_customer_id.dd48be91bc
[0m10:06:07.635825 [debug] [Thread-1  ]: Began compiling node test.ecommerce_analytics.unique_mart_daily_sales_order_date.f90d005909
[0m10:06:07.638414 [debug] [Thread-4  ]: Re-using an available connection from the pool (formerly test.ecommerce_analytics.not_null_mart_customer_orders_total_revenue.2fff1d6d64, now test.ecommerce_analytics.not_null_mart_revenue_by_category_category.0607d31a2e)
[0m10:06:07.653170 [debug] [Thread-3  ]: Timing info for test.ecommerce_analytics.not_null_mart_daily_sales_order_date.0e908a3de5 (compile): 10:06:07.604167 => 10:06:07.652126
[0m10:06:07.655739 [debug] [Thread-1  ]: Writing injected SQL for node "test.ecommerce_analytics.unique_mart_daily_sales_order_date.f90d005909"
[0m10:06:07.657057 [debug] [Thread-4  ]: Began compiling node test.ecommerce_analytics.not_null_mart_revenue_by_category_category.0607d31a2e
[0m10:06:07.658876 [debug] [Thread-3  ]: Began executing node test.ecommerce_analytics.not_null_mart_daily_sales_order_date.0e908a3de5
[0m10:06:07.673564 [debug] [Thread-3  ]: Timing info for test.ecommerce_analytics.not_null_mart_daily_sales_order_date.0e908a3de5 (execute): 10:06:07.672308 => 10:06:07.672378
[0m10:06:07.674962 [debug] [Thread-4  ]: Writing injected SQL for node "test.ecommerce_analytics.not_null_mart_revenue_by_category_category.0607d31a2e"
[0m10:06:07.678323 [debug] [Thread-3  ]: Finished running node test.ecommerce_analytics.not_null_mart_daily_sales_order_date.0e908a3de5
[0m10:06:07.687203 [debug] [Thread-1  ]: Timing info for test.ecommerce_analytics.unique_mart_daily_sales_order_date.f90d005909 (compile): 10:06:07.640775 => 10:06:07.686185
[0m10:06:07.689440 [debug] [Thread-4  ]: Timing info for test.ecommerce_analytics.not_null_mart_revenue_by_category_category.0607d31a2e (compile): 10:06:07.661237 => 10:06:07.688417
[0m10:06:07.691038 [debug] [Thread-1  ]: Began executing node test.ecommerce_analytics.unique_mart_daily_sales_order_date.f90d005909
[0m10:06:07.693576 [debug] [Thread-4  ]: Began executing node test.ecommerce_analytics.not_null_mart_revenue_by_category_category.0607d31a2e
[0m10:06:07.696492 [debug] [Thread-1  ]: Timing info for test.ecommerce_analytics.unique_mart_daily_sales_order_date.f90d005909 (execute): 10:06:07.695506 => 10:06:07.695554
[0m10:06:07.699062 [debug] [Thread-4  ]: Timing info for test.ecommerce_analytics.not_null_mart_revenue_by_category_category.0607d31a2e (execute): 10:06:07.698249 => 10:06:07.698281
[0m10:06:07.702098 [debug] [Thread-1  ]: Finished running node test.ecommerce_analytics.unique_mart_daily_sales_order_date.f90d005909
[0m10:06:07.705203 [debug] [Thread-4  ]: Finished running node test.ecommerce_analytics.not_null_mart_revenue_by_category_category.0607d31a2e
[0m10:06:07.710794 [debug] [MainThread]: Connection 'master' was properly closed.
[0m10:06:07.712215 [debug] [MainThread]: Connection 'test.ecommerce_analytics.unique_mart_customer_orders_customer_id.dd48be91bc' was properly closed.
[0m10:06:07.713815 [debug] [MainThread]: Connection 'test.ecommerce_analytics.unique_mart_daily_sales_order_date.f90d005909' was properly closed.
[0m10:06:07.715046 [debug] [MainThread]: Connection 'test.ecommerce_analytics.not_null_mart_daily_sales_order_date.0e908a3de5' was properly closed.
[0m10:06:07.716181 [debug] [MainThread]: Connection 'test.ecommerce_analytics.not_null_mart_revenue_by_category_category.0607d31a2e' was properly closed.
[0m10:06:07.724202 [debug] [MainThread]: Command end result
[0m10:06:07.836421 [debug] [MainThread]: Acquiring new postgres connection 'generate_catalog'
[0m10:06:07.838223 [info ] [MainThread]: Building catalog
[0m10:06:07.849810 [debug] [ThreadPool]: Acquiring new postgres connection 'airflow.information_schema'
[0m10:06:07.889874 [debug] [ThreadPool]: Using postgres connection "airflow.information_schema"
[0m10:06:07.892144 [debug] [ThreadPool]: On airflow.information_schema: BEGIN
[0m10:06:07.895965 [debug] [ThreadPool]: Opening a new connection, currently in state init
[0m10:06:07.923259 [debug] [ThreadPool]: SQL status: BEGIN in 0.0 seconds
[0m10:06:07.930379 [debug] [ThreadPool]: Using postgres connection "airflow.information_schema"
[0m10:06:07.934849 [debug] [ThreadPool]: On airflow.information_schema: /* {"app": "dbt", "dbt_version": "1.7.0", "profile_name": "ecommerce_analytics", "target_name": "dev", "connection_name": "airflow.information_schema"} */

    
    

    select
        'airflow' as table_database,
        sch.nspname as table_schema,
        tbl.relname as table_name,
        case tbl.relkind
            when 'v' then 'VIEW'
            when 'm' then 'MATERIALIZED VIEW'
            else 'BASE TABLE'
        end as table_type,
        tbl_desc.description as table_comment,
        col.attname as column_name,
        col.attnum as column_index,
        pg_catalog.format_type(col.atttypid, col.atttypmod) as column_type,
        col_desc.description as column_comment,
        pg_get_userbyid(tbl.relowner) as table_owner

    from pg_catalog.pg_namespace sch
    join pg_catalog.pg_class tbl on tbl.relnamespace = sch.oid
    join pg_catalog.pg_attribute col on col.attrelid = tbl.oid
    left outer join pg_catalog.pg_description tbl_desc on (tbl_desc.objoid = tbl.oid and tbl_desc.objsubid = 0)
    left outer join pg_catalog.pg_description col_desc on (col_desc.objoid = tbl.oid and col_desc.objsubid = col.attnum)
    where ((upper(sch.nspname) = upper('analytics_staging') and
           upper(tbl.relname) = upper('stg_products')) or (upper(sch.nspname) = upper('analytics_analytics') and
           upper(tbl.relname) = upper('mart_customer_orders')) or (upper(sch.nspname) = upper('analytics_analytics') and
           upper(tbl.relname) = upper('mart_daily_sales')) or (upper(sch.nspname) = upper('analytics_staging') and
           upper(tbl.relname) = upper('stg_customers')) or (upper(sch.nspname) = upper('analytics_staging') and
           upper(tbl.relname) = upper('stg_orders')) or (upper(sch.nspname) = upper('analytics_analytics') and
           upper(tbl.relname) = upper('mart_revenue_by_category')))
      and not pg_is_other_temp_schema(sch.oid) -- not a temporary schema belonging to another session
      and tbl.relpersistence in ('p', 'u') -- [p]ermanent table or [u]nlogged table. Exclude [t]emporary tables
      and tbl.relkind in ('r', 'v', 'f', 'p', 'm') -- o[r]dinary table, [v]iew, [f]oreign table, [p]artitioned table, [m]aterialized view. Other values are [i]ndex, [S]equence, [c]omposite type, [t]OAST table
      and col.attnum > 0 -- negative numbers are used for system columns such as oid
      and not col.attisdropped -- column as not been dropped

    order by
        sch.nspname,
        tbl.relname,
        col.attnum
[0m10:06:07.954382 [debug] [ThreadPool]: SQL status: SELECT 57 in 0.0 seconds
[0m10:06:07.981733 [debug] [ThreadPool]: On airflow.information_schema: ROLLBACK
[0m10:06:07.983569 [debug] [ThreadPool]: On airflow.information_schema: Close
[0m10:06:08.053273 [info ] [MainThread]: Catalog written to /opt/airflow/dbt_project/target/catalog.json
[0m10:06:08.057036 [debug] [MainThread]: Resource report: {"command_name": "generate", "command_success": true, "command_wall_clock_time": 2.118422, "process_user_time": 5.1261, "process_kernel_time": 0.362981, "process_mem_max_rss": "123844", "process_in_blocks": "2944", "process_out_blocks": "0"}
[0m10:06:08.059702 [debug] [MainThread]: Command `dbt docs generate` succeeded at 10:06:08.059165 after 2.12 seconds
[0m10:06:08.061505 [debug] [MainThread]: Connection 'generate_catalog' was properly closed.
[0m10:06:08.063639 [debug] [MainThread]: Connection 'airflow.information_schema' was properly closed.
[0m10:06:08.065185 [debug] [MainThread]: Sending event: {'category': 'dbt', 'action': 'invocation', 'label': 'end', 'context': [<snowplow_tracker.self_describing_json.SelfDescribingJson object at 0x721648f70100>, <snowplow_tracker.self_describing_json.SelfDescribingJson object at 0x721647942af0>, <snowplow_tracker.self_describing_json.SelfDescribingJson object at 0x721646da65b0>]}
[0m10:06:08.066739 [debug] [MainThread]: Flushing usage events
