[2026-04-23T05:26:54.005+0000] {processor.py:161} INFO - Started process (PID=3234) to work on /opt/airflow/dags/ecommerce_pipeline.py
[2026-04-23T05:26:54.018+0000] {processor.py:830} INFO - Processing file /opt/airflow/dags/ecommerce_pipeline.py for tasks to queue
[2026-04-23T05:26:54.030+0000] {logging_mixin.py:188} INFO - [2026-04-23T05:26:54.029+0000] {dagbag.py:538} INFO - Filling up the DagBag from /opt/airflow/dags/ecommerce_pipeline.py
[2026-04-23T05:26:57.622+0000] {processor.py:840} INFO - DAG(s) 'ecommerce_analytics_pipeline' retrieved from /opt/airflow/dags/ecommerce_pipeline.py
[2026-04-23T05:26:58.943+0000] {logging_mixin.py:188} INFO - [2026-04-23T05:26:58.942+0000] {dag.py:3036} INFO - Sync 1 DAGs
[2026-04-23T05:27:00.695+0000] {logging_mixin.py:188} INFO - [2026-04-23T05:27:00.694+0000] {dag.py:3823} INFO - Setting next_dagrun for ecommerce_analytics_pipeline to 2026-04-23 00:00:00+00:00, run_after=2026-04-24 00:00:00+00:00
[2026-04-23T05:27:01.246+0000] {processor.py:183} INFO - Processing /opt/airflow/dags/ecommerce_pipeline.py took 7.264 seconds
[2026-04-23T05:27:33.274+0000] {processor.py:161} INFO - Started process (PID=3445) to work on /opt/airflow/dags/ecommerce_pipeline.py
[2026-04-23T05:27:33.291+0000] {processor.py:830} INFO - Processing file /opt/airflow/dags/ecommerce_pipeline.py for tasks to queue
[2026-04-23T05:27:33.406+0000] {logging_mixin.py:188} INFO - [2026-04-23T05:27:33.388+0000] {dagbag.py:538} INFO - Filling up the DagBag from /opt/airflow/dags/ecommerce_pipeline.py
[2026-04-23T05:27:34.375+0000] {processor.py:840} INFO - DAG(s) 'ecommerce_analytics_pipeline' retrieved from /opt/airflow/dags/ecommerce_pipeline.py
[2026-04-23T05:27:34.872+0000] {logging_mixin.py:188} INFO - [2026-04-23T05:27:34.871+0000] {dag.py:3036} INFO - Sync 1 DAGs
[2026-04-23T05:27:35.268+0000] {logging_mixin.py:188} INFO - [2026-04-23T05:27:35.267+0000] {dag.py:3823} INFO - Setting next_dagrun for ecommerce_analytics_pipeline to 2026-04-23 00:00:00+00:00, run_after=2026-04-24 00:00:00+00:00
[2026-04-23T05:27:35.580+0000] {processor.py:183} INFO - Processing /opt/airflow/dags/ecommerce_pipeline.py took 2.619 seconds
[2026-04-23T05:28:06.285+0000] {processor.py:161} INFO - Started process (PID=3725) to work on /opt/airflow/dags/ecommerce_pipeline.py
[2026-04-23T05:28:06.298+0000] {processor.py:830} INFO - Processing file /opt/airflow/dags/ecommerce_pipeline.py for tasks to queue
[2026-04-23T05:28:06.313+0000] {logging_mixin.py:188} INFO - [2026-04-23T05:28:06.311+0000] {dagbag.py:538} INFO - Filling up the DagBag from /opt/airflow/dags/ecommerce_pipeline.py
[2026-04-23T05:28:06.523+0000] {processor.py:840} INFO - DAG(s) 'ecommerce_analytics_pipeline' retrieved from /opt/airflow/dags/ecommerce_pipeline.py
[2026-04-23T05:28:06.747+0000] {logging_mixin.py:188} INFO - [2026-04-23T05:28:06.746+0000] {dag.py:3036} INFO - Sync 1 DAGs
[2026-04-23T05:28:06.914+0000] {logging_mixin.py:188} INFO - [2026-04-23T05:28:06.913+0000] {dag.py:3823} INFO - Setting next_dagrun for ecommerce_analytics_pipeline to 2026-04-23 00:00:00+00:00, run_after=2026-04-24 00:00:00+00:00
[2026-04-23T05:28:07.070+0000] {processor.py:183} INFO - Processing /opt/airflow/dags/ecommerce_pipeline.py took 0.821 seconds
[2026-04-23T05:28:39.935+0000] {processor.py:161} INFO - Started process (PID=3937) to work on /opt/airflow/dags/ecommerce_pipeline.py
[2026-04-23T05:28:39.947+0000] {processor.py:830} INFO - Processing file /opt/airflow/dags/ecommerce_pipeline.py for tasks to queue
[2026-04-23T05:28:39.959+0000] {logging_mixin.py:188} INFO - [2026-04-23T05:28:39.955+0000] {dagbag.py:538} INFO - Filling up the DagBag from /opt/airflow/dags/ecommerce_pipeline.py
[2026-04-23T05:28:40.555+0000] {processor.py:840} INFO - DAG(s) 'ecommerce_analytics_pipeline' retrieved from /opt/airflow/dags/ecommerce_pipeline.py
[2026-04-23T05:28:41.177+0000] {logging_mixin.py:188} INFO - [2026-04-23T05:28:41.176+0000] {dag.py:3036} INFO - Sync 1 DAGs
[2026-04-23T05:28:41.631+0000] {logging_mixin.py:188} INFO - [2026-04-23T05:28:41.627+0000] {dag.py:3823} INFO - Setting next_dagrun for ecommerce_analytics_pipeline to 2026-04-23 00:00:00+00:00, run_after=2026-04-24 00:00:00+00:00
[2026-04-23T05:28:41.888+0000] {processor.py:183} INFO - Processing /opt/airflow/dags/ecommerce_pipeline.py took 2.077 seconds
[2026-04-23T05:29:12.423+0000] {processor.py:161} INFO - Started process (PID=4148) to work on /opt/airflow/dags/ecommerce_pipeline.py
[2026-04-23T05:29:12.438+0000] {processor.py:830} INFO - Processing file /opt/airflow/dags/ecommerce_pipeline.py for tasks to queue
[2026-04-23T05:29:12.445+0000] {logging_mixin.py:188} INFO - [2026-04-23T05:29:12.443+0000] {dagbag.py:538} INFO - Filling up the DagBag from /opt/airflow/dags/ecommerce_pipeline.py
[2026-04-23T05:29:12.672+0000] {processor.py:840} INFO - DAG(s) 'ecommerce_analytics_pipeline' retrieved from /opt/airflow/dags/ecommerce_pipeline.py
[2026-04-23T05:29:12.925+0000] {logging_mixin.py:188} INFO - [2026-04-23T05:29:12.925+0000] {dag.py:3036} INFO - Sync 1 DAGs
[2026-04-23T05:29:13.028+0000] {logging_mixin.py:188} INFO - [2026-04-23T05:29:13.027+0000] {dag.py:3823} INFO - Setting next_dagrun for ecommerce_analytics_pipeline to 2026-04-23 00:00:00+00:00, run_after=2026-04-24 00:00:00+00:00
[2026-04-23T05:29:13.089+0000] {processor.py:183} INFO - Processing /opt/airflow/dags/ecommerce_pipeline.py took 0.759 seconds
[2026-04-23T05:29:43.239+0000] {processor.py:161} INFO - Started process (PID=4153) to work on /opt/airflow/dags/ecommerce_pipeline.py
[2026-04-23T05:29:43.245+0000] {processor.py:830} INFO - Processing file /opt/airflow/dags/ecommerce_pipeline.py for tasks to queue
[2026-04-23T05:29:43.250+0000] {logging_mixin.py:188} INFO - [2026-04-23T05:29:43.248+0000] {dagbag.py:538} INFO - Filling up the DagBag from /opt/airflow/dags/ecommerce_pipeline.py
[2026-04-23T05:29:43.360+0000] {processor.py:840} INFO - DAG(s) 'ecommerce_analytics_pipeline' retrieved from /opt/airflow/dags/ecommerce_pipeline.py
[2026-04-23T05:29:43.485+0000] {logging_mixin.py:188} INFO - [2026-04-23T05:29:43.485+0000] {dag.py:3036} INFO - Sync 1 DAGs
[2026-04-23T05:29:43.569+0000] {logging_mixin.py:188} INFO - [2026-04-23T05:29:43.569+0000] {dag.py:3823} INFO - Setting next_dagrun for ecommerce_analytics_pipeline to 2026-04-23 00:00:00+00:00, run_after=2026-04-24 00:00:00+00:00
[2026-04-23T05:29:43.625+0000] {processor.py:183} INFO - Processing /opt/airflow/dags/ecommerce_pipeline.py took 0.405 seconds
[2026-04-23T05:30:13.940+0000] {processor.py:161} INFO - Started process (PID=4158) to work on /opt/airflow/dags/ecommerce_pipeline.py
[2026-04-23T05:30:13.958+0000] {processor.py:830} INFO - Processing file /opt/airflow/dags/ecommerce_pipeline.py for tasks to queue
[2026-04-23T05:30:13.972+0000] {logging_mixin.py:188} INFO - [2026-04-23T05:30:13.968+0000] {dagbag.py:538} INFO - Filling up the DagBag from /opt/airflow/dags/ecommerce_pipeline.py
[2026-04-23T05:30:14.287+0000] {processor.py:840} INFO - DAG(s) 'ecommerce_analytics_pipeline' retrieved from /opt/airflow/dags/ecommerce_pipeline.py
[2026-04-23T05:30:14.463+0000] {logging_mixin.py:188} INFO - [2026-04-23T05:30:14.463+0000] {dag.py:3036} INFO - Sync 1 DAGs
[2026-04-23T05:30:14.636+0000] {logging_mixin.py:188} INFO - [2026-04-23T05:30:14.635+0000] {dag.py:3823} INFO - Setting next_dagrun for ecommerce_analytics_pipeline to 2026-04-23 00:00:00+00:00, run_after=2026-04-24 00:00:00+00:00
[2026-04-23T05:30:14.721+0000] {processor.py:183} INFO - Processing /opt/airflow/dags/ecommerce_pipeline.py took 0.847 seconds
[2026-04-23T05:30:45.156+0000] {processor.py:161} INFO - Started process (PID=4163) to work on /opt/airflow/dags/ecommerce_pipeline.py
[2026-04-23T05:30:45.160+0000] {processor.py:830} INFO - Processing file /opt/airflow/dags/ecommerce_pipeline.py for tasks to queue
[2026-04-23T05:30:45.165+0000] {logging_mixin.py:188} INFO - [2026-04-23T05:30:45.163+0000] {dagbag.py:538} INFO - Filling up the DagBag from /opt/airflow/dags/ecommerce_pipeline.py
[2026-04-23T05:30:45.237+0000] {processor.py:840} INFO - DAG(s) 'ecommerce_analytics_pipeline' retrieved from /opt/airflow/dags/ecommerce_pipeline.py
[2026-04-23T05:30:45.344+0000] {logging_mixin.py:188} INFO - [2026-04-23T05:30:45.343+0000] {dag.py:3036} INFO - Sync 1 DAGs
[2026-04-23T05:30:45.497+0000] {logging_mixin.py:188} INFO - [2026-04-23T05:30:45.496+0000] {dag.py:3823} INFO - Setting next_dagrun for ecommerce_analytics_pipeline to 2026-04-23 00:00:00+00:00, run_after=2026-04-24 00:00:00+00:00
[2026-04-23T05:30:45.595+0000] {processor.py:183} INFO - Processing /opt/airflow/dags/ecommerce_pipeline.py took 0.453 seconds
[2026-04-23T05:31:16.358+0000] {processor.py:161} INFO - Started process (PID=4581) to work on /opt/airflow/dags/ecommerce_pipeline.py
[2026-04-23T05:31:16.362+0000] {processor.py:830} INFO - Processing file /opt/airflow/dags/ecommerce_pipeline.py for tasks to queue
[2026-04-23T05:31:16.367+0000] {logging_mixin.py:188} INFO - [2026-04-23T05:31:16.366+0000] {dagbag.py:538} INFO - Filling up the DagBag from /opt/airflow/dags/ecommerce_pipeline.py
[2026-04-23T05:31:16.509+0000] {processor.py:840} INFO - DAG(s) 'ecommerce_analytics_pipeline' retrieved from /opt/airflow/dags/ecommerce_pipeline.py
[2026-04-23T05:31:16.878+0000] {logging_mixin.py:188} INFO - [2026-04-23T05:31:16.878+0000] {dag.py:3036} INFO - Sync 1 DAGs
[2026-04-23T05:31:16.994+0000] {logging_mixin.py:188} INFO - [2026-04-23T05:31:16.992+0000] {dag.py:3823} INFO - Setting next_dagrun for ecommerce_analytics_pipeline to 2026-04-23 00:00:00+00:00, run_after=2026-04-24 00:00:00+00:00
[2026-04-23T05:31:17.073+0000] {processor.py:183} INFO - Processing /opt/airflow/dags/ecommerce_pipeline.py took 0.739 seconds
[2026-04-23T05:31:47.864+0000] {processor.py:161} INFO - Started process (PID=5073) to work on /opt/airflow/dags/ecommerce_pipeline.py
[2026-04-23T05:31:47.869+0000] {processor.py:830} INFO - Processing file /opt/airflow/dags/ecommerce_pipeline.py for tasks to queue
[2026-04-23T05:31:47.872+0000] {logging_mixin.py:188} INFO - [2026-04-23T05:31:47.871+0000] {dagbag.py:538} INFO - Filling up the DagBag from /opt/airflow/dags/ecommerce_pipeline.py
[2026-04-23T05:31:47.972+0000] {processor.py:840} INFO - DAG(s) 'ecommerce_analytics_pipeline' retrieved from /opt/airflow/dags/ecommerce_pipeline.py
[2026-04-23T05:31:48.106+0000] {logging_mixin.py:188} INFO - [2026-04-23T05:31:48.106+0000] {dag.py:3036} INFO - Sync 1 DAGs
[2026-04-23T05:31:48.185+0000] {logging_mixin.py:188} INFO - [2026-04-23T05:31:48.184+0000] {dag.py:3823} INFO - Setting next_dagrun for ecommerce_analytics_pipeline to 2026-04-23 00:00:00+00:00, run_after=2026-04-24 00:00:00+00:00
[2026-04-23T05:31:48.252+0000] {processor.py:183} INFO - Processing /opt/airflow/dags/ecommerce_pipeline.py took 0.406 seconds
[2026-04-23T05:32:18.446+0000] {processor.py:161} INFO - Started process (PID=5078) to work on /opt/airflow/dags/ecommerce_pipeline.py
[2026-04-23T05:32:18.452+0000] {processor.py:830} INFO - Processing file /opt/airflow/dags/ecommerce_pipeline.py for tasks to queue
[2026-04-23T05:32:18.457+0000] {logging_mixin.py:188} INFO - [2026-04-23T05:32:18.456+0000] {dagbag.py:538} INFO - Filling up the DagBag from /opt/airflow/dags/ecommerce_pipeline.py
[2026-04-23T05:32:18.539+0000] {processor.py:840} INFO - DAG(s) 'ecommerce_analytics_pipeline' retrieved from /opt/airflow/dags/ecommerce_pipeline.py
[2026-04-23T05:32:18.711+0000] {logging_mixin.py:188} INFO - [2026-04-23T05:32:18.711+0000] {dag.py:3036} INFO - Sync 1 DAGs
[2026-04-23T05:32:18.791+0000] {logging_mixin.py:188} INFO - [2026-04-23T05:32:18.790+0000] {dag.py:3823} INFO - Setting next_dagrun for ecommerce_analytics_pipeline to 2026-04-23 00:00:00+00:00, run_after=2026-04-24 00:00:00+00:00
[2026-04-23T05:32:18.843+0000] {processor.py:183} INFO - Processing /opt/airflow/dags/ecommerce_pipeline.py took 0.416 seconds
[2026-04-23T05:32:49.213+0000] {processor.py:161} INFO - Started process (PID=5083) to work on /opt/airflow/dags/ecommerce_pipeline.py
[2026-04-23T05:32:49.216+0000] {processor.py:830} INFO - Processing file /opt/airflow/dags/ecommerce_pipeline.py for tasks to queue
[2026-04-23T05:32:49.219+0000] {logging_mixin.py:188} INFO - [2026-04-23T05:32:49.218+0000] {dagbag.py:538} INFO - Filling up the DagBag from /opt/airflow/dags/ecommerce_pipeline.py
[2026-04-23T05:32:49.288+0000] {processor.py:840} INFO - DAG(s) 'ecommerce_analytics_pipeline' retrieved from /opt/airflow/dags/ecommerce_pipeline.py
[2026-04-23T05:32:49.421+0000] {logging_mixin.py:188} INFO - [2026-04-23T05:32:49.420+0000] {dag.py:3036} INFO - Sync 1 DAGs
[2026-04-23T05:32:49.489+0000] {logging_mixin.py:188} INFO - [2026-04-23T05:32:49.488+0000] {dag.py:3823} INFO - Setting next_dagrun for ecommerce_analytics_pipeline to 2026-04-23 00:00:00+00:00, run_after=2026-04-24 00:00:00+00:00
[2026-04-23T05:32:49.536+0000] {processor.py:183} INFO - Processing /opt/airflow/dags/ecommerce_pipeline.py took 0.336 seconds
[2026-04-23T05:33:19.924+0000] {processor.py:161} INFO - Started process (PID=5088) to work on /opt/airflow/dags/ecommerce_pipeline.py
[2026-04-23T05:33:19.926+0000] {processor.py:830} INFO - Processing file /opt/airflow/dags/ecommerce_pipeline.py for tasks to queue
[2026-04-23T05:33:19.929+0000] {logging_mixin.py:188} INFO - [2026-04-23T05:33:19.928+0000] {dagbag.py:538} INFO - Filling up the DagBag from /opt/airflow/dags/ecommerce_pipeline.py
[2026-04-23T05:33:19.988+0000] {processor.py:840} INFO - DAG(s) 'ecommerce_analytics_pipeline' retrieved from /opt/airflow/dags/ecommerce_pipeline.py
[2026-04-23T05:33:20.051+0000] {logging_mixin.py:188} INFO - [2026-04-23T05:33:20.050+0000] {dag.py:3036} INFO - Sync 1 DAGs
[2026-04-23T05:33:20.110+0000] {logging_mixin.py:188} INFO - [2026-04-23T05:33:20.110+0000] {dag.py:3823} INFO - Setting next_dagrun for ecommerce_analytics_pipeline to 2026-04-23 00:00:00+00:00, run_after=2026-04-24 00:00:00+00:00
[2026-04-23T05:33:20.163+0000] {processor.py:183} INFO - Processing /opt/airflow/dags/ecommerce_pipeline.py took 0.246 seconds
[2026-04-23T05:33:50.269+0000] {processor.py:161} INFO - Started process (PID=5093) to work on /opt/airflow/dags/ecommerce_pipeline.py
[2026-04-23T05:33:50.272+0000] {processor.py:830} INFO - Processing file /opt/airflow/dags/ecommerce_pipeline.py for tasks to queue
[2026-04-23T05:33:50.274+0000] {logging_mixin.py:188} INFO - [2026-04-23T05:33:50.274+0000] {dagbag.py:538} INFO - Filling up the DagBag from /opt/airflow/dags/ecommerce_pipeline.py
[2026-04-23T05:33:50.341+0000] {processor.py:840} INFO - DAG(s) 'ecommerce_analytics_pipeline' retrieved from /opt/airflow/dags/ecommerce_pipeline.py
[2026-04-23T05:33:50.407+0000] {logging_mixin.py:188} INFO - [2026-04-23T05:33:50.406+0000] {dag.py:3036} INFO - Sync 1 DAGs
[2026-04-23T05:33:50.473+0000] {logging_mixin.py:188} INFO - [2026-04-23T05:33:50.472+0000] {dag.py:3823} INFO - Setting next_dagrun for ecommerce_analytics_pipeline to 2026-04-23 00:00:00+00:00, run_after=2026-04-24 00:00:00+00:00
[2026-04-23T05:33:50.521+0000] {processor.py:183} INFO - Processing /opt/airflow/dags/ecommerce_pipeline.py took 0.258 seconds
[2026-04-23T05:34:20.769+0000] {processor.py:161} INFO - Started process (PID=5098) to work on /opt/airflow/dags/ecommerce_pipeline.py
[2026-04-23T05:34:20.772+0000] {processor.py:830} INFO - Processing file /opt/airflow/dags/ecommerce_pipeline.py for tasks to queue
[2026-04-23T05:34:20.774+0000] {logging_mixin.py:188} INFO - [2026-04-23T05:34:20.774+0000] {dagbag.py:538} INFO - Filling up the DagBag from /opt/airflow/dags/ecommerce_pipeline.py
[2026-04-23T05:34:20.847+0000] {processor.py:840} INFO - DAG(s) 'ecommerce_analytics_pipeline' retrieved from /opt/airflow/dags/ecommerce_pipeline.py
[2026-04-23T05:34:20.916+0000] {logging_mixin.py:188} INFO - [2026-04-23T05:34:20.915+0000] {dag.py:3036} INFO - Sync 1 DAGs
[2026-04-23T05:34:20.958+0000] {logging_mixin.py:188} INFO - [2026-04-23T05:34:20.958+0000] {dag.py:3823} INFO - Setting next_dagrun for ecommerce_analytics_pipeline to 2026-04-23 00:00:00+00:00, run_after=2026-04-24 00:00:00+00:00
[2026-04-23T05:34:20.997+0000] {processor.py:183} INFO - Processing /opt/airflow/dags/ecommerce_pipeline.py took 0.237 seconds
[2026-04-23T05:34:51.441+0000] {processor.py:161} INFO - Started process (PID=5103) to work on /opt/airflow/dags/ecommerce_pipeline.py
[2026-04-23T05:34:51.444+0000] {processor.py:830} INFO - Processing file /opt/airflow/dags/ecommerce_pipeline.py for tasks to queue
[2026-04-23T05:34:51.447+0000] {logging_mixin.py:188} INFO - [2026-04-23T05:34:51.446+0000] {dagbag.py:538} INFO - Filling up the DagBag from /opt/airflow/dags/ecommerce_pipeline.py
[2026-04-23T05:34:51.509+0000] {processor.py:840} INFO - DAG(s) 'ecommerce_analytics_pipeline' retrieved from /opt/airflow/dags/ecommerce_pipeline.py
[2026-04-23T05:34:51.596+0000] {logging_mixin.py:188} INFO - [2026-04-23T05:34:51.596+0000] {dag.py:3036} INFO - Sync 1 DAGs
[2026-04-23T05:34:51.689+0000] {logging_mixin.py:188} INFO - [2026-04-23T05:34:51.689+0000] {dag.py:3823} INFO - Setting next_dagrun for ecommerce_analytics_pipeline to 2026-04-23 00:00:00+00:00, run_after=2026-04-24 00:00:00+00:00
[2026-04-23T05:34:51.746+0000] {processor.py:183} INFO - Processing /opt/airflow/dags/ecommerce_pipeline.py took 0.313 seconds
[2026-04-23T05:35:21.951+0000] {processor.py:161} INFO - Started process (PID=5108) to work on /opt/airflow/dags/ecommerce_pipeline.py
[2026-04-23T05:35:21.954+0000] {processor.py:830} INFO - Processing file /opt/airflow/dags/ecommerce_pipeline.py for tasks to queue
[2026-04-23T05:35:21.957+0000] {logging_mixin.py:188} INFO - [2026-04-23T05:35:21.956+0000] {dagbag.py:538} INFO - Filling up the DagBag from /opt/airflow/dags/ecommerce_pipeline.py
[2026-04-23T05:35:22.032+0000] {processor.py:840} INFO - DAG(s) 'ecommerce_analytics_pipeline' retrieved from /opt/airflow/dags/ecommerce_pipeline.py
[2026-04-23T05:35:22.090+0000] {logging_mixin.py:188} INFO - [2026-04-23T05:35:22.090+0000] {dag.py:3036} INFO - Sync 1 DAGs
[2026-04-23T05:35:22.130+0000] {logging_mixin.py:188} INFO - [2026-04-23T05:35:22.129+0000] {dag.py:3823} INFO - Setting next_dagrun for ecommerce_analytics_pipeline to 2026-04-23 00:00:00+00:00, run_after=2026-04-24 00:00:00+00:00
[2026-04-23T05:35:22.191+0000] {processor.py:183} INFO - Processing /opt/airflow/dags/ecommerce_pipeline.py took 0.251 seconds
[2026-04-23T05:35:52.628+0000] {processor.py:161} INFO - Started process (PID=5113) to work on /opt/airflow/dags/ecommerce_pipeline.py
[2026-04-23T05:35:52.630+0000] {processor.py:830} INFO - Processing file /opt/airflow/dags/ecommerce_pipeline.py for tasks to queue
[2026-04-23T05:35:52.632+0000] {logging_mixin.py:188} INFO - [2026-04-23T05:35:52.632+0000] {dagbag.py:538} INFO - Filling up the DagBag from /opt/airflow/dags/ecommerce_pipeline.py
[2026-04-23T05:35:52.690+0000] {processor.py:840} INFO - DAG(s) 'ecommerce_analytics_pipeline' retrieved from /opt/airflow/dags/ecommerce_pipeline.py
[2026-04-23T05:35:52.758+0000] {logging_mixin.py:188} INFO - [2026-04-23T05:35:52.757+0000] {dag.py:3036} INFO - Sync 1 DAGs
[2026-04-23T05:35:52.802+0000] {logging_mixin.py:188} INFO - [2026-04-23T05:35:52.801+0000] {dag.py:3823} INFO - Setting next_dagrun for ecommerce_analytics_pipeline to 2026-04-23 00:00:00+00:00, run_after=2026-04-24 00:00:00+00:00
[2026-04-23T05:35:52.849+0000] {processor.py:183} INFO - Processing /opt/airflow/dags/ecommerce_pipeline.py took 0.227 seconds
[2026-04-23T05:36:23.147+0000] {processor.py:161} INFO - Started process (PID=5118) to work on /opt/airflow/dags/ecommerce_pipeline.py
[2026-04-23T05:36:23.152+0000] {processor.py:830} INFO - Processing file /opt/airflow/dags/ecommerce_pipeline.py for tasks to queue
[2026-04-23T05:36:23.155+0000] {logging_mixin.py:188} INFO - [2026-04-23T05:36:23.154+0000] {dagbag.py:538} INFO - Filling up the DagBag from /opt/airflow/dags/ecommerce_pipeline.py
[2026-04-23T05:36:23.221+0000] {processor.py:840} INFO - DAG(s) 'ecommerce_analytics_pipeline' retrieved from /opt/airflow/dags/ecommerce_pipeline.py
[2026-04-23T05:36:23.292+0000] {logging_mixin.py:188} INFO - [2026-04-23T05:36:23.292+0000] {dag.py:3036} INFO - Sync 1 DAGs
[2026-04-23T05:36:23.344+0000] {logging_mixin.py:188} INFO - [2026-04-23T05:36:23.344+0000] {dag.py:3823} INFO - Setting next_dagrun for ecommerce_analytics_pipeline to 2026-04-23 00:00:00+00:00, run_after=2026-04-24 00:00:00+00:00
[2026-04-23T05:36:23.390+0000] {processor.py:183} INFO - Processing /opt/airflow/dags/ecommerce_pipeline.py took 0.264 seconds
[2026-04-23T05:36:53.816+0000] {processor.py:161} INFO - Started process (PID=5123) to work on /opt/airflow/dags/ecommerce_pipeline.py
[2026-04-23T05:36:53.819+0000] {processor.py:830} INFO - Processing file /opt/airflow/dags/ecommerce_pipeline.py for tasks to queue
[2026-04-23T05:36:53.821+0000] {logging_mixin.py:188} INFO - [2026-04-23T05:36:53.820+0000] {dagbag.py:538} INFO - Filling up the DagBag from /opt/airflow/dags/ecommerce_pipeline.py
[2026-04-23T05:36:53.881+0000] {processor.py:840} INFO - DAG(s) 'ecommerce_analytics_pipeline' retrieved from /opt/airflow/dags/ecommerce_pipeline.py
[2026-04-23T05:36:53.944+0000] {logging_mixin.py:188} INFO - [2026-04-23T05:36:53.944+0000] {dag.py:3036} INFO - Sync 1 DAGs
[2026-04-23T05:36:53.987+0000] {logging_mixin.py:188} INFO - [2026-04-23T05:36:53.987+0000] {dag.py:3823} INFO - Setting next_dagrun for ecommerce_analytics_pipeline to 2026-04-23 00:00:00+00:00, run_after=2026-04-24 00:00:00+00:00
[2026-04-23T05:36:54.038+0000] {processor.py:183} INFO - Processing /opt/airflow/dags/ecommerce_pipeline.py took 0.229 seconds
[2026-04-23T05:37:24.365+0000] {processor.py:161} INFO - Started process (PID=5128) to work on /opt/airflow/dags/ecommerce_pipeline.py
[2026-04-23T05:37:24.370+0000] {processor.py:830} INFO - Processing file /opt/airflow/dags/ecommerce_pipeline.py for tasks to queue
[2026-04-23T05:37:24.374+0000] {logging_mixin.py:188} INFO - [2026-04-23T05:37:24.373+0000] {dagbag.py:538} INFO - Filling up the DagBag from /opt/airflow/dags/ecommerce_pipeline.py
[2026-04-23T05:37:24.467+0000] {processor.py:840} INFO - DAG(s) 'ecommerce_analytics_pipeline' retrieved from /opt/airflow/dags/ecommerce_pipeline.py
[2026-04-23T05:37:24.594+0000] {logging_mixin.py:188} INFO - [2026-04-23T05:37:24.593+0000] {dag.py:3036} INFO - Sync 1 DAGs
[2026-04-23T05:37:24.690+0000] {logging_mixin.py:188} INFO - [2026-04-23T05:37:24.689+0000] {dag.py:3823} INFO - Setting next_dagrun for ecommerce_analytics_pipeline to 2026-04-23 00:00:00+00:00, run_after=2026-04-24 00:00:00+00:00
[2026-04-23T05:37:24.745+0000] {processor.py:183} INFO - Processing /opt/airflow/dags/ecommerce_pipeline.py took 0.401 seconds
[2026-04-23T05:37:55.133+0000] {processor.py:161} INFO - Started process (PID=5133) to work on /opt/airflow/dags/ecommerce_pipeline.py
[2026-04-23T05:37:55.137+0000] {processor.py:830} INFO - Processing file /opt/airflow/dags/ecommerce_pipeline.py for tasks to queue
[2026-04-23T05:37:55.142+0000] {logging_mixin.py:188} INFO - [2026-04-23T05:37:55.140+0000] {dagbag.py:538} INFO - Filling up the DagBag from /opt/airflow/dags/ecommerce_pipeline.py
[2026-04-23T05:37:55.247+0000] {processor.py:840} INFO - DAG(s) 'ecommerce_analytics_pipeline' retrieved from /opt/airflow/dags/ecommerce_pipeline.py
[2026-04-23T05:37:55.336+0000] {logging_mixin.py:188} INFO - [2026-04-23T05:37:55.335+0000] {dag.py:3036} INFO - Sync 1 DAGs
[2026-04-23T05:37:55.381+0000] {logging_mixin.py:188} INFO - [2026-04-23T05:37:55.380+0000] {dag.py:3823} INFO - Setting next_dagrun for ecommerce_analytics_pipeline to 2026-04-23 00:00:00+00:00, run_after=2026-04-24 00:00:00+00:00
[2026-04-23T05:37:55.437+0000] {processor.py:183} INFO - Processing /opt/airflow/dags/ecommerce_pipeline.py took 0.318 seconds
[2026-04-23T05:38:25.981+0000] {processor.py:161} INFO - Started process (PID=5138) to work on /opt/airflow/dags/ecommerce_pipeline.py
[2026-04-23T05:38:25.983+0000] {processor.py:830} INFO - Processing file /opt/airflow/dags/ecommerce_pipeline.py for tasks to queue
[2026-04-23T05:38:25.986+0000] {logging_mixin.py:188} INFO - [2026-04-23T05:38:25.985+0000] {dagbag.py:538} INFO - Filling up the DagBag from /opt/airflow/dags/ecommerce_pipeline.py
[2026-04-23T05:38:26.051+0000] {processor.py:840} INFO - DAG(s) 'ecommerce_analytics_pipeline' retrieved from /opt/airflow/dags/ecommerce_pipeline.py
[2026-04-23T05:38:26.123+0000] {logging_mixin.py:188} INFO - [2026-04-23T05:38:26.123+0000] {dag.py:3036} INFO - Sync 1 DAGs
[2026-04-23T05:38:26.172+0000] {logging_mixin.py:188} INFO - [2026-04-23T05:38:26.171+0000] {dag.py:3823} INFO - Setting next_dagrun for ecommerce_analytics_pipeline to 2026-04-23 00:00:00+00:00, run_after=2026-04-24 00:00:00+00:00
[2026-04-23T05:38:26.218+0000] {processor.py:183} INFO - Processing /opt/airflow/dags/ecommerce_pipeline.py took 0.245 seconds
[2026-04-23T05:38:56.418+0000] {processor.py:161} INFO - Started process (PID=5143) to work on /opt/airflow/dags/ecommerce_pipeline.py
[2026-04-23T05:38:56.421+0000] {processor.py:830} INFO - Processing file /opt/airflow/dags/ecommerce_pipeline.py for tasks to queue
[2026-04-23T05:38:56.424+0000] {logging_mixin.py:188} INFO - [2026-04-23T05:38:56.423+0000] {dagbag.py:538} INFO - Filling up the DagBag from /opt/airflow/dags/ecommerce_pipeline.py
[2026-04-23T05:38:56.512+0000] {processor.py:840} INFO - DAG(s) 'ecommerce_analytics_pipeline' retrieved from /opt/airflow/dags/ecommerce_pipeline.py
[2026-04-23T05:38:56.597+0000] {logging_mixin.py:188} INFO - [2026-04-23T05:38:56.597+0000] {dag.py:3036} INFO - Sync 1 DAGs
[2026-04-23T05:38:56.641+0000] {logging_mixin.py:188} INFO - [2026-04-23T05:38:56.641+0000] {dag.py:3823} INFO - Setting next_dagrun for ecommerce_analytics_pipeline to 2026-04-23 00:00:00+00:00, run_after=2026-04-24 00:00:00+00:00
[2026-04-23T05:38:56.687+0000] {processor.py:183} INFO - Processing /opt/airflow/dags/ecommerce_pipeline.py took 0.275 seconds
[2026-04-23T05:39:27.140+0000] {processor.py:161} INFO - Started process (PID=5148) to work on /opt/airflow/dags/ecommerce_pipeline.py
[2026-04-23T05:39:27.160+0000] {processor.py:830} INFO - Processing file /opt/airflow/dags/ecommerce_pipeline.py for tasks to queue
[2026-04-23T05:39:27.168+0000] {logging_mixin.py:188} INFO - [2026-04-23T05:39:27.164+0000] {dagbag.py:538} INFO - Filling up the DagBag from /opt/airflow/dags/ecommerce_pipeline.py
[2026-04-23T05:39:27.315+0000] {processor.py:840} INFO - DAG(s) 'ecommerce_analytics_pipeline' retrieved from /opt/airflow/dags/ecommerce_pipeline.py
[2026-04-23T05:39:27.438+0000] {logging_mixin.py:188} INFO - [2026-04-23T05:39:27.438+0000] {dag.py:3036} INFO - Sync 1 DAGs
[2026-04-23T05:39:27.528+0000] {logging_mixin.py:188} INFO - [2026-04-23T05:39:27.527+0000] {dag.py:3823} INFO - Setting next_dagrun for ecommerce_analytics_pipeline to 2026-04-23 00:00:00+00:00, run_after=2026-04-24 00:00:00+00:00
[2026-04-23T05:39:27.620+0000] {processor.py:183} INFO - Processing /opt/airflow/dags/ecommerce_pipeline.py took 0.526 seconds
[2026-04-23T05:39:58.183+0000] {processor.py:161} INFO - Started process (PID=5153) to work on /opt/airflow/dags/ecommerce_pipeline.py
[2026-04-23T05:39:58.187+0000] {processor.py:830} INFO - Processing file /opt/airflow/dags/ecommerce_pipeline.py for tasks to queue
[2026-04-23T05:39:58.192+0000] {logging_mixin.py:188} INFO - [2026-04-23T05:39:58.191+0000] {dagbag.py:538} INFO - Filling up the DagBag from /opt/airflow/dags/ecommerce_pipeline.py
[2026-04-23T05:39:58.293+0000] {processor.py:840} INFO - DAG(s) 'ecommerce_analytics_pipeline' retrieved from /opt/airflow/dags/ecommerce_pipeline.py
[2026-04-23T05:39:58.551+0000] {logging_mixin.py:188} INFO - [2026-04-23T05:39:58.550+0000] {dag.py:3036} INFO - Sync 1 DAGs
[2026-04-23T05:39:58.700+0000] {logging_mixin.py:188} INFO - [2026-04-23T05:39:58.699+0000] {dag.py:3823} INFO - Setting next_dagrun for ecommerce_analytics_pipeline to 2026-04-23 00:00:00+00:00, run_after=2026-04-24 00:00:00+00:00
[2026-04-23T05:39:58.806+0000] {processor.py:183} INFO - Processing /opt/airflow/dags/ecommerce_pipeline.py took 0.640 seconds
[2026-04-23T05:40:28.958+0000] {processor.py:161} INFO - Started process (PID=5158) to work on /opt/airflow/dags/ecommerce_pipeline.py
[2026-04-23T05:40:28.960+0000] {processor.py:830} INFO - Processing file /opt/airflow/dags/ecommerce_pipeline.py for tasks to queue
[2026-04-23T05:40:28.962+0000] {logging_mixin.py:188} INFO - [2026-04-23T05:40:28.961+0000] {dagbag.py:538} INFO - Filling up the DagBag from /opt/airflow/dags/ecommerce_pipeline.py
[2026-04-23T05:40:29.024+0000] {processor.py:840} INFO - DAG(s) 'ecommerce_analytics_pipeline' retrieved from /opt/airflow/dags/ecommerce_pipeline.py
[2026-04-23T05:40:29.141+0000] {logging_mixin.py:188} INFO - [2026-04-23T05:40:29.140+0000] {dag.py:3036} INFO - Sync 1 DAGs
[2026-04-23T05:40:29.261+0000] {logging_mixin.py:188} INFO - [2026-04-23T05:40:29.260+0000] {dag.py:3823} INFO - Setting next_dagrun for ecommerce_analytics_pipeline to 2026-04-23 00:00:00+00:00, run_after=2026-04-24 00:00:00+00:00
[2026-04-23T05:40:29.322+0000] {processor.py:183} INFO - Processing /opt/airflow/dags/ecommerce_pipeline.py took 0.372 seconds
[2026-04-23T05:40:59.689+0000] {processor.py:161} INFO - Started process (PID=5163) to work on /opt/airflow/dags/ecommerce_pipeline.py
[2026-04-23T05:40:59.692+0000] {processor.py:830} INFO - Processing file /opt/airflow/dags/ecommerce_pipeline.py for tasks to queue
[2026-04-23T05:40:59.694+0000] {logging_mixin.py:188} INFO - [2026-04-23T05:40:59.693+0000] {dagbag.py:538} INFO - Filling up the DagBag from /opt/airflow/dags/ecommerce_pipeline.py
[2026-04-23T05:40:59.771+0000] {processor.py:840} INFO - DAG(s) 'ecommerce_analytics_pipeline' retrieved from /opt/airflow/dags/ecommerce_pipeline.py
[2026-04-23T05:40:59.861+0000] {logging_mixin.py:188} INFO - [2026-04-23T05:40:59.861+0000] {dag.py:3036} INFO - Sync 1 DAGs
[2026-04-23T05:40:59.973+0000] {logging_mixin.py:188} INFO - [2026-04-23T05:40:59.973+0000] {dag.py:3823} INFO - Setting next_dagrun for ecommerce_analytics_pipeline to 2026-04-23 00:00:00+00:00, run_after=2026-04-24 00:00:00+00:00
[2026-04-23T05:41:00.038+0000] {processor.py:183} INFO - Processing /opt/airflow/dags/ecommerce_pipeline.py took 0.356 seconds
[2026-04-23T05:41:30.259+0000] {processor.py:161} INFO - Started process (PID=5168) to work on /opt/airflow/dags/ecommerce_pipeline.py
[2026-04-23T05:41:30.263+0000] {processor.py:830} INFO - Processing file /opt/airflow/dags/ecommerce_pipeline.py for tasks to queue
[2026-04-23T05:41:30.266+0000] {logging_mixin.py:188} INFO - [2026-04-23T05:41:30.265+0000] {dagbag.py:538} INFO - Filling up the DagBag from /opt/airflow/dags/ecommerce_pipeline.py
[2026-04-23T05:41:30.356+0000] {processor.py:840} INFO - DAG(s) 'ecommerce_analytics_pipeline' retrieved from /opt/airflow/dags/ecommerce_pipeline.py
[2026-04-23T05:41:30.423+0000] {logging_mixin.py:188} INFO - [2026-04-23T05:41:30.423+0000] {dag.py:3036} INFO - Sync 1 DAGs
[2026-04-23T05:41:30.470+0000] {logging_mixin.py:188} INFO - [2026-04-23T05:41:30.469+0000] {dag.py:3823} INFO - Setting next_dagrun for ecommerce_analytics_pipeline to 2026-04-23 00:00:00+00:00, run_after=2026-04-24 00:00:00+00:00
[2026-04-23T05:41:30.511+0000] {processor.py:183} INFO - Processing /opt/airflow/dags/ecommerce_pipeline.py took 0.266 seconds
[2026-04-23T05:42:01.051+0000] {processor.py:161} INFO - Started process (PID=5173) to work on /opt/airflow/dags/ecommerce_pipeline.py
[2026-04-23T05:42:01.054+0000] {processor.py:830} INFO - Processing file /opt/airflow/dags/ecommerce_pipeline.py for tasks to queue
[2026-04-23T05:42:01.057+0000] {logging_mixin.py:188} INFO - [2026-04-23T05:42:01.056+0000] {dagbag.py:538} INFO - Filling up the DagBag from /opt/airflow/dags/ecommerce_pipeline.py
[2026-04-23T05:42:01.123+0000] {processor.py:840} INFO - DAG(s) 'ecommerce_analytics_pipeline' retrieved from /opt/airflow/dags/ecommerce_pipeline.py
[2026-04-23T05:42:01.234+0000] {logging_mixin.py:188} INFO - [2026-04-23T05:42:01.233+0000] {dag.py:3036} INFO - Sync 1 DAGs
[2026-04-23T05:42:01.280+0000] {logging_mixin.py:188} INFO - [2026-04-23T05:42:01.280+0000] {dag.py:3823} INFO - Setting next_dagrun for ecommerce_analytics_pipeline to 2026-04-23 00:00:00+00:00, run_after=2026-04-24 00:00:00+00:00
[2026-04-23T05:42:01.323+0000] {processor.py:183} INFO - Processing /opt/airflow/dags/ecommerce_pipeline.py took 0.281 seconds
[2026-04-23T05:42:31.558+0000] {processor.py:161} INFO - Started process (PID=5178) to work on /opt/airflow/dags/ecommerce_pipeline.py
[2026-04-23T05:42:31.562+0000] {processor.py:830} INFO - Processing file /opt/airflow/dags/ecommerce_pipeline.py for tasks to queue
[2026-04-23T05:42:31.566+0000] {logging_mixin.py:188} INFO - [2026-04-23T05:42:31.565+0000] {dagbag.py:538} INFO - Filling up the DagBag from /opt/airflow/dags/ecommerce_pipeline.py
[2026-04-23T05:42:31.632+0000] {processor.py:840} INFO - DAG(s) 'ecommerce_analytics_pipeline' retrieved from /opt/airflow/dags/ecommerce_pipeline.py
[2026-04-23T05:42:31.693+0000] {logging_mixin.py:188} INFO - [2026-04-23T05:42:31.692+0000] {dag.py:3036} INFO - Sync 1 DAGs
[2026-04-23T05:42:31.734+0000] {logging_mixin.py:188} INFO - [2026-04-23T05:42:31.734+0000] {dag.py:3823} INFO - Setting next_dagrun for ecommerce_analytics_pipeline to 2026-04-23 00:00:00+00:00, run_after=2026-04-24 00:00:00+00:00
[2026-04-23T05:42:31.775+0000] {processor.py:183} INFO - Processing /opt/airflow/dags/ecommerce_pipeline.py took 0.229 seconds
[2026-04-23T05:43:02.280+0000] {processor.py:161} INFO - Started process (PID=5183) to work on /opt/airflow/dags/ecommerce_pipeline.py
[2026-04-23T05:43:02.282+0000] {processor.py:830} INFO - Processing file /opt/airflow/dags/ecommerce_pipeline.py for tasks to queue
[2026-04-23T05:43:02.285+0000] {logging_mixin.py:188} INFO - [2026-04-23T05:43:02.284+0000] {dagbag.py:538} INFO - Filling up the DagBag from /opt/airflow/dags/ecommerce_pipeline.py
[2026-04-23T05:43:02.347+0000] {processor.py:840} INFO - DAG(s) 'ecommerce_analytics_pipeline' retrieved from /opt/airflow/dags/ecommerce_pipeline.py
[2026-04-23T05:43:02.437+0000] {logging_mixin.py:188} INFO - [2026-04-23T05:43:02.437+0000] {dag.py:3036} INFO - Sync 1 DAGs
[2026-04-23T05:43:02.493+0000] {logging_mixin.py:188} INFO - [2026-04-23T05:43:02.492+0000] {dag.py:3823} INFO - Setting next_dagrun for ecommerce_analytics_pipeline to 2026-04-23 00:00:00+00:00, run_after=2026-04-24 00:00:00+00:00
[2026-04-23T05:43:02.535+0000] {processor.py:183} INFO - Processing /opt/airflow/dags/ecommerce_pipeline.py took 0.263 seconds
[2026-04-23T05:43:32.771+0000] {processor.py:161} INFO - Started process (PID=5188) to work on /opt/airflow/dags/ecommerce_pipeline.py
[2026-04-23T05:43:32.775+0000] {processor.py:830} INFO - Processing file /opt/airflow/dags/ecommerce_pipeline.py for tasks to queue
[2026-04-23T05:43:32.778+0000] {logging_mixin.py:188} INFO - [2026-04-23T05:43:32.777+0000] {dagbag.py:538} INFO - Filling up the DagBag from /opt/airflow/dags/ecommerce_pipeline.py
[2026-04-23T05:43:32.854+0000] {processor.py:840} INFO - DAG(s) 'ecommerce_analytics_pipeline' retrieved from /opt/airflow/dags/ecommerce_pipeline.py
[2026-04-23T05:43:32.913+0000] {logging_mixin.py:188} INFO - [2026-04-23T05:43:32.912+0000] {dag.py:3036} INFO - Sync 1 DAGs
[2026-04-23T05:43:32.955+0000] {logging_mixin.py:188} INFO - [2026-04-23T05:43:32.955+0000] {dag.py:3823} INFO - Setting next_dagrun for ecommerce_analytics_pipeline to 2026-04-23 00:00:00+00:00, run_after=2026-04-24 00:00:00+00:00
[2026-04-23T05:43:32.999+0000] {processor.py:183} INFO - Processing /opt/airflow/dags/ecommerce_pipeline.py took 0.238 seconds
[2026-04-23T05:44:03.481+0000] {processor.py:161} INFO - Started process (PID=5193) to work on /opt/airflow/dags/ecommerce_pipeline.py
[2026-04-23T05:44:03.485+0000] {processor.py:830} INFO - Processing file /opt/airflow/dags/ecommerce_pipeline.py for tasks to queue
[2026-04-23T05:44:03.487+0000] {logging_mixin.py:188} INFO - [2026-04-23T05:44:03.486+0000] {dagbag.py:538} INFO - Filling up the DagBag from /opt/airflow/dags/ecommerce_pipeline.py
[2026-04-23T05:44:03.546+0000] {processor.py:840} INFO - DAG(s) 'ecommerce_analytics_pipeline' retrieved from /opt/airflow/dags/ecommerce_pipeline.py
[2026-04-23T05:44:03.607+0000] {logging_mixin.py:188} INFO - [2026-04-23T05:44:03.607+0000] {dag.py:3036} INFO - Sync 1 DAGs
[2026-04-23T05:44:03.652+0000] {logging_mixin.py:188} INFO - [2026-04-23T05:44:03.652+0000] {dag.py:3823} INFO - Setting next_dagrun for ecommerce_analytics_pipeline to 2026-04-23 00:00:00+00:00, run_after=2026-04-24 00:00:00+00:00
[2026-04-23T05:44:03.701+0000] {processor.py:183} INFO - Processing /opt/airflow/dags/ecommerce_pipeline.py took 0.231 seconds
[2026-04-23T05:44:34.011+0000] {processor.py:161} INFO - Started process (PID=5198) to work on /opt/airflow/dags/ecommerce_pipeline.py
[2026-04-23T05:44:34.013+0000] {processor.py:830} INFO - Processing file /opt/airflow/dags/ecommerce_pipeline.py for tasks to queue
[2026-04-23T05:44:34.015+0000] {logging_mixin.py:188} INFO - [2026-04-23T05:44:34.015+0000] {dagbag.py:538} INFO - Filling up the DagBag from /opt/airflow/dags/ecommerce_pipeline.py
[2026-04-23T05:44:34.086+0000] {processor.py:840} INFO - DAG(s) 'ecommerce_analytics_pipeline' retrieved from /opt/airflow/dags/ecommerce_pipeline.py
[2026-04-23T05:44:34.153+0000] {logging_mixin.py:188} INFO - [2026-04-23T05:44:34.152+0000] {dag.py:3036} INFO - Sync 1 DAGs
[2026-04-23T05:44:34.194+0000] {logging_mixin.py:188} INFO - [2026-04-23T05:44:34.193+0000] {dag.py:3823} INFO - Setting next_dagrun for ecommerce_analytics_pipeline to 2026-04-23 00:00:00+00:00, run_after=2026-04-24 00:00:00+00:00
[2026-04-23T05:44:34.247+0000] {processor.py:183} INFO - Processing /opt/airflow/dags/ecommerce_pipeline.py took 0.244 seconds
[2026-04-23T05:45:04.683+0000] {processor.py:161} INFO - Started process (PID=5203) to work on /opt/airflow/dags/ecommerce_pipeline.py
[2026-04-23T05:45:04.688+0000] {processor.py:830} INFO - Processing file /opt/airflow/dags/ecommerce_pipeline.py for tasks to queue
[2026-04-23T05:45:04.694+0000] {logging_mixin.py:188} INFO - [2026-04-23T05:45:04.691+0000] {dagbag.py:538} INFO - Filling up the DagBag from /opt/airflow/dags/ecommerce_pipeline.py
[2026-04-23T05:45:04.766+0000] {processor.py:840} INFO - DAG(s) 'ecommerce_analytics_pipeline' retrieved from /opt/airflow/dags/ecommerce_pipeline.py
[2026-04-23T05:45:04.853+0000] {logging_mixin.py:188} INFO - [2026-04-23T05:45:04.852+0000] {dag.py:3036} INFO - Sync 1 DAGs
[2026-04-23T05:45:04.907+0000] {logging_mixin.py:188} INFO - [2026-04-23T05:45:04.907+0000] {dag.py:3823} INFO - Setting next_dagrun for ecommerce_analytics_pipeline to 2026-04-23 00:00:00+00:00, run_after=2026-04-24 00:00:00+00:00
[2026-04-23T05:45:04.959+0000] {processor.py:183} INFO - Processing /opt/airflow/dags/ecommerce_pipeline.py took 0.287 seconds
[2026-04-23T05:45:35.085+0000] {processor.py:161} INFO - Started process (PID=5208) to work on /opt/airflow/dags/ecommerce_pipeline.py
[2026-04-23T05:45:35.089+0000] {processor.py:830} INFO - Processing file /opt/airflow/dags/ecommerce_pipeline.py for tasks to queue
[2026-04-23T05:45:35.092+0000] {logging_mixin.py:188} INFO - [2026-04-23T05:45:35.091+0000] {dagbag.py:538} INFO - Filling up the DagBag from /opt/airflow/dags/ecommerce_pipeline.py
[2026-04-23T05:45:35.164+0000] {processor.py:840} INFO - DAG(s) 'ecommerce_analytics_pipeline' retrieved from /opt/airflow/dags/ecommerce_pipeline.py
[2026-04-23T05:45:35.263+0000] {logging_mixin.py:188} INFO - [2026-04-23T05:45:35.263+0000] {dag.py:3036} INFO - Sync 1 DAGs
[2026-04-23T05:45:35.322+0000] {logging_mixin.py:188} INFO - [2026-04-23T05:45:35.322+0000] {dag.py:3823} INFO - Setting next_dagrun for ecommerce_analytics_pipeline to 2026-04-23 00:00:00+00:00, run_after=2026-04-24 00:00:00+00:00
[2026-04-23T05:45:35.372+0000] {processor.py:183} INFO - Processing /opt/airflow/dags/ecommerce_pipeline.py took 0.308 seconds
[2026-04-23T05:46:05.870+0000] {processor.py:161} INFO - Started process (PID=5213) to work on /opt/airflow/dags/ecommerce_pipeline.py
[2026-04-23T05:46:05.874+0000] {processor.py:830} INFO - Processing file /opt/airflow/dags/ecommerce_pipeline.py for tasks to queue
[2026-04-23T05:46:05.878+0000] {logging_mixin.py:188} INFO - [2026-04-23T05:46:05.877+0000] {dagbag.py:538} INFO - Filling up the DagBag from /opt/airflow/dags/ecommerce_pipeline.py
[2026-04-23T05:46:05.974+0000] {processor.py:840} INFO - DAG(s) 'ecommerce_analytics_pipeline' retrieved from /opt/airflow/dags/ecommerce_pipeline.py
[2026-04-23T05:46:06.040+0000] {logging_mixin.py:188} INFO - [2026-04-23T05:46:06.040+0000] {dag.py:3036} INFO - Sync 1 DAGs
[2026-04-23T05:46:06.084+0000] {logging_mixin.py:188} INFO - [2026-04-23T05:46:06.084+0000] {dag.py:3823} INFO - Setting next_dagrun for ecommerce_analytics_pipeline to 2026-04-23 00:00:00+00:00, run_after=2026-04-24 00:00:00+00:00
[2026-04-23T05:46:06.134+0000] {processor.py:183} INFO - Processing /opt/airflow/dags/ecommerce_pipeline.py took 0.278 seconds
[2026-04-23T05:46:36.339+0000] {processor.py:161} INFO - Started process (PID=5218) to work on /opt/airflow/dags/ecommerce_pipeline.py
[2026-04-23T05:46:36.341+0000] {processor.py:830} INFO - Processing file /opt/airflow/dags/ecommerce_pipeline.py for tasks to queue
[2026-04-23T05:46:36.343+0000] {logging_mixin.py:188} INFO - [2026-04-23T05:46:36.343+0000] {dagbag.py:538} INFO - Filling up the DagBag from /opt/airflow/dags/ecommerce_pipeline.py
[2026-04-23T05:46:36.411+0000] {processor.py:840} INFO - DAG(s) 'ecommerce_analytics_pipeline' retrieved from /opt/airflow/dags/ecommerce_pipeline.py
[2026-04-23T05:46:36.492+0000] {logging_mixin.py:188} INFO - [2026-04-23T05:46:36.491+0000] {dag.py:3036} INFO - Sync 1 DAGs
[2026-04-23T05:46:36.540+0000] {logging_mixin.py:188} INFO - [2026-04-23T05:46:36.540+0000] {dag.py:3823} INFO - Setting next_dagrun for ecommerce_analytics_pipeline to 2026-04-23 00:00:00+00:00, run_after=2026-04-24 00:00:00+00:00
[2026-04-23T05:46:36.592+0000] {processor.py:183} INFO - Processing /opt/airflow/dags/ecommerce_pipeline.py took 0.262 seconds
[2026-04-23T05:47:07.155+0000] {processor.py:161} INFO - Started process (PID=5223) to work on /opt/airflow/dags/ecommerce_pipeline.py
[2026-04-23T05:47:07.157+0000] {processor.py:830} INFO - Processing file /opt/airflow/dags/ecommerce_pipeline.py for tasks to queue
[2026-04-23T05:47:07.160+0000] {logging_mixin.py:188} INFO - [2026-04-23T05:47:07.159+0000] {dagbag.py:538} INFO - Filling up the DagBag from /opt/airflow/dags/ecommerce_pipeline.py
[2026-04-23T05:47:07.227+0000] {processor.py:840} INFO - DAG(s) 'ecommerce_analytics_pipeline' retrieved from /opt/airflow/dags/ecommerce_pipeline.py
[2026-04-23T05:47:07.291+0000] {logging_mixin.py:188} INFO - [2026-04-23T05:47:07.291+0000] {dag.py:3036} INFO - Sync 1 DAGs
[2026-04-23T05:47:07.350+0000] {logging_mixin.py:188} INFO - [2026-04-23T05:47:07.349+0000] {dag.py:3823} INFO - Setting next_dagrun for ecommerce_analytics_pipeline to 2026-04-23 00:00:00+00:00, run_after=2026-04-24 00:00:00+00:00
[2026-04-23T05:47:07.396+0000] {processor.py:183} INFO - Processing /opt/airflow/dags/ecommerce_pipeline.py took 0.248 seconds
[2026-04-23T05:47:37.665+0000] {processor.py:161} INFO - Started process (PID=5228) to work on /opt/airflow/dags/ecommerce_pipeline.py
[2026-04-23T05:47:37.669+0000] {processor.py:830} INFO - Processing file /opt/airflow/dags/ecommerce_pipeline.py for tasks to queue
[2026-04-23T05:47:37.672+0000] {logging_mixin.py:188} INFO - [2026-04-23T05:47:37.671+0000] {dagbag.py:538} INFO - Filling up the DagBag from /opt/airflow/dags/ecommerce_pipeline.py
[2026-04-23T05:47:37.746+0000] {processor.py:840} INFO - DAG(s) 'ecommerce_analytics_pipeline' retrieved from /opt/airflow/dags/ecommerce_pipeline.py
[2026-04-23T05:47:37.823+0000] {logging_mixin.py:188} INFO - [2026-04-23T05:47:37.822+0000] {dag.py:3036} INFO - Sync 1 DAGs
[2026-04-23T05:47:37.864+0000] {logging_mixin.py:188} INFO - [2026-04-23T05:47:37.864+0000] {dag.py:3823} INFO - Setting next_dagrun for ecommerce_analytics_pipeline to 2026-04-23 00:00:00+00:00, run_after=2026-04-24 00:00:00+00:00
[2026-04-23T05:47:37.908+0000] {processor.py:183} INFO - Processing /opt/airflow/dags/ecommerce_pipeline.py took 0.252 seconds
[2026-04-23T05:48:08.412+0000] {processor.py:161} INFO - Started process (PID=5233) to work on /opt/airflow/dags/ecommerce_pipeline.py
[2026-04-23T05:48:08.414+0000] {processor.py:830} INFO - Processing file /opt/airflow/dags/ecommerce_pipeline.py for tasks to queue
[2026-04-23T05:48:08.416+0000] {logging_mixin.py:188} INFO - [2026-04-23T05:48:08.416+0000] {dagbag.py:538} INFO - Filling up the DagBag from /opt/airflow/dags/ecommerce_pipeline.py
[2026-04-23T05:48:08.477+0000] {processor.py:840} INFO - DAG(s) 'ecommerce_analytics_pipeline' retrieved from /opt/airflow/dags/ecommerce_pipeline.py
[2026-04-23T05:48:08.562+0000] {logging_mixin.py:188} INFO - [2026-04-23T05:48:08.561+0000] {dag.py:3036} INFO - Sync 1 DAGs
[2026-04-23T05:48:08.605+0000] {logging_mixin.py:188} INFO - [2026-04-23T05:48:08.605+0000] {dag.py:3823} INFO - Setting next_dagrun for ecommerce_analytics_pipeline to 2026-04-23 00:00:00+00:00, run_after=2026-04-24 00:00:00+00:00
[2026-04-23T05:48:08.651+0000] {processor.py:183} INFO - Processing /opt/airflow/dags/ecommerce_pipeline.py took 0.245 seconds
[2026-04-23T05:48:38.884+0000] {processor.py:161} INFO - Started process (PID=5238) to work on /opt/airflow/dags/ecommerce_pipeline.py
[2026-04-23T05:48:38.887+0000] {processor.py:830} INFO - Processing file /opt/airflow/dags/ecommerce_pipeline.py for tasks to queue
[2026-04-23T05:48:38.891+0000] {logging_mixin.py:188} INFO - [2026-04-23T05:48:38.890+0000] {dagbag.py:538} INFO - Filling up the DagBag from /opt/airflow/dags/ecommerce_pipeline.py
[2026-04-23T05:48:38.961+0000] {processor.py:840} INFO - DAG(s) 'ecommerce_analytics_pipeline' retrieved from /opt/airflow/dags/ecommerce_pipeline.py
[2026-04-23T05:48:39.063+0000] {logging_mixin.py:188} INFO - [2026-04-23T05:48:39.062+0000] {dag.py:3036} INFO - Sync 1 DAGs
[2026-04-23T05:48:39.113+0000] {logging_mixin.py:188} INFO - [2026-04-23T05:48:39.113+0000] {dag.py:3823} INFO - Setting next_dagrun for ecommerce_analytics_pipeline to 2026-04-23 00:00:00+00:00, run_after=2026-04-24 00:00:00+00:00
[2026-04-23T05:48:39.159+0000] {processor.py:183} INFO - Processing /opt/airflow/dags/ecommerce_pipeline.py took 0.286 seconds
[2026-04-23T05:49:09.600+0000] {processor.py:161} INFO - Started process (PID=5243) to work on /opt/airflow/dags/ecommerce_pipeline.py
[2026-04-23T05:49:09.602+0000] {processor.py:830} INFO - Processing file /opt/airflow/dags/ecommerce_pipeline.py for tasks to queue
[2026-04-23T05:49:09.604+0000] {logging_mixin.py:188} INFO - [2026-04-23T05:49:09.604+0000] {dagbag.py:538} INFO - Filling up the DagBag from /opt/airflow/dags/ecommerce_pipeline.py
[2026-04-23T05:49:09.683+0000] {processor.py:840} INFO - DAG(s) 'ecommerce_analytics_pipeline' retrieved from /opt/airflow/dags/ecommerce_pipeline.py
[2026-04-23T05:49:09.746+0000] {logging_mixin.py:188} INFO - [2026-04-23T05:49:09.745+0000] {dag.py:3036} INFO - Sync 1 DAGs
[2026-04-23T05:49:09.809+0000] {logging_mixin.py:188} INFO - [2026-04-23T05:49:09.808+0000] {dag.py:3823} INFO - Setting next_dagrun for ecommerce_analytics_pipeline to 2026-04-23 00:00:00+00:00, run_after=2026-04-24 00:00:00+00:00
[2026-04-23T05:49:09.868+0000] {processor.py:183} INFO - Processing /opt/airflow/dags/ecommerce_pipeline.py took 0.274 seconds
[2026-04-23T05:49:40.094+0000] {processor.py:161} INFO - Started process (PID=5248) to work on /opt/airflow/dags/ecommerce_pipeline.py
[2026-04-23T05:49:40.098+0000] {processor.py:830} INFO - Processing file /opt/airflow/dags/ecommerce_pipeline.py for tasks to queue
[2026-04-23T05:49:40.101+0000] {logging_mixin.py:188} INFO - [2026-04-23T05:49:40.100+0000] {dagbag.py:538} INFO - Filling up the DagBag from /opt/airflow/dags/ecommerce_pipeline.py
[2026-04-23T05:49:40.174+0000] {processor.py:840} INFO - DAG(s) 'ecommerce_analytics_pipeline' retrieved from /opt/airflow/dags/ecommerce_pipeline.py
[2026-04-23T05:49:40.228+0000] {logging_mixin.py:188} INFO - [2026-04-23T05:49:40.228+0000] {dag.py:3036} INFO - Sync 1 DAGs
[2026-04-23T05:49:40.261+0000] {logging_mixin.py:188} INFO - [2026-04-23T05:49:40.260+0000] {dag.py:3823} INFO - Setting next_dagrun for ecommerce_analytics_pipeline to 2026-04-23 00:00:00+00:00, run_after=2026-04-24 00:00:00+00:00
[2026-04-23T05:49:40.306+0000] {processor.py:183} INFO - Processing /opt/airflow/dags/ecommerce_pipeline.py took 0.221 seconds
[2026-04-23T05:50:10.821+0000] {processor.py:161} INFO - Started process (PID=5253) to work on /opt/airflow/dags/ecommerce_pipeline.py
[2026-04-23T05:50:10.830+0000] {processor.py:830} INFO - Processing file /opt/airflow/dags/ecommerce_pipeline.py for tasks to queue
[2026-04-23T05:50:10.836+0000] {logging_mixin.py:188} INFO - [2026-04-23T05:50:10.834+0000] {dagbag.py:538} INFO - Filling up the DagBag from /opt/airflow/dags/ecommerce_pipeline.py
[2026-04-23T05:50:10.942+0000] {processor.py:840} INFO - DAG(s) 'ecommerce_analytics_pipeline' retrieved from /opt/airflow/dags/ecommerce_pipeline.py
[2026-04-23T05:50:11.003+0000] {logging_mixin.py:188} INFO - [2026-04-23T05:50:11.003+0000] {dag.py:3036} INFO - Sync 1 DAGs
[2026-04-23T05:50:11.044+0000] {logging_mixin.py:188} INFO - [2026-04-23T05:50:11.043+0000] {dag.py:3823} INFO - Setting next_dagrun for ecommerce_analytics_pipeline to 2026-04-23 00:00:00+00:00, run_after=2026-04-24 00:00:00+00:00
[2026-04-23T05:50:11.084+0000] {processor.py:183} INFO - Processing /opt/airflow/dags/ecommerce_pipeline.py took 0.300 seconds
[2026-04-23T05:50:41.223+0000] {processor.py:161} INFO - Started process (PID=5258) to work on /opt/airflow/dags/ecommerce_pipeline.py
[2026-04-23T05:50:41.227+0000] {processor.py:830} INFO - Processing file /opt/airflow/dags/ecommerce_pipeline.py for tasks to queue
[2026-04-23T05:50:41.230+0000] {logging_mixin.py:188} INFO - [2026-04-23T05:50:41.229+0000] {dagbag.py:538} INFO - Filling up the DagBag from /opt/airflow/dags/ecommerce_pipeline.py
[2026-04-23T05:50:41.317+0000] {processor.py:840} INFO - DAG(s) 'ecommerce_analytics_pipeline' retrieved from /opt/airflow/dags/ecommerce_pipeline.py
[2026-04-23T05:50:41.406+0000] {logging_mixin.py:188} INFO - [2026-04-23T05:50:41.405+0000] {dag.py:3036} INFO - Sync 1 DAGs
[2026-04-23T05:50:41.493+0000] {logging_mixin.py:188} INFO - [2026-04-23T05:50:41.491+0000] {dag.py:3823} INFO - Setting next_dagrun for ecommerce_analytics_pipeline to 2026-04-23 00:00:00+00:00, run_after=2026-04-24 00:00:00+00:00
[2026-04-23T05:50:41.563+0000] {processor.py:183} INFO - Processing /opt/airflow/dags/ecommerce_pipeline.py took 0.347 seconds
[2026-04-23T05:51:11.868+0000] {processor.py:161} INFO - Started process (PID=5263) to work on /opt/airflow/dags/ecommerce_pipeline.py
[2026-04-23T05:51:11.870+0000] {processor.py:830} INFO - Processing file /opt/airflow/dags/ecommerce_pipeline.py for tasks to queue
[2026-04-23T05:51:11.873+0000] {logging_mixin.py:188} INFO - [2026-04-23T05:51:11.872+0000] {dagbag.py:538} INFO - Filling up the DagBag from /opt/airflow/dags/ecommerce_pipeline.py
[2026-04-23T05:51:11.934+0000] {processor.py:840} INFO - DAG(s) 'ecommerce_analytics_pipeline' retrieved from /opt/airflow/dags/ecommerce_pipeline.py
[2026-04-23T05:51:12.002+0000] {logging_mixin.py:188} INFO - [2026-04-23T05:51:12.002+0000] {dag.py:3036} INFO - Sync 1 DAGs
[2026-04-23T05:51:12.058+0000] {logging_mixin.py:188} INFO - [2026-04-23T05:51:12.058+0000] {dag.py:3823} INFO - Setting next_dagrun for ecommerce_analytics_pipeline to 2026-04-23 00:00:00+00:00, run_after=2026-04-24 00:00:00+00:00
[2026-04-23T05:51:12.113+0000] {processor.py:183} INFO - Processing /opt/airflow/dags/ecommerce_pipeline.py took 0.252 seconds
[2026-04-23T05:51:42.243+0000] {processor.py:161} INFO - Started process (PID=5268) to work on /opt/airflow/dags/ecommerce_pipeline.py
[2026-04-23T05:51:42.246+0000] {processor.py:830} INFO - Processing file /opt/airflow/dags/ecommerce_pipeline.py for tasks to queue
[2026-04-23T05:51:42.249+0000] {logging_mixin.py:188} INFO - [2026-04-23T05:51:42.248+0000] {dagbag.py:538} INFO - Filling up the DagBag from /opt/airflow/dags/ecommerce_pipeline.py
[2026-04-23T05:51:42.314+0000] {processor.py:840} INFO - DAG(s) 'ecommerce_analytics_pipeline' retrieved from /opt/airflow/dags/ecommerce_pipeline.py
[2026-04-23T05:51:42.385+0000] {logging_mixin.py:188} INFO - [2026-04-23T05:51:42.385+0000] {dag.py:3036} INFO - Sync 1 DAGs
[2026-04-23T05:51:42.437+0000] {logging_mixin.py:188} INFO - [2026-04-23T05:51:42.436+0000] {dag.py:3823} INFO - Setting next_dagrun for ecommerce_analytics_pipeline to 2026-04-23 00:00:00+00:00, run_after=2026-04-24 00:00:00+00:00
[2026-04-23T05:51:42.476+0000] {processor.py:183} INFO - Processing /opt/airflow/dags/ecommerce_pipeline.py took 0.241 seconds
[2026-04-23T05:52:12.841+0000] {processor.py:161} INFO - Started process (PID=5273) to work on /opt/airflow/dags/ecommerce_pipeline.py
[2026-04-23T05:52:12.843+0000] {processor.py:830} INFO - Processing file /opt/airflow/dags/ecommerce_pipeline.py for tasks to queue
[2026-04-23T05:52:12.846+0000] {logging_mixin.py:188} INFO - [2026-04-23T05:52:12.845+0000] {dagbag.py:538} INFO - Filling up the DagBag from /opt/airflow/dags/ecommerce_pipeline.py
[2026-04-23T05:52:12.902+0000] {processor.py:840} INFO - DAG(s) 'ecommerce_analytics_pipeline' retrieved from /opt/airflow/dags/ecommerce_pipeline.py
[2026-04-23T05:52:12.978+0000] {logging_mixin.py:188} INFO - [2026-04-23T05:52:12.978+0000] {dag.py:3036} INFO - Sync 1 DAGs
[2026-04-23T05:52:13.035+0000] {logging_mixin.py:188} INFO - [2026-04-23T05:52:13.034+0000] {dag.py:3823} INFO - Setting next_dagrun for ecommerce_analytics_pipeline to 2026-04-23 00:00:00+00:00, run_after=2026-04-24 00:00:00+00:00
[2026-04-23T05:52:13.082+0000] {processor.py:183} INFO - Processing /opt/airflow/dags/ecommerce_pipeline.py took 0.248 seconds
[2026-04-23T05:52:43.185+0000] {processor.py:161} INFO - Started process (PID=5278) to work on /opt/airflow/dags/ecommerce_pipeline.py
[2026-04-23T05:52:43.189+0000] {processor.py:830} INFO - Processing file /opt/airflow/dags/ecommerce_pipeline.py for tasks to queue
[2026-04-23T05:52:43.192+0000] {logging_mixin.py:188} INFO - [2026-04-23T05:52:43.191+0000] {dagbag.py:538} INFO - Filling up the DagBag from /opt/airflow/dags/ecommerce_pipeline.py
[2026-04-23T05:52:43.281+0000] {processor.py:840} INFO - DAG(s) 'ecommerce_analytics_pipeline' retrieved from /opt/airflow/dags/ecommerce_pipeline.py
[2026-04-23T05:52:43.354+0000] {logging_mixin.py:188} INFO - [2026-04-23T05:52:43.354+0000] {dag.py:3036} INFO - Sync 1 DAGs
[2026-04-23T05:52:43.408+0000] {logging_mixin.py:188} INFO - [2026-04-23T05:52:43.407+0000] {dag.py:3823} INFO - Setting next_dagrun for ecommerce_analytics_pipeline to 2026-04-23 00:00:00+00:00, run_after=2026-04-24 00:00:00+00:00
[2026-04-23T05:52:43.456+0000] {processor.py:183} INFO - Processing /opt/airflow/dags/ecommerce_pipeline.py took 0.282 seconds
[2026-04-23T05:53:13.846+0000] {processor.py:161} INFO - Started process (PID=5283) to work on /opt/airflow/dags/ecommerce_pipeline.py
[2026-04-23T05:53:13.849+0000] {processor.py:830} INFO - Processing file /opt/airflow/dags/ecommerce_pipeline.py for tasks to queue
[2026-04-23T05:53:13.854+0000] {logging_mixin.py:188} INFO - [2026-04-23T05:53:13.853+0000] {dagbag.py:538} INFO - Filling up the DagBag from /opt/airflow/dags/ecommerce_pipeline.py
[2026-04-23T05:53:13.929+0000] {processor.py:840} INFO - DAG(s) 'ecommerce_analytics_pipeline' retrieved from /opt/airflow/dags/ecommerce_pipeline.py
[2026-04-23T05:53:13.997+0000] {logging_mixin.py:188} INFO - [2026-04-23T05:53:13.997+0000] {dag.py:3036} INFO - Sync 1 DAGs
[2026-04-23T05:53:14.045+0000] {logging_mixin.py:188} INFO - [2026-04-23T05:53:14.045+0000] {dag.py:3823} INFO - Setting next_dagrun for ecommerce_analytics_pipeline to 2026-04-23 00:00:00+00:00, run_after=2026-04-24 00:00:00+00:00
[2026-04-23T05:53:14.094+0000] {processor.py:183} INFO - Processing /opt/airflow/dags/ecommerce_pipeline.py took 0.259 seconds
[2026-04-23T05:53:44.332+0000] {processor.py:161} INFO - Started process (PID=5288) to work on /opt/airflow/dags/ecommerce_pipeline.py
[2026-04-23T05:53:44.335+0000] {processor.py:830} INFO - Processing file /opt/airflow/dags/ecommerce_pipeline.py for tasks to queue
[2026-04-23T05:53:44.338+0000] {logging_mixin.py:188} INFO - [2026-04-23T05:53:44.337+0000] {dagbag.py:538} INFO - Filling up the DagBag from /opt/airflow/dags/ecommerce_pipeline.py
[2026-04-23T05:53:44.417+0000] {processor.py:840} INFO - DAG(s) 'ecommerce_analytics_pipeline' retrieved from /opt/airflow/dags/ecommerce_pipeline.py
[2026-04-23T05:53:44.485+0000] {logging_mixin.py:188} INFO - [2026-04-23T05:53:44.485+0000] {dag.py:3036} INFO - Sync 1 DAGs
[2026-04-23T05:53:44.533+0000] {logging_mixin.py:188} INFO - [2026-04-23T05:53:44.532+0000] {dag.py:3823} INFO - Setting next_dagrun for ecommerce_analytics_pipeline to 2026-04-23 00:00:00+00:00, run_after=2026-04-24 00:00:00+00:00
[2026-04-23T05:53:44.575+0000] {processor.py:183} INFO - Processing /opt/airflow/dags/ecommerce_pipeline.py took 0.251 seconds
[2026-04-23T05:54:14.947+0000] {processor.py:161} INFO - Started process (PID=5293) to work on /opt/airflow/dags/ecommerce_pipeline.py
[2026-04-23T05:54:14.950+0000] {processor.py:830} INFO - Processing file /opt/airflow/dags/ecommerce_pipeline.py for tasks to queue
[2026-04-23T05:54:14.952+0000] {logging_mixin.py:188} INFO - [2026-04-23T05:54:14.951+0000] {dagbag.py:538} INFO - Filling up the DagBag from /opt/airflow/dags/ecommerce_pipeline.py
[2026-04-23T05:54:15.027+0000] {processor.py:840} INFO - DAG(s) 'ecommerce_analytics_pipeline' retrieved from /opt/airflow/dags/ecommerce_pipeline.py
[2026-04-23T05:54:15.099+0000] {logging_mixin.py:188} INFO - [2026-04-23T05:54:15.098+0000] {dag.py:3036} INFO - Sync 1 DAGs
[2026-04-23T05:54:15.134+0000] {logging_mixin.py:188} INFO - [2026-04-23T05:54:15.134+0000] {dag.py:3823} INFO - Setting next_dagrun for ecommerce_analytics_pipeline to 2026-04-23 00:00:00+00:00, run_after=2026-04-24 00:00:00+00:00
[2026-04-23T05:54:15.175+0000] {processor.py:183} INFO - Processing /opt/airflow/dags/ecommerce_pipeline.py took 0.234 seconds
[2026-04-23T05:54:45.448+0000] {processor.py:161} INFO - Started process (PID=5298) to work on /opt/airflow/dags/ecommerce_pipeline.py
[2026-04-23T05:54:45.450+0000] {processor.py:830} INFO - Processing file /opt/airflow/dags/ecommerce_pipeline.py for tasks to queue
[2026-04-23T05:54:45.452+0000] {logging_mixin.py:188} INFO - [2026-04-23T05:54:45.452+0000] {dagbag.py:538} INFO - Filling up the DagBag from /opt/airflow/dags/ecommerce_pipeline.py
[2026-04-23T05:54:45.521+0000] {processor.py:840} INFO - DAG(s) 'ecommerce_analytics_pipeline' retrieved from /opt/airflow/dags/ecommerce_pipeline.py
[2026-04-23T05:54:45.578+0000] {logging_mixin.py:188} INFO - [2026-04-23T05:54:45.578+0000] {dag.py:3036} INFO - Sync 1 DAGs
[2026-04-23T05:54:45.649+0000] {logging_mixin.py:188} INFO - [2026-04-23T05:54:45.648+0000] {dag.py:3823} INFO - Setting next_dagrun for ecommerce_analytics_pipeline to 2026-04-23 00:00:00+00:00, run_after=2026-04-24 00:00:00+00:00
[2026-04-23T05:54:45.708+0000] {processor.py:183} INFO - Processing /opt/airflow/dags/ecommerce_pipeline.py took 0.269 seconds
[2026-04-23T05:55:16.094+0000] {processor.py:161} INFO - Started process (PID=5303) to work on /opt/airflow/dags/ecommerce_pipeline.py
[2026-04-23T05:55:16.096+0000] {processor.py:830} INFO - Processing file /opt/airflow/dags/ecommerce_pipeline.py for tasks to queue
[2026-04-23T05:55:16.099+0000] {logging_mixin.py:188} INFO - [2026-04-23T05:55:16.099+0000] {dagbag.py:538} INFO - Filling up the DagBag from /opt/airflow/dags/ecommerce_pipeline.py
[2026-04-23T05:55:16.166+0000] {processor.py:840} INFO - DAG(s) 'ecommerce_analytics_pipeline' retrieved from /opt/airflow/dags/ecommerce_pipeline.py
[2026-04-23T05:55:16.215+0000] {logging_mixin.py:188} INFO - [2026-04-23T05:55:16.214+0000] {dag.py:3036} INFO - Sync 1 DAGs
[2026-04-23T05:55:16.262+0000] {logging_mixin.py:188} INFO - [2026-04-23T05:55:16.261+0000] {dag.py:3823} INFO - Setting next_dagrun for ecommerce_analytics_pipeline to 2026-04-23 00:00:00+00:00, run_after=2026-04-24 00:00:00+00:00
[2026-04-23T05:55:16.304+0000] {processor.py:183} INFO - Processing /opt/airflow/dags/ecommerce_pipeline.py took 0.219 seconds
[2026-04-23T05:55:46.631+0000] {processor.py:161} INFO - Started process (PID=5308) to work on /opt/airflow/dags/ecommerce_pipeline.py
[2026-04-23T05:55:46.635+0000] {processor.py:830} INFO - Processing file /opt/airflow/dags/ecommerce_pipeline.py for tasks to queue
[2026-04-23T05:55:46.637+0000] {logging_mixin.py:188} INFO - [2026-04-23T05:55:46.637+0000] {dagbag.py:538} INFO - Filling up the DagBag from /opt/airflow/dags/ecommerce_pipeline.py
[2026-04-23T05:55:46.716+0000] {processor.py:840} INFO - DAG(s) 'ecommerce_analytics_pipeline' retrieved from /opt/airflow/dags/ecommerce_pipeline.py
[2026-04-23T05:55:46.785+0000] {logging_mixin.py:188} INFO - [2026-04-23T05:55:46.785+0000] {dag.py:3036} INFO - Sync 1 DAGs
[2026-04-23T05:55:46.828+0000] {logging_mixin.py:188} INFO - [2026-04-23T05:55:46.827+0000] {dag.py:3823} INFO - Setting next_dagrun for ecommerce_analytics_pipeline to 2026-04-23 00:00:00+00:00, run_after=2026-04-24 00:00:00+00:00
[2026-04-23T05:55:46.882+0000] {processor.py:183} INFO - Processing /opt/airflow/dags/ecommerce_pipeline.py took 0.259 seconds
[2026-04-23T05:56:17.263+0000] {processor.py:161} INFO - Started process (PID=5313) to work on /opt/airflow/dags/ecommerce_pipeline.py
[2026-04-23T05:56:17.266+0000] {processor.py:830} INFO - Processing file /opt/airflow/dags/ecommerce_pipeline.py for tasks to queue
[2026-04-23T05:56:17.270+0000] {logging_mixin.py:188} INFO - [2026-04-23T05:56:17.269+0000] {dagbag.py:538} INFO - Filling up the DagBag from /opt/airflow/dags/ecommerce_pipeline.py
[2026-04-23T05:56:17.354+0000] {processor.py:840} INFO - DAG(s) 'ecommerce_analytics_pipeline' retrieved from /opt/airflow/dags/ecommerce_pipeline.py
[2026-04-23T05:56:17.427+0000] {logging_mixin.py:188} INFO - [2026-04-23T05:56:17.426+0000] {dag.py:3036} INFO - Sync 1 DAGs
[2026-04-23T05:56:17.477+0000] {logging_mixin.py:188} INFO - [2026-04-23T05:56:17.476+0000] {dag.py:3823} INFO - Setting next_dagrun for ecommerce_analytics_pipeline to 2026-04-23 00:00:00+00:00, run_after=2026-04-24 00:00:00+00:00
[2026-04-23T05:56:17.521+0000] {processor.py:183} INFO - Processing /opt/airflow/dags/ecommerce_pipeline.py took 0.269 seconds
[2026-04-23T05:56:47.823+0000] {processor.py:161} INFO - Started process (PID=5318) to work on /opt/airflow/dags/ecommerce_pipeline.py
[2026-04-23T05:56:47.825+0000] {processor.py:830} INFO - Processing file /opt/airflow/dags/ecommerce_pipeline.py for tasks to queue
[2026-04-23T05:56:47.827+0000] {logging_mixin.py:188} INFO - [2026-04-23T05:56:47.827+0000] {dagbag.py:538} INFO - Filling up the DagBag from /opt/airflow/dags/ecommerce_pipeline.py
[2026-04-23T05:56:47.903+0000] {processor.py:840} INFO - DAG(s) 'ecommerce_analytics_pipeline' retrieved from /opt/airflow/dags/ecommerce_pipeline.py
[2026-04-23T05:56:47.974+0000] {logging_mixin.py:188} INFO - [2026-04-23T05:56:47.973+0000] {dag.py:3036} INFO - Sync 1 DAGs
[2026-04-23T05:56:48.011+0000] {logging_mixin.py:188} INFO - [2026-04-23T05:56:48.011+0000] {dag.py:3823} INFO - Setting next_dagrun for ecommerce_analytics_pipeline to 2026-04-23 00:00:00+00:00, run_after=2026-04-24 00:00:00+00:00
[2026-04-23T05:56:48.061+0000] {processor.py:183} INFO - Processing /opt/airflow/dags/ecommerce_pipeline.py took 0.244 seconds
[2026-04-23T05:57:18.501+0000] {processor.py:161} INFO - Started process (PID=5323) to work on /opt/airflow/dags/ecommerce_pipeline.py
[2026-04-23T05:57:18.505+0000] {processor.py:830} INFO - Processing file /opt/airflow/dags/ecommerce_pipeline.py for tasks to queue
[2026-04-23T05:57:18.509+0000] {logging_mixin.py:188} INFO - [2026-04-23T05:57:18.507+0000] {dagbag.py:538} INFO - Filling up the DagBag from /opt/airflow/dags/ecommerce_pipeline.py
[2026-04-23T05:57:18.585+0000] {processor.py:840} INFO - DAG(s) 'ecommerce_analytics_pipeline' retrieved from /opt/airflow/dags/ecommerce_pipeline.py
[2026-04-23T05:57:18.641+0000] {logging_mixin.py:188} INFO - [2026-04-23T05:57:18.641+0000] {dag.py:3036} INFO - Sync 1 DAGs
[2026-04-23T05:57:18.681+0000] {logging_mixin.py:188} INFO - [2026-04-23T05:57:18.681+0000] {dag.py:3823} INFO - Setting next_dagrun for ecommerce_analytics_pipeline to 2026-04-23 00:00:00+00:00, run_after=2026-04-24 00:00:00+00:00
[2026-04-23T05:57:18.722+0000] {processor.py:183} INFO - Processing /opt/airflow/dags/ecommerce_pipeline.py took 0.234 seconds
[2026-04-23T05:57:48.968+0000] {processor.py:161} INFO - Started process (PID=5328) to work on /opt/airflow/dags/ecommerce_pipeline.py
[2026-04-23T05:57:48.972+0000] {processor.py:830} INFO - Processing file /opt/airflow/dags/ecommerce_pipeline.py for tasks to queue
[2026-04-23T05:57:48.976+0000] {logging_mixin.py:188} INFO - [2026-04-23T05:57:48.975+0000] {dagbag.py:538} INFO - Filling up the DagBag from /opt/airflow/dags/ecommerce_pipeline.py
[2026-04-23T05:57:49.068+0000] {processor.py:840} INFO - DAG(s) 'ecommerce_analytics_pipeline' retrieved from /opt/airflow/dags/ecommerce_pipeline.py
[2026-04-23T05:57:49.137+0000] {logging_mixin.py:188} INFO - [2026-04-23T05:57:49.137+0000] {dag.py:3036} INFO - Sync 1 DAGs
[2026-04-23T05:57:49.186+0000] {logging_mixin.py:188} INFO - [2026-04-23T05:57:49.185+0000] {dag.py:3823} INFO - Setting next_dagrun for ecommerce_analytics_pipeline to 2026-04-23 00:00:00+00:00, run_after=2026-04-24 00:00:00+00:00
[2026-04-23T05:57:49.232+0000] {processor.py:183} INFO - Processing /opt/airflow/dags/ecommerce_pipeline.py took 0.278 seconds
[2026-04-23T05:58:19.727+0000] {processor.py:161} INFO - Started process (PID=5333) to work on /opt/airflow/dags/ecommerce_pipeline.py
[2026-04-23T05:58:19.733+0000] {processor.py:830} INFO - Processing file /opt/airflow/dags/ecommerce_pipeline.py for tasks to queue
[2026-04-23T05:58:19.740+0000] {logging_mixin.py:188} INFO - [2026-04-23T05:58:19.738+0000] {dagbag.py:538} INFO - Filling up the DagBag from /opt/airflow/dags/ecommerce_pipeline.py
[2026-04-23T05:58:19.862+0000] {processor.py:840} INFO - DAG(s) 'ecommerce_analytics_pipeline' retrieved from /opt/airflow/dags/ecommerce_pipeline.py
[2026-04-23T05:58:19.946+0000] {logging_mixin.py:188} INFO - [2026-04-23T05:58:19.946+0000] {dag.py:3036} INFO - Sync 1 DAGs
[2026-04-23T05:58:19.981+0000] {logging_mixin.py:188} INFO - [2026-04-23T05:58:19.981+0000] {dag.py:3823} INFO - Setting next_dagrun for ecommerce_analytics_pipeline to 2026-04-23 00:00:00+00:00, run_after=2026-04-24 00:00:00+00:00
[2026-04-23T05:58:20.031+0000] {processor.py:183} INFO - Processing /opt/airflow/dags/ecommerce_pipeline.py took 0.331 seconds
[2026-04-23T05:58:50.232+0000] {processor.py:161} INFO - Started process (PID=5338) to work on /opt/airflow/dags/ecommerce_pipeline.py
[2026-04-23T05:58:50.234+0000] {processor.py:830} INFO - Processing file /opt/airflow/dags/ecommerce_pipeline.py for tasks to queue
[2026-04-23T05:58:50.237+0000] {logging_mixin.py:188} INFO - [2026-04-23T05:58:50.236+0000] {dagbag.py:538} INFO - Filling up the DagBag from /opt/airflow/dags/ecommerce_pipeline.py
[2026-04-23T05:58:50.293+0000] {processor.py:840} INFO - DAG(s) 'ecommerce_analytics_pipeline' retrieved from /opt/airflow/dags/ecommerce_pipeline.py
[2026-04-23T05:58:50.353+0000] {logging_mixin.py:188} INFO - [2026-04-23T05:58:50.353+0000] {dag.py:3036} INFO - Sync 1 DAGs
[2026-04-23T05:58:50.400+0000] {logging_mixin.py:188} INFO - [2026-04-23T05:58:50.399+0000] {dag.py:3823} INFO - Setting next_dagrun for ecommerce_analytics_pipeline to 2026-04-23 00:00:00+00:00, run_after=2026-04-24 00:00:00+00:00
[2026-04-23T05:58:50.444+0000] {processor.py:183} INFO - Processing /opt/airflow/dags/ecommerce_pipeline.py took 0.223 seconds
[2026-04-23T05:59:20.739+0000] {processor.py:161} INFO - Started process (PID=5343) to work on /opt/airflow/dags/ecommerce_pipeline.py
[2026-04-23T05:59:20.742+0000] {processor.py:830} INFO - Processing file /opt/airflow/dags/ecommerce_pipeline.py for tasks to queue
[2026-04-23T05:59:20.745+0000] {logging_mixin.py:188} INFO - [2026-04-23T05:59:20.744+0000] {dagbag.py:538} INFO - Filling up the DagBag from /opt/airflow/dags/ecommerce_pipeline.py
[2026-04-23T05:59:20.818+0000] {processor.py:840} INFO - DAG(s) 'ecommerce_analytics_pipeline' retrieved from /opt/airflow/dags/ecommerce_pipeline.py
[2026-04-23T05:59:20.871+0000] {logging_mixin.py:188} INFO - [2026-04-23T05:59:20.870+0000] {dag.py:3036} INFO - Sync 1 DAGs
[2026-04-23T05:59:20.913+0000] {logging_mixin.py:188} INFO - [2026-04-23T05:59:20.913+0000] {dag.py:3823} INFO - Setting next_dagrun for ecommerce_analytics_pipeline to 2026-04-23 00:00:00+00:00, run_after=2026-04-24 00:00:00+00:00
[2026-04-23T05:59:20.967+0000] {processor.py:183} INFO - Processing /opt/airflow/dags/ecommerce_pipeline.py took 0.238 seconds
[2026-04-23T05:59:51.409+0000] {processor.py:161} INFO - Started process (PID=5348) to work on /opt/airflow/dags/ecommerce_pipeline.py
[2026-04-23T05:59:51.412+0000] {processor.py:830} INFO - Processing file /opt/airflow/dags/ecommerce_pipeline.py for tasks to queue
[2026-04-23T05:59:51.415+0000] {logging_mixin.py:188} INFO - [2026-04-23T05:59:51.414+0000] {dagbag.py:538} INFO - Filling up the DagBag from /opt/airflow/dags/ecommerce_pipeline.py
[2026-04-23T05:59:51.495+0000] {processor.py:840} INFO - DAG(s) 'ecommerce_analytics_pipeline' retrieved from /opt/airflow/dags/ecommerce_pipeline.py
[2026-04-23T05:59:51.562+0000] {logging_mixin.py:188} INFO - [2026-04-23T05:59:51.562+0000] {dag.py:3036} INFO - Sync 1 DAGs
[2026-04-23T05:59:51.609+0000] {logging_mixin.py:188} INFO - [2026-04-23T05:59:51.609+0000] {dag.py:3823} INFO - Setting next_dagrun for ecommerce_analytics_pipeline to 2026-04-23 00:00:00+00:00, run_after=2026-04-24 00:00:00+00:00
[2026-04-23T05:59:51.655+0000] {processor.py:183} INFO - Processing /opt/airflow/dags/ecommerce_pipeline.py took 0.255 seconds
[2026-04-23T06:00:21.897+0000] {processor.py:161} INFO - Started process (PID=5353) to work on /opt/airflow/dags/ecommerce_pipeline.py
[2026-04-23T06:00:21.899+0000] {processor.py:830} INFO - Processing file /opt/airflow/dags/ecommerce_pipeline.py for tasks to queue
[2026-04-23T06:00:21.901+0000] {logging_mixin.py:188} INFO - [2026-04-23T06:00:21.900+0000] {dagbag.py:538} INFO - Filling up the DagBag from /opt/airflow/dags/ecommerce_pipeline.py
[2026-04-23T06:00:21.968+0000] {processor.py:840} INFO - DAG(s) 'ecommerce_analytics_pipeline' retrieved from /opt/airflow/dags/ecommerce_pipeline.py
[2026-04-23T06:00:22.029+0000] {logging_mixin.py:188} INFO - [2026-04-23T06:00:22.029+0000] {dag.py:3036} INFO - Sync 1 DAGs
[2026-04-23T06:00:22.074+0000] {logging_mixin.py:188} INFO - [2026-04-23T06:00:22.074+0000] {dag.py:3823} INFO - Setting next_dagrun for ecommerce_analytics_pipeline to 2026-04-23 00:00:00+00:00, run_after=2026-04-24 00:00:00+00:00
[2026-04-23T06:00:22.119+0000] {processor.py:183} INFO - Processing /opt/airflow/dags/ecommerce_pipeline.py took 0.229 seconds
[2026-04-23T06:00:52.598+0000] {processor.py:161} INFO - Started process (PID=5358) to work on /opt/airflow/dags/ecommerce_pipeline.py
[2026-04-23T06:00:52.600+0000] {processor.py:830} INFO - Processing file /opt/airflow/dags/ecommerce_pipeline.py for tasks to queue
[2026-04-23T06:00:52.603+0000] {logging_mixin.py:188} INFO - [2026-04-23T06:00:52.602+0000] {dagbag.py:538} INFO - Filling up the DagBag from /opt/airflow/dags/ecommerce_pipeline.py
[2026-04-23T06:00:52.687+0000] {processor.py:840} INFO - DAG(s) 'ecommerce_analytics_pipeline' retrieved from /opt/airflow/dags/ecommerce_pipeline.py
[2026-04-23T06:00:52.775+0000] {logging_mixin.py:188} INFO - [2026-04-23T06:00:52.774+0000] {dag.py:3036} INFO - Sync 1 DAGs
[2026-04-23T06:00:52.831+0000] {logging_mixin.py:188} INFO - [2026-04-23T06:00:52.830+0000] {dag.py:3823} INFO - Setting next_dagrun for ecommerce_analytics_pipeline to 2026-04-23 00:00:00+00:00, run_after=2026-04-24 00:00:00+00:00
[2026-04-23T06:00:52.886+0000] {processor.py:183} INFO - Processing /opt/airflow/dags/ecommerce_pipeline.py took 0.295 seconds
[2026-04-23T06:01:23.103+0000] {processor.py:161} INFO - Started process (PID=5363) to work on /opt/airflow/dags/ecommerce_pipeline.py
[2026-04-23T06:01:23.105+0000] {processor.py:830} INFO - Processing file /opt/airflow/dags/ecommerce_pipeline.py for tasks to queue
[2026-04-23T06:01:23.108+0000] {logging_mixin.py:188} INFO - [2026-04-23T06:01:23.107+0000] {dagbag.py:538} INFO - Filling up the DagBag from /opt/airflow/dags/ecommerce_pipeline.py
[2026-04-23T06:01:23.169+0000] {processor.py:840} INFO - DAG(s) 'ecommerce_analytics_pipeline' retrieved from /opt/airflow/dags/ecommerce_pipeline.py
[2026-04-23T06:01:23.227+0000] {logging_mixin.py:188} INFO - [2026-04-23T06:01:23.227+0000] {dag.py:3036} INFO - Sync 1 DAGs
[2026-04-23T06:01:23.272+0000] {logging_mixin.py:188} INFO - [2026-04-23T06:01:23.272+0000] {dag.py:3823} INFO - Setting next_dagrun for ecommerce_analytics_pipeline to 2026-04-23 00:00:00+00:00, run_after=2026-04-24 00:00:00+00:00
[2026-04-23T06:01:23.318+0000] {processor.py:183} INFO - Processing /opt/airflow/dags/ecommerce_pipeline.py took 0.223 seconds
[2026-04-23T06:01:53.866+0000] {processor.py:161} INFO - Started process (PID=5368) to work on /opt/airflow/dags/ecommerce_pipeline.py
[2026-04-23T06:01:53.869+0000] {processor.py:830} INFO - Processing file /opt/airflow/dags/ecommerce_pipeline.py for tasks to queue
[2026-04-23T06:01:53.873+0000] {logging_mixin.py:188} INFO - [2026-04-23T06:01:53.872+0000] {dagbag.py:538} INFO - Filling up the DagBag from /opt/airflow/dags/ecommerce_pipeline.py
[2026-04-23T06:01:53.949+0000] {processor.py:840} INFO - DAG(s) 'ecommerce_analytics_pipeline' retrieved from /opt/airflow/dags/ecommerce_pipeline.py
[2026-04-23T06:01:54.024+0000] {logging_mixin.py:188} INFO - [2026-04-23T06:01:54.023+0000] {dag.py:3036} INFO - Sync 1 DAGs
[2026-04-23T06:01:54.081+0000] {logging_mixin.py:188} INFO - [2026-04-23T06:01:54.080+0000] {dag.py:3823} INFO - Setting next_dagrun for ecommerce_analytics_pipeline to 2026-04-23 00:00:00+00:00, run_after=2026-04-24 00:00:00+00:00
[2026-04-23T06:01:54.132+0000] {processor.py:183} INFO - Processing /opt/airflow/dags/ecommerce_pipeline.py took 0.278 seconds
[2026-04-23T06:02:24.286+0000] {processor.py:161} INFO - Started process (PID=5373) to work on /opt/airflow/dags/ecommerce_pipeline.py
[2026-04-23T06:02:24.289+0000] {processor.py:830} INFO - Processing file /opt/airflow/dags/ecommerce_pipeline.py for tasks to queue
[2026-04-23T06:02:24.291+0000] {logging_mixin.py:188} INFO - [2026-04-23T06:02:24.290+0000] {dagbag.py:538} INFO - Filling up the DagBag from /opt/airflow/dags/ecommerce_pipeline.py
[2026-04-23T06:02:24.348+0000] {processor.py:840} INFO - DAG(s) 'ecommerce_analytics_pipeline' retrieved from /opt/airflow/dags/ecommerce_pipeline.py
[2026-04-23T06:02:24.408+0000] {logging_mixin.py:188} INFO - [2026-04-23T06:02:24.407+0000] {dag.py:3036} INFO - Sync 1 DAGs
[2026-04-23T06:02:24.443+0000] {logging_mixin.py:188} INFO - [2026-04-23T06:02:24.443+0000] {dag.py:3823} INFO - Setting next_dagrun for ecommerce_analytics_pipeline to 2026-04-23 00:00:00+00:00, run_after=2026-04-24 00:00:00+00:00
[2026-04-23T06:02:24.479+0000] {processor.py:183} INFO - Processing /opt/airflow/dags/ecommerce_pipeline.py took 0.201 seconds
[2026-04-23T06:02:54.772+0000] {processor.py:161} INFO - Started process (PID=5378) to work on /opt/airflow/dags/ecommerce_pipeline.py
[2026-04-23T06:02:54.774+0000] {processor.py:830} INFO - Processing file /opt/airflow/dags/ecommerce_pipeline.py for tasks to queue
[2026-04-23T06:02:54.776+0000] {logging_mixin.py:188} INFO - [2026-04-23T06:02:54.775+0000] {dagbag.py:538} INFO - Filling up the DagBag from /opt/airflow/dags/ecommerce_pipeline.py
[2026-04-23T06:02:54.833+0000] {processor.py:840} INFO - DAG(s) 'ecommerce_analytics_pipeline' retrieved from /opt/airflow/dags/ecommerce_pipeline.py
[2026-04-23T06:02:54.907+0000] {logging_mixin.py:188} INFO - [2026-04-23T06:02:54.907+0000] {dag.py:3036} INFO - Sync 1 DAGs
[2026-04-23T06:02:54.965+0000] {logging_mixin.py:188} INFO - [2026-04-23T06:02:54.964+0000] {dag.py:3823} INFO - Setting next_dagrun for ecommerce_analytics_pipeline to 2026-04-23 00:00:00+00:00, run_after=2026-04-24 00:00:00+00:00
[2026-04-23T06:02:55.027+0000] {processor.py:183} INFO - Processing /opt/airflow/dags/ecommerce_pipeline.py took 0.261 seconds
[2026-04-23T06:03:25.411+0000] {processor.py:161} INFO - Started process (PID=5383) to work on /opt/airflow/dags/ecommerce_pipeline.py
[2026-04-23T06:03:25.414+0000] {processor.py:830} INFO - Processing file /opt/airflow/dags/ecommerce_pipeline.py for tasks to queue
[2026-04-23T06:03:25.418+0000] {logging_mixin.py:188} INFO - [2026-04-23T06:03:25.417+0000] {dagbag.py:538} INFO - Filling up the DagBag from /opt/airflow/dags/ecommerce_pipeline.py
[2026-04-23T06:03:25.496+0000] {processor.py:840} INFO - DAG(s) 'ecommerce_analytics_pipeline' retrieved from /opt/airflow/dags/ecommerce_pipeline.py
[2026-04-23T06:03:25.569+0000] {logging_mixin.py:188} INFO - [2026-04-23T06:03:25.568+0000] {dag.py:3036} INFO - Sync 1 DAGs
[2026-04-23T06:03:25.604+0000] {logging_mixin.py:188} INFO - [2026-04-23T06:03:25.604+0000] {dag.py:3823} INFO - Setting next_dagrun for ecommerce_analytics_pipeline to 2026-04-23 00:00:00+00:00, run_after=2026-04-24 00:00:00+00:00
[2026-04-23T06:03:25.655+0000] {processor.py:183} INFO - Processing /opt/airflow/dags/ecommerce_pipeline.py took 0.253 seconds
[2026-04-23T06:03:55.924+0000] {processor.py:161} INFO - Started process (PID=5388) to work on /opt/airflow/dags/ecommerce_pipeline.py
[2026-04-23T06:03:55.926+0000] {processor.py:830} INFO - Processing file /opt/airflow/dags/ecommerce_pipeline.py for tasks to queue
[2026-04-23T06:03:55.929+0000] {logging_mixin.py:188} INFO - [2026-04-23T06:03:55.928+0000] {dagbag.py:538} INFO - Filling up the DagBag from /opt/airflow/dags/ecommerce_pipeline.py
[2026-04-23T06:03:55.983+0000] {processor.py:840} INFO - DAG(s) 'ecommerce_analytics_pipeline' retrieved from /opt/airflow/dags/ecommerce_pipeline.py
[2026-04-23T06:03:56.032+0000] {logging_mixin.py:188} INFO - [2026-04-23T06:03:56.032+0000] {dag.py:3036} INFO - Sync 1 DAGs
[2026-04-23T06:03:56.065+0000] {logging_mixin.py:188} INFO - [2026-04-23T06:03:56.065+0000] {dag.py:3823} INFO - Setting next_dagrun for ecommerce_analytics_pipeline to 2026-04-23 00:00:00+00:00, run_after=2026-04-24 00:00:00+00:00
[2026-04-23T06:03:56.107+0000] {processor.py:183} INFO - Processing /opt/airflow/dags/ecommerce_pipeline.py took 0.190 seconds
[2026-04-23T06:04:26.594+0000] {processor.py:161} INFO - Started process (PID=5393) to work on /opt/airflow/dags/ecommerce_pipeline.py
[2026-04-23T06:04:26.597+0000] {processor.py:830} INFO - Processing file /opt/airflow/dags/ecommerce_pipeline.py for tasks to queue
[2026-04-23T06:04:26.600+0000] {logging_mixin.py:188} INFO - [2026-04-23T06:04:26.599+0000] {dagbag.py:538} INFO - Filling up the DagBag from /opt/airflow/dags/ecommerce_pipeline.py
[2026-04-23T06:04:26.681+0000] {processor.py:840} INFO - DAG(s) 'ecommerce_analytics_pipeline' retrieved from /opt/airflow/dags/ecommerce_pipeline.py
[2026-04-23T06:04:26.757+0000] {logging_mixin.py:188} INFO - [2026-04-23T06:04:26.756+0000] {dag.py:3036} INFO - Sync 1 DAGs
[2026-04-23T06:04:26.803+0000] {logging_mixin.py:188} INFO - [2026-04-23T06:04:26.803+0000] {dag.py:3823} INFO - Setting next_dagrun for ecommerce_analytics_pipeline to 2026-04-23 00:00:00+00:00, run_after=2026-04-24 00:00:00+00:00
[2026-04-23T06:04:26.841+0000] {processor.py:183} INFO - Processing /opt/airflow/dags/ecommerce_pipeline.py took 0.259 seconds
[2026-04-23T06:04:57.215+0000] {processor.py:161} INFO - Started process (PID=5398) to work on /opt/airflow/dags/ecommerce_pipeline.py
[2026-04-23T06:04:57.218+0000] {processor.py:830} INFO - Processing file /opt/airflow/dags/ecommerce_pipeline.py for tasks to queue
[2026-04-23T06:04:57.220+0000] {logging_mixin.py:188} INFO - [2026-04-23T06:04:57.219+0000] {dagbag.py:538} INFO - Filling up the DagBag from /opt/airflow/dags/ecommerce_pipeline.py
[2026-04-23T06:04:57.295+0000] {processor.py:840} INFO - DAG(s) 'ecommerce_analytics_pipeline' retrieved from /opt/airflow/dags/ecommerce_pipeline.py
[2026-04-23T06:04:57.348+0000] {logging_mixin.py:188} INFO - [2026-04-23T06:04:57.347+0000] {dag.py:3036} INFO - Sync 1 DAGs
[2026-04-23T06:04:57.395+0000] {logging_mixin.py:188} INFO - [2026-04-23T06:04:57.395+0000] {dag.py:3823} INFO - Setting next_dagrun for ecommerce_analytics_pipeline to 2026-04-23 00:00:00+00:00, run_after=2026-04-24 00:00:00+00:00
[2026-04-23T06:04:57.437+0000] {processor.py:183} INFO - Processing /opt/airflow/dags/ecommerce_pipeline.py took 0.228 seconds
[2026-04-23T06:05:27.623+0000] {processor.py:161} INFO - Started process (PID=5403) to work on /opt/airflow/dags/ecommerce_pipeline.py
[2026-04-23T06:05:27.626+0000] {processor.py:830} INFO - Processing file /opt/airflow/dags/ecommerce_pipeline.py for tasks to queue
[2026-04-23T06:05:27.629+0000] {logging_mixin.py:188} INFO - [2026-04-23T06:05:27.628+0000] {dagbag.py:538} INFO - Filling up the DagBag from /opt/airflow/dags/ecommerce_pipeline.py
[2026-04-23T06:05:27.686+0000] {processor.py:840} INFO - DAG(s) 'ecommerce_analytics_pipeline' retrieved from /opt/airflow/dags/ecommerce_pipeline.py
[2026-04-23T06:05:27.740+0000] {logging_mixin.py:188} INFO - [2026-04-23T06:05:27.739+0000] {dag.py:3036} INFO - Sync 1 DAGs
[2026-04-23T06:05:27.789+0000] {logging_mixin.py:188} INFO - [2026-04-23T06:05:27.788+0000] {dag.py:3823} INFO - Setting next_dagrun for ecommerce_analytics_pipeline to 2026-04-23 00:00:00+00:00, run_after=2026-04-24 00:00:00+00:00
[2026-04-23T06:05:27.846+0000] {processor.py:183} INFO - Processing /opt/airflow/dags/ecommerce_pipeline.py took 0.234 seconds
[2026-04-23T06:05:58.287+0000] {processor.py:161} INFO - Started process (PID=5408) to work on /opt/airflow/dags/ecommerce_pipeline.py
[2026-04-23T06:05:58.290+0000] {processor.py:830} INFO - Processing file /opt/airflow/dags/ecommerce_pipeline.py for tasks to queue
[2026-04-23T06:05:58.292+0000] {logging_mixin.py:188} INFO - [2026-04-23T06:05:58.292+0000] {dagbag.py:538} INFO - Filling up the DagBag from /opt/airflow/dags/ecommerce_pipeline.py
[2026-04-23T06:05:58.341+0000] {processor.py:840} INFO - DAG(s) 'ecommerce_analytics_pipeline' retrieved from /opt/airflow/dags/ecommerce_pipeline.py
[2026-04-23T06:05:58.405+0000] {logging_mixin.py:188} INFO - [2026-04-23T06:05:58.405+0000] {dag.py:3036} INFO - Sync 1 DAGs
[2026-04-23T06:05:58.453+0000] {logging_mixin.py:188} INFO - [2026-04-23T06:05:58.453+0000] {dag.py:3823} INFO - Setting next_dagrun for ecommerce_analytics_pipeline to 2026-04-23 00:00:00+00:00, run_after=2026-04-24 00:00:00+00:00
[2026-04-23T06:05:58.499+0000] {processor.py:183} INFO - Processing /opt/airflow/dags/ecommerce_pipeline.py took 0.223 seconds
[2026-04-23T06:06:28.949+0000] {processor.py:161} INFO - Started process (PID=5413) to work on /opt/airflow/dags/ecommerce_pipeline.py
[2026-04-23T06:06:28.954+0000] {processor.py:830} INFO - Processing file /opt/airflow/dags/ecommerce_pipeline.py for tasks to queue
[2026-04-23T06:06:28.958+0000] {logging_mixin.py:188} INFO - [2026-04-23T06:06:28.956+0000] {dagbag.py:538} INFO - Filling up the DagBag from /opt/airflow/dags/ecommerce_pipeline.py
[2026-04-23T06:06:29.036+0000] {processor.py:840} INFO - DAG(s) 'ecommerce_analytics_pipeline' retrieved from /opt/airflow/dags/ecommerce_pipeline.py
[2026-04-23T06:06:29.114+0000] {logging_mixin.py:188} INFO - [2026-04-23T06:06:29.113+0000] {dag.py:3036} INFO - Sync 1 DAGs
[2026-04-23T06:06:29.156+0000] {logging_mixin.py:188} INFO - [2026-04-23T06:06:29.155+0000] {dag.py:3823} INFO - Setting next_dagrun for ecommerce_analytics_pipeline to 2026-04-23 00:00:00+00:00, run_after=2026-04-24 00:00:00+00:00
[2026-04-23T06:06:29.200+0000] {processor.py:183} INFO - Processing /opt/airflow/dags/ecommerce_pipeline.py took 0.261 seconds
[2026-04-23T06:06:59.454+0000] {processor.py:161} INFO - Started process (PID=5418) to work on /opt/airflow/dags/ecommerce_pipeline.py
[2026-04-23T06:06:59.458+0000] {processor.py:830} INFO - Processing file /opt/airflow/dags/ecommerce_pipeline.py for tasks to queue
[2026-04-23T06:06:59.462+0000] {logging_mixin.py:188} INFO - [2026-04-23T06:06:59.461+0000] {dagbag.py:538} INFO - Filling up the DagBag from /opt/airflow/dags/ecommerce_pipeline.py
[2026-04-23T06:06:59.549+0000] {processor.py:840} INFO - DAG(s) 'ecommerce_analytics_pipeline' retrieved from /opt/airflow/dags/ecommerce_pipeline.py
[2026-04-23T06:06:59.617+0000] {logging_mixin.py:188} INFO - [2026-04-23T06:06:59.616+0000] {dag.py:3036} INFO - Sync 1 DAGs
[2026-04-23T06:06:59.662+0000] {logging_mixin.py:188} INFO - [2026-04-23T06:06:59.661+0000] {dag.py:3823} INFO - Setting next_dagrun for ecommerce_analytics_pipeline to 2026-04-23 00:00:00+00:00, run_after=2026-04-24 00:00:00+00:00
[2026-04-23T06:06:59.709+0000] {processor.py:183} INFO - Processing /opt/airflow/dags/ecommerce_pipeline.py took 0.271 seconds
[2026-04-23T06:07:30.047+0000] {processor.py:161} INFO - Started process (PID=5423) to work on /opt/airflow/dags/ecommerce_pipeline.py
[2026-04-23T06:07:30.051+0000] {processor.py:830} INFO - Processing file /opt/airflow/dags/ecommerce_pipeline.py for tasks to queue
[2026-04-23T06:07:30.054+0000] {logging_mixin.py:188} INFO - [2026-04-23T06:07:30.053+0000] {dagbag.py:538} INFO - Filling up the DagBag from /opt/airflow/dags/ecommerce_pipeline.py
[2026-04-23T06:07:30.153+0000] {processor.py:840} INFO - DAG(s) 'ecommerce_analytics_pipeline' retrieved from /opt/airflow/dags/ecommerce_pipeline.py
[2026-04-23T06:07:30.235+0000] {logging_mixin.py:188} INFO - [2026-04-23T06:07:30.234+0000] {dag.py:3036} INFO - Sync 1 DAGs
[2026-04-23T06:07:30.285+0000] {logging_mixin.py:188} INFO - [2026-04-23T06:07:30.285+0000] {dag.py:3823} INFO - Setting next_dagrun for ecommerce_analytics_pipeline to 2026-04-23 00:00:00+00:00, run_after=2026-04-24 00:00:00+00:00
[2026-04-23T06:07:30.328+0000] {processor.py:183} INFO - Processing /opt/airflow/dags/ecommerce_pipeline.py took 0.293 seconds
[2026-04-23T06:08:00.508+0000] {processor.py:161} INFO - Started process (PID=5428) to work on /opt/airflow/dags/ecommerce_pipeline.py
[2026-04-23T06:08:00.512+0000] {processor.py:830} INFO - Processing file /opt/airflow/dags/ecommerce_pipeline.py for tasks to queue
[2026-04-23T06:08:00.515+0000] {logging_mixin.py:188} INFO - [2026-04-23T06:08:00.514+0000] {dagbag.py:538} INFO - Filling up the DagBag from /opt/airflow/dags/ecommerce_pipeline.py
[2026-04-23T06:08:00.561+0000] {processor.py:840} INFO - DAG(s) 'ecommerce_analytics_pipeline' retrieved from /opt/airflow/dags/ecommerce_pipeline.py
[2026-04-23T06:08:00.608+0000] {logging_mixin.py:188} INFO - [2026-04-23T06:08:00.608+0000] {dag.py:3036} INFO - Sync 1 DAGs
[2026-04-23T06:08:00.662+0000] {logging_mixin.py:188} INFO - [2026-04-23T06:08:00.661+0000] {dag.py:3823} INFO - Setting next_dagrun for ecommerce_analytics_pipeline to 2026-04-23 00:00:00+00:00, run_after=2026-04-24 00:00:00+00:00
[2026-04-23T06:08:00.722+0000] {processor.py:183} INFO - Processing /opt/airflow/dags/ecommerce_pipeline.py took 0.226 seconds
[2026-04-23T06:08:31.180+0000] {processor.py:161} INFO - Started process (PID=5433) to work on /opt/airflow/dags/ecommerce_pipeline.py
[2026-04-23T06:08:31.182+0000] {processor.py:830} INFO - Processing file /opt/airflow/dags/ecommerce_pipeline.py for tasks to queue
[2026-04-23T06:08:31.184+0000] {logging_mixin.py:188} INFO - [2026-04-23T06:08:31.184+0000] {dagbag.py:538} INFO - Filling up the DagBag from /opt/airflow/dags/ecommerce_pipeline.py
[2026-04-23T06:08:31.241+0000] {processor.py:840} INFO - DAG(s) 'ecommerce_analytics_pipeline' retrieved from /opt/airflow/dags/ecommerce_pipeline.py
[2026-04-23T06:08:31.314+0000] {logging_mixin.py:188} INFO - [2026-04-23T06:08:31.313+0000] {dag.py:3036} INFO - Sync 1 DAGs
[2026-04-23T06:08:31.351+0000] {logging_mixin.py:188} INFO - [2026-04-23T06:08:31.350+0000] {dag.py:3823} INFO - Setting next_dagrun for ecommerce_analytics_pipeline to 2026-04-23 00:00:00+00:00, run_after=2026-04-24 00:00:00+00:00
[2026-04-23T06:08:31.388+0000] {processor.py:183} INFO - Processing /opt/airflow/dags/ecommerce_pipeline.py took 0.215 seconds
[2026-04-23T06:09:01.704+0000] {processor.py:161} INFO - Started process (PID=5438) to work on /opt/airflow/dags/ecommerce_pipeline.py
[2026-04-23T06:09:01.706+0000] {processor.py:830} INFO - Processing file /opt/airflow/dags/ecommerce_pipeline.py for tasks to queue
[2026-04-23T06:09:01.709+0000] {logging_mixin.py:188} INFO - [2026-04-23T06:09:01.708+0000] {dagbag.py:538} INFO - Filling up the DagBag from /opt/airflow/dags/ecommerce_pipeline.py
[2026-04-23T06:09:01.781+0000] {processor.py:840} INFO - DAG(s) 'ecommerce_analytics_pipeline' retrieved from /opt/airflow/dags/ecommerce_pipeline.py
[2026-04-23T06:09:01.844+0000] {logging_mixin.py:188} INFO - [2026-04-23T06:09:01.843+0000] {dag.py:3036} INFO - Sync 1 DAGs
[2026-04-23T06:09:01.904+0000] {logging_mixin.py:188} INFO - [2026-04-23T06:09:01.903+0000] {dag.py:3823} INFO - Setting next_dagrun for ecommerce_analytics_pipeline to 2026-04-23 00:00:00+00:00, run_after=2026-04-24 00:00:00+00:00
[2026-04-23T06:09:01.953+0000] {processor.py:183} INFO - Processing /opt/airflow/dags/ecommerce_pipeline.py took 0.256 seconds
[2026-04-23T06:09:32.265+0000] {processor.py:161} INFO - Started process (PID=5443) to work on /opt/airflow/dags/ecommerce_pipeline.py
[2026-04-23T06:09:32.267+0000] {processor.py:830} INFO - Processing file /opt/airflow/dags/ecommerce_pipeline.py for tasks to queue
[2026-04-23T06:09:32.270+0000] {logging_mixin.py:188} INFO - [2026-04-23T06:09:32.270+0000] {dagbag.py:538} INFO - Filling up the DagBag from /opt/airflow/dags/ecommerce_pipeline.py
[2026-04-23T06:09:32.335+0000] {processor.py:840} INFO - DAG(s) 'ecommerce_analytics_pipeline' retrieved from /opt/airflow/dags/ecommerce_pipeline.py
[2026-04-23T06:09:32.389+0000] {logging_mixin.py:188} INFO - [2026-04-23T06:09:32.388+0000] {dag.py:3036} INFO - Sync 1 DAGs
[2026-04-23T06:09:32.430+0000] {logging_mixin.py:188} INFO - [2026-04-23T06:09:32.429+0000] {dag.py:3823} INFO - Setting next_dagrun for ecommerce_analytics_pipeline to 2026-04-23 00:00:00+00:00, run_after=2026-04-24 00:00:00+00:00
[2026-04-23T06:09:32.481+0000] {processor.py:183} INFO - Processing /opt/airflow/dags/ecommerce_pipeline.py took 0.224 seconds
[2026-04-23T06:10:02.860+0000] {processor.py:161} INFO - Started process (PID=5448) to work on /opt/airflow/dags/ecommerce_pipeline.py
[2026-04-23T06:10:02.863+0000] {processor.py:830} INFO - Processing file /opt/airflow/dags/ecommerce_pipeline.py for tasks to queue
[2026-04-23T06:10:02.866+0000] {logging_mixin.py:188} INFO - [2026-04-23T06:10:02.865+0000] {dagbag.py:538} INFO - Filling up the DagBag from /opt/airflow/dags/ecommerce_pipeline.py
[2026-04-23T06:10:02.950+0000] {processor.py:840} INFO - DAG(s) 'ecommerce_analytics_pipeline' retrieved from /opt/airflow/dags/ecommerce_pipeline.py
[2026-04-23T06:10:02.998+0000] {logging_mixin.py:188} INFO - [2026-04-23T06:10:02.998+0000] {dag.py:3036} INFO - Sync 1 DAGs
[2026-04-23T06:10:03.057+0000] {logging_mixin.py:188} INFO - [2026-04-23T06:10:03.057+0000] {dag.py:3823} INFO - Setting next_dagrun for ecommerce_analytics_pipeline to 2026-04-23 00:00:00+00:00, run_after=2026-04-24 00:00:00+00:00
[2026-04-23T06:10:03.097+0000] {processor.py:183} INFO - Processing /opt/airflow/dags/ecommerce_pipeline.py took 0.249 seconds
[2026-04-23T06:10:33.493+0000] {processor.py:161} INFO - Started process (PID=5453) to work on /opt/airflow/dags/ecommerce_pipeline.py
[2026-04-23T06:10:33.496+0000] {processor.py:830} INFO - Processing file /opt/airflow/dags/ecommerce_pipeline.py for tasks to queue
[2026-04-23T06:10:33.500+0000] {logging_mixin.py:188} INFO - [2026-04-23T06:10:33.499+0000] {dagbag.py:538} INFO - Filling up the DagBag from /opt/airflow/dags/ecommerce_pipeline.py
[2026-04-23T06:10:33.564+0000] {processor.py:840} INFO - DAG(s) 'ecommerce_analytics_pipeline' retrieved from /opt/airflow/dags/ecommerce_pipeline.py
[2026-04-23T06:10:33.642+0000] {logging_mixin.py:188} INFO - [2026-04-23T06:10:33.641+0000] {dag.py:3036} INFO - Sync 1 DAGs
[2026-04-23T06:10:33.700+0000] {logging_mixin.py:188} INFO - [2026-04-23T06:10:33.699+0000] {dag.py:3823} INFO - Setting next_dagrun for ecommerce_analytics_pipeline to 2026-04-23 00:00:00+00:00, run_after=2026-04-24 00:00:00+00:00
[2026-04-23T06:10:33.757+0000] {processor.py:183} INFO - Processing /opt/airflow/dags/ecommerce_pipeline.py took 0.275 seconds
[2026-04-23T06:11:04.080+0000] {processor.py:161} INFO - Started process (PID=5458) to work on /opt/airflow/dags/ecommerce_pipeline.py
[2026-04-23T06:11:04.084+0000] {processor.py:830} INFO - Processing file /opt/airflow/dags/ecommerce_pipeline.py for tasks to queue
[2026-04-23T06:11:04.087+0000] {logging_mixin.py:188} INFO - [2026-04-23T06:11:04.086+0000] {dagbag.py:538} INFO - Filling up the DagBag from /opt/airflow/dags/ecommerce_pipeline.py
[2026-04-23T06:11:04.166+0000] {processor.py:840} INFO - DAG(s) 'ecommerce_analytics_pipeline' retrieved from /opt/airflow/dags/ecommerce_pipeline.py
[2026-04-23T06:11:04.215+0000] {logging_mixin.py:188} INFO - [2026-04-23T06:11:04.214+0000] {dag.py:3036} INFO - Sync 1 DAGs
[2026-04-23T06:11:04.261+0000] {logging_mixin.py:188} INFO - [2026-04-23T06:11:04.260+0000] {dag.py:3823} INFO - Setting next_dagrun for ecommerce_analytics_pipeline to 2026-04-23 00:00:00+00:00, run_after=2026-04-24 00:00:00+00:00
[2026-04-23T06:11:04.300+0000] {processor.py:183} INFO - Processing /opt/airflow/dags/ecommerce_pipeline.py took 0.230 seconds
[2026-04-23T06:11:34.646+0000] {processor.py:161} INFO - Started process (PID=5463) to work on /opt/airflow/dags/ecommerce_pipeline.py
[2026-04-23T06:11:34.649+0000] {processor.py:830} INFO - Processing file /opt/airflow/dags/ecommerce_pipeline.py for tasks to queue
[2026-04-23T06:11:34.652+0000] {logging_mixin.py:188} INFO - [2026-04-23T06:11:34.651+0000] {dagbag.py:538} INFO - Filling up the DagBag from /opt/airflow/dags/ecommerce_pipeline.py
[2026-04-23T06:11:34.729+0000] {processor.py:840} INFO - DAG(s) 'ecommerce_analytics_pipeline' retrieved from /opt/airflow/dags/ecommerce_pipeline.py
[2026-04-23T06:11:34.804+0000] {logging_mixin.py:188} INFO - [2026-04-23T06:11:34.804+0000] {dag.py:3036} INFO - Sync 1 DAGs
[2026-04-23T06:11:34.856+0000] {logging_mixin.py:188} INFO - [2026-04-23T06:11:34.855+0000] {dag.py:3823} INFO - Setting next_dagrun for ecommerce_analytics_pipeline to 2026-04-23 00:00:00+00:00, run_after=2026-04-24 00:00:00+00:00
[2026-04-23T06:11:34.898+0000] {processor.py:183} INFO - Processing /opt/airflow/dags/ecommerce_pipeline.py took 0.261 seconds
[2026-04-23T06:12:05.311+0000] {processor.py:161} INFO - Started process (PID=5468) to work on /opt/airflow/dags/ecommerce_pipeline.py
[2026-04-23T06:12:05.314+0000] {processor.py:830} INFO - Processing file /opt/airflow/dags/ecommerce_pipeline.py for tasks to queue
[2026-04-23T06:12:05.317+0000] {logging_mixin.py:188} INFO - [2026-04-23T06:12:05.316+0000] {dagbag.py:538} INFO - Filling up the DagBag from /opt/airflow/dags/ecommerce_pipeline.py
[2026-04-23T06:12:05.390+0000] {processor.py:840} INFO - DAG(s) 'ecommerce_analytics_pipeline' retrieved from /opt/airflow/dags/ecommerce_pipeline.py
[2026-04-23T06:12:05.465+0000] {logging_mixin.py:188} INFO - [2026-04-23T06:12:05.465+0000] {dag.py:3036} INFO - Sync 1 DAGs
[2026-04-23T06:12:05.521+0000] {logging_mixin.py:188} INFO - [2026-04-23T06:12:05.520+0000] {dag.py:3823} INFO - Setting next_dagrun for ecommerce_analytics_pipeline to 2026-04-23 00:00:00+00:00, run_after=2026-04-24 00:00:00+00:00
[2026-04-23T06:12:05.572+0000] {processor.py:183} INFO - Processing /opt/airflow/dags/ecommerce_pipeline.py took 0.267 seconds
[2026-04-23T06:12:35.851+0000] {processor.py:161} INFO - Started process (PID=5473) to work on /opt/airflow/dags/ecommerce_pipeline.py
[2026-04-23T06:12:35.855+0000] {processor.py:830} INFO - Processing file /opt/airflow/dags/ecommerce_pipeline.py for tasks to queue
[2026-04-23T06:12:35.857+0000] {logging_mixin.py:188} INFO - [2026-04-23T06:12:35.857+0000] {dagbag.py:538} INFO - Filling up the DagBag from /opt/airflow/dags/ecommerce_pipeline.py
[2026-04-23T06:12:35.909+0000] {processor.py:840} INFO - DAG(s) 'ecommerce_analytics_pipeline' retrieved from /opt/airflow/dags/ecommerce_pipeline.py
[2026-04-23T06:12:35.975+0000] {logging_mixin.py:188} INFO - [2026-04-23T06:12:35.975+0000] {dag.py:3036} INFO - Sync 1 DAGs
[2026-04-23T06:12:36.012+0000] {logging_mixin.py:188} INFO - [2026-04-23T06:12:36.012+0000] {dag.py:3823} INFO - Setting next_dagrun for ecommerce_analytics_pipeline to 2026-04-23 00:00:00+00:00, run_after=2026-04-24 00:00:00+00:00
[2026-04-23T06:12:36.049+0000] {processor.py:183} INFO - Processing /opt/airflow/dags/ecommerce_pipeline.py took 0.210 seconds
[2026-04-23T06:13:06.544+0000] {processor.py:161} INFO - Started process (PID=5478) to work on /opt/airflow/dags/ecommerce_pipeline.py
[2026-04-23T06:13:06.546+0000] {processor.py:830} INFO - Processing file /opt/airflow/dags/ecommerce_pipeline.py for tasks to queue
[2026-04-23T06:13:06.548+0000] {logging_mixin.py:188} INFO - [2026-04-23T06:13:06.548+0000] {dagbag.py:538} INFO - Filling up the DagBag from /opt/airflow/dags/ecommerce_pipeline.py
[2026-04-23T06:13:06.600+0000] {processor.py:840} INFO - DAG(s) 'ecommerce_analytics_pipeline' retrieved from /opt/airflow/dags/ecommerce_pipeline.py
[2026-04-23T06:13:06.679+0000] {logging_mixin.py:188} INFO - [2026-04-23T06:13:06.679+0000] {dag.py:3036} INFO - Sync 1 DAGs
[2026-04-23T06:13:06.719+0000] {logging_mixin.py:188} INFO - [2026-04-23T06:13:06.718+0000] {dag.py:3823} INFO - Setting next_dagrun for ecommerce_analytics_pipeline to 2026-04-23 00:00:00+00:00, run_after=2026-04-24 00:00:00+00:00
[2026-04-23T06:13:06.760+0000] {processor.py:183} INFO - Processing /opt/airflow/dags/ecommerce_pipeline.py took 0.222 seconds
[2026-04-23T06:13:37.011+0000] {processor.py:161} INFO - Started process (PID=5483) to work on /opt/airflow/dags/ecommerce_pipeline.py
[2026-04-23T06:13:37.019+0000] {processor.py:830} INFO - Processing file /opt/airflow/dags/ecommerce_pipeline.py for tasks to queue
[2026-04-23T06:13:37.020+0000] {logging_mixin.py:188} INFO - [2026-04-23T06:13:37.020+0000] {dagbag.py:538} INFO - Filling up the DagBag from /opt/airflow/dags/ecommerce_pipeline.py
[2026-04-23T06:13:37.102+0000] {processor.py:840} INFO - DAG(s) 'ecommerce_analytics_pipeline' retrieved from /opt/airflow/dags/ecommerce_pipeline.py
[2026-04-23T06:13:37.176+0000] {logging_mixin.py:188} INFO - [2026-04-23T06:13:37.175+0000] {dag.py:3036} INFO - Sync 1 DAGs
[2026-04-23T06:13:37.224+0000] {logging_mixin.py:188} INFO - [2026-04-23T06:13:37.224+0000] {dag.py:3823} INFO - Setting next_dagrun for ecommerce_analytics_pipeline to 2026-04-23 00:00:00+00:00, run_after=2026-04-24 00:00:00+00:00
[2026-04-23T06:13:37.263+0000] {processor.py:183} INFO - Processing /opt/airflow/dags/ecommerce_pipeline.py took 0.257 seconds
[2026-04-23T06:14:07.670+0000] {processor.py:161} INFO - Started process (PID=5488) to work on /opt/airflow/dags/ecommerce_pipeline.py
[2026-04-23T06:14:07.681+0000] {processor.py:830} INFO - Processing file /opt/airflow/dags/ecommerce_pipeline.py for tasks to queue
[2026-04-23T06:14:07.689+0000] {logging_mixin.py:188} INFO - [2026-04-23T06:14:07.688+0000] {dagbag.py:538} INFO - Filling up the DagBag from /opt/airflow/dags/ecommerce_pipeline.py
[2026-04-23T06:14:07.821+0000] {processor.py:840} INFO - DAG(s) 'ecommerce_analytics_pipeline' retrieved from /opt/airflow/dags/ecommerce_pipeline.py
[2026-04-23T06:14:07.909+0000] {logging_mixin.py:188} INFO - [2026-04-23T06:14:07.908+0000] {dag.py:3036} INFO - Sync 1 DAGs
[2026-04-23T06:14:07.968+0000] {logging_mixin.py:188} INFO - [2026-04-23T06:14:07.968+0000] {dag.py:3823} INFO - Setting next_dagrun for ecommerce_analytics_pipeline to 2026-04-23 00:00:00+00:00, run_after=2026-04-24 00:00:00+00:00
[2026-04-23T06:14:08.050+0000] {processor.py:183} INFO - Processing /opt/airflow/dags/ecommerce_pipeline.py took 0.402 seconds
[2026-04-23T06:14:38.583+0000] {processor.py:161} INFO - Started process (PID=5493) to work on /opt/airflow/dags/ecommerce_pipeline.py
[2026-04-23T06:14:38.587+0000] {processor.py:830} INFO - Processing file /opt/airflow/dags/ecommerce_pipeline.py for tasks to queue
[2026-04-23T06:14:38.590+0000] {logging_mixin.py:188} INFO - [2026-04-23T06:14:38.589+0000] {dagbag.py:538} INFO - Filling up the DagBag from /opt/airflow/dags/ecommerce_pipeline.py
[2026-04-23T06:14:38.653+0000] {processor.py:840} INFO - DAG(s) 'ecommerce_analytics_pipeline' retrieved from /opt/airflow/dags/ecommerce_pipeline.py
[2026-04-23T06:14:38.728+0000] {logging_mixin.py:188} INFO - [2026-04-23T06:14:38.728+0000] {dag.py:3036} INFO - Sync 1 DAGs
[2026-04-23T06:14:38.777+0000] {logging_mixin.py:188} INFO - [2026-04-23T06:14:38.777+0000] {dag.py:3823} INFO - Setting next_dagrun for ecommerce_analytics_pipeline to 2026-04-23 00:00:00+00:00, run_after=2026-04-24 00:00:00+00:00
[2026-04-23T06:14:38.815+0000] {processor.py:183} INFO - Processing /opt/airflow/dags/ecommerce_pipeline.py took 0.244 seconds
[2026-04-23T06:15:09.017+0000] {processor.py:161} INFO - Started process (PID=5498) to work on /opt/airflow/dags/ecommerce_pipeline.py
[2026-04-23T06:15:09.020+0000] {processor.py:830} INFO - Processing file /opt/airflow/dags/ecommerce_pipeline.py for tasks to queue
[2026-04-23T06:15:09.023+0000] {logging_mixin.py:188} INFO - [2026-04-23T06:15:09.022+0000] {dagbag.py:538} INFO - Filling up the DagBag from /opt/airflow/dags/ecommerce_pipeline.py
[2026-04-23T06:15:09.082+0000] {processor.py:840} INFO - DAG(s) 'ecommerce_analytics_pipeline' retrieved from /opt/airflow/dags/ecommerce_pipeline.py
[2026-04-23T06:15:09.163+0000] {logging_mixin.py:188} INFO - [2026-04-23T06:15:09.162+0000] {dag.py:3036} INFO - Sync 1 DAGs
[2026-04-23T06:15:09.194+0000] {logging_mixin.py:188} INFO - [2026-04-23T06:15:09.194+0000] {dag.py:3823} INFO - Setting next_dagrun for ecommerce_analytics_pipeline to 2026-04-23 00:00:00+00:00, run_after=2026-04-24 00:00:00+00:00
[2026-04-23T06:15:09.231+0000] {processor.py:183} INFO - Processing /opt/airflow/dags/ecommerce_pipeline.py took 0.224 seconds
[2026-04-23T06:15:39.738+0000] {processor.py:161} INFO - Started process (PID=5503) to work on /opt/airflow/dags/ecommerce_pipeline.py
[2026-04-23T06:15:39.740+0000] {processor.py:830} INFO - Processing file /opt/airflow/dags/ecommerce_pipeline.py for tasks to queue
[2026-04-23T06:15:39.742+0000] {logging_mixin.py:188} INFO - [2026-04-23T06:15:39.741+0000] {dagbag.py:538} INFO - Filling up the DagBag from /opt/airflow/dags/ecommerce_pipeline.py
[2026-04-23T06:15:39.802+0000] {processor.py:840} INFO - DAG(s) 'ecommerce_analytics_pipeline' retrieved from /opt/airflow/dags/ecommerce_pipeline.py
[2026-04-23T06:15:39.847+0000] {logging_mixin.py:188} INFO - [2026-04-23T06:15:39.847+0000] {dag.py:3036} INFO - Sync 1 DAGs
[2026-04-23T06:15:39.880+0000] {logging_mixin.py:188} INFO - [2026-04-23T06:15:39.879+0000] {dag.py:3823} INFO - Setting next_dagrun for ecommerce_analytics_pipeline to 2026-04-23 00:00:00+00:00, run_after=2026-04-24 00:00:00+00:00
[2026-04-23T06:15:39.926+0000] {processor.py:183} INFO - Processing /opt/airflow/dags/ecommerce_pipeline.py took 0.195 seconds
[2026-04-23T06:16:10.203+0000] {processor.py:161} INFO - Started process (PID=5508) to work on /opt/airflow/dags/ecommerce_pipeline.py
[2026-04-23T06:16:10.207+0000] {processor.py:830} INFO - Processing file /opt/airflow/dags/ecommerce_pipeline.py for tasks to queue
[2026-04-23T06:16:10.209+0000] {logging_mixin.py:188} INFO - [2026-04-23T06:16:10.208+0000] {dagbag.py:538} INFO - Filling up the DagBag from /opt/airflow/dags/ecommerce_pipeline.py
[2026-04-23T06:16:10.274+0000] {processor.py:840} INFO - DAG(s) 'ecommerce_analytics_pipeline' retrieved from /opt/airflow/dags/ecommerce_pipeline.py
[2026-04-23T06:16:10.370+0000] {logging_mixin.py:188} INFO - [2026-04-23T06:16:10.370+0000] {dag.py:3036} INFO - Sync 1 DAGs
[2026-04-23T06:16:10.426+0000] {logging_mixin.py:188} INFO - [2026-04-23T06:16:10.425+0000] {dag.py:3823} INFO - Setting next_dagrun for ecommerce_analytics_pipeline to 2026-04-23 00:00:00+00:00, run_after=2026-04-24 00:00:00+00:00
[2026-04-23T06:16:10.472+0000] {processor.py:183} INFO - Processing /opt/airflow/dags/ecommerce_pipeline.py took 0.279 seconds
[2026-04-23T06:16:40.871+0000] {processor.py:161} INFO - Started process (PID=5513) to work on /opt/airflow/dags/ecommerce_pipeline.py
[2026-04-23T06:16:40.874+0000] {processor.py:830} INFO - Processing file /opt/airflow/dags/ecommerce_pipeline.py for tasks to queue
[2026-04-23T06:16:40.877+0000] {logging_mixin.py:188} INFO - [2026-04-23T06:16:40.876+0000] {dagbag.py:538} INFO - Filling up the DagBag from /opt/airflow/dags/ecommerce_pipeline.py
[2026-04-23T06:16:40.952+0000] {processor.py:840} INFO - DAG(s) 'ecommerce_analytics_pipeline' retrieved from /opt/airflow/dags/ecommerce_pipeline.py
[2026-04-23T06:16:41.007+0000] {logging_mixin.py:188} INFO - [2026-04-23T06:16:41.007+0000] {dag.py:3036} INFO - Sync 1 DAGs
[2026-04-23T06:16:41.053+0000] {logging_mixin.py:188} INFO - [2026-04-23T06:16:41.052+0000] {dag.py:3823} INFO - Setting next_dagrun for ecommerce_analytics_pipeline to 2026-04-23 00:00:00+00:00, run_after=2026-04-24 00:00:00+00:00
[2026-04-23T06:16:41.110+0000] {processor.py:183} INFO - Processing /opt/airflow/dags/ecommerce_pipeline.py took 0.249 seconds
[2026-04-23T06:17:11.524+0000] {processor.py:161} INFO - Started process (PID=5518) to work on /opt/airflow/dags/ecommerce_pipeline.py
[2026-04-23T06:17:11.528+0000] {processor.py:830} INFO - Processing file /opt/airflow/dags/ecommerce_pipeline.py for tasks to queue
[2026-04-23T06:17:11.531+0000] {logging_mixin.py:188} INFO - [2026-04-23T06:17:11.530+0000] {dagbag.py:538} INFO - Filling up the DagBag from /opt/airflow/dags/ecommerce_pipeline.py
[2026-04-23T06:17:11.602+0000] {processor.py:840} INFO - DAG(s) 'ecommerce_analytics_pipeline' retrieved from /opt/airflow/dags/ecommerce_pipeline.py
[2026-04-23T06:17:11.671+0000] {logging_mixin.py:188} INFO - [2026-04-23T06:17:11.671+0000] {dag.py:3036} INFO - Sync 1 DAGs
[2026-04-23T06:17:11.706+0000] {logging_mixin.py:188} INFO - [2026-04-23T06:17:11.706+0000] {dag.py:3823} INFO - Setting next_dagrun for ecommerce_analytics_pipeline to 2026-04-23 00:00:00+00:00, run_after=2026-04-24 00:00:00+00:00
[2026-04-23T06:17:11.748+0000] {processor.py:183} INFO - Processing /opt/airflow/dags/ecommerce_pipeline.py took 0.237 seconds
[2026-04-23T06:17:42.090+0000] {processor.py:161} INFO - Started process (PID=5523) to work on /opt/airflow/dags/ecommerce_pipeline.py
[2026-04-23T06:17:42.094+0000] {processor.py:830} INFO - Processing file /opt/airflow/dags/ecommerce_pipeline.py for tasks to queue
[2026-04-23T06:17:42.097+0000] {logging_mixin.py:188} INFO - [2026-04-23T06:17:42.096+0000] {dagbag.py:538} INFO - Filling up the DagBag from /opt/airflow/dags/ecommerce_pipeline.py
[2026-04-23T06:17:42.183+0000] {processor.py:840} INFO - DAG(s) 'ecommerce_analytics_pipeline' retrieved from /opt/airflow/dags/ecommerce_pipeline.py
[2026-04-23T06:17:42.260+0000] {logging_mixin.py:188} INFO - [2026-04-23T06:17:42.259+0000] {dag.py:3036} INFO - Sync 1 DAGs
[2026-04-23T06:17:42.296+0000] {logging_mixin.py:188} INFO - [2026-04-23T06:17:42.296+0000] {dag.py:3823} INFO - Setting next_dagrun for ecommerce_analytics_pipeline to 2026-04-23 00:00:00+00:00, run_after=2026-04-24 00:00:00+00:00
[2026-04-23T06:17:42.332+0000] {processor.py:183} INFO - Processing /opt/airflow/dags/ecommerce_pipeline.py took 0.253 seconds
[2026-04-23T06:18:12.720+0000] {processor.py:161} INFO - Started process (PID=5528) to work on /opt/airflow/dags/ecommerce_pipeline.py
[2026-04-23T06:18:12.722+0000] {processor.py:830} INFO - Processing file /opt/airflow/dags/ecommerce_pipeline.py for tasks to queue
[2026-04-23T06:18:12.723+0000] {logging_mixin.py:188} INFO - [2026-04-23T06:18:12.723+0000] {dagbag.py:538} INFO - Filling up the DagBag from /opt/airflow/dags/ecommerce_pipeline.py
[2026-04-23T06:18:12.769+0000] {processor.py:840} INFO - DAG(s) 'ecommerce_analytics_pipeline' retrieved from /opt/airflow/dags/ecommerce_pipeline.py
[2026-04-23T06:18:12.824+0000] {logging_mixin.py:188} INFO - [2026-04-23T06:18:12.824+0000] {dag.py:3036} INFO - Sync 1 DAGs
[2026-04-23T06:18:12.858+0000] {logging_mixin.py:188} INFO - [2026-04-23T06:18:12.858+0000] {dag.py:3823} INFO - Setting next_dagrun for ecommerce_analytics_pipeline to 2026-04-23 00:00:00+00:00, run_after=2026-04-24 00:00:00+00:00
[2026-04-23T06:18:12.896+0000] {processor.py:183} INFO - Processing /opt/airflow/dags/ecommerce_pipeline.py took 0.181 seconds
[2026-04-23T06:18:43.221+0000] {processor.py:161} INFO - Started process (PID=5533) to work on /opt/airflow/dags/ecommerce_pipeline.py
[2026-04-23T06:18:43.224+0000] {processor.py:830} INFO - Processing file /opt/airflow/dags/ecommerce_pipeline.py for tasks to queue
[2026-04-23T06:18:43.227+0000] {logging_mixin.py:188} INFO - [2026-04-23T06:18:43.226+0000] {dagbag.py:538} INFO - Filling up the DagBag from /opt/airflow/dags/ecommerce_pipeline.py
[2026-04-23T06:18:43.291+0000] {processor.py:840} INFO - DAG(s) 'ecommerce_analytics_pipeline' retrieved from /opt/airflow/dags/ecommerce_pipeline.py
[2026-04-23T06:18:43.343+0000] {logging_mixin.py:188} INFO - [2026-04-23T06:18:43.342+0000] {dag.py:3036} INFO - Sync 1 DAGs
[2026-04-23T06:18:43.386+0000] {logging_mixin.py:188} INFO - [2026-04-23T06:18:43.386+0000] {dag.py:3823} INFO - Setting next_dagrun for ecommerce_analytics_pipeline to 2026-04-23 00:00:00+00:00, run_after=2026-04-24 00:00:00+00:00
[2026-04-23T06:18:43.429+0000] {processor.py:183} INFO - Processing /opt/airflow/dags/ecommerce_pipeline.py took 0.217 seconds
[2026-04-23T06:19:13.817+0000] {processor.py:161} INFO - Started process (PID=5538) to work on /opt/airflow/dags/ecommerce_pipeline.py
[2026-04-23T06:19:13.820+0000] {processor.py:830} INFO - Processing file /opt/airflow/dags/ecommerce_pipeline.py for tasks to queue
[2026-04-23T06:19:13.823+0000] {logging_mixin.py:188} INFO - [2026-04-23T06:19:13.822+0000] {dagbag.py:538} INFO - Filling up the DagBag from /opt/airflow/dags/ecommerce_pipeline.py
[2026-04-23T06:19:13.906+0000] {processor.py:840} INFO - DAG(s) 'ecommerce_analytics_pipeline' retrieved from /opt/airflow/dags/ecommerce_pipeline.py
[2026-04-23T06:19:13.964+0000] {logging_mixin.py:188} INFO - [2026-04-23T06:19:13.964+0000] {dag.py:3036} INFO - Sync 1 DAGs
[2026-04-23T06:19:14.005+0000] {logging_mixin.py:188} INFO - [2026-04-23T06:19:14.005+0000] {dag.py:3823} INFO - Setting next_dagrun for ecommerce_analytics_pipeline to 2026-04-23 00:00:00+00:00, run_after=2026-04-24 00:00:00+00:00
[2026-04-23T06:19:14.037+0000] {processor.py:183} INFO - Processing /opt/airflow/dags/ecommerce_pipeline.py took 0.236 seconds
[2026-04-23T06:19:44.286+0000] {processor.py:161} INFO - Started process (PID=5543) to work on /opt/airflow/dags/ecommerce_pipeline.py
[2026-04-23T06:19:44.288+0000] {processor.py:830} INFO - Processing file /opt/airflow/dags/ecommerce_pipeline.py for tasks to queue
[2026-04-23T06:19:44.291+0000] {logging_mixin.py:188} INFO - [2026-04-23T06:19:44.290+0000] {dagbag.py:538} INFO - Filling up the DagBag from /opt/airflow/dags/ecommerce_pipeline.py
[2026-04-23T06:19:44.343+0000] {processor.py:840} INFO - DAG(s) 'ecommerce_analytics_pipeline' retrieved from /opt/airflow/dags/ecommerce_pipeline.py
[2026-04-23T06:19:44.455+0000] {logging_mixin.py:188} INFO - [2026-04-23T06:19:44.454+0000] {dag.py:3036} INFO - Sync 1 DAGs
[2026-04-23T06:19:44.516+0000] {logging_mixin.py:188} INFO - [2026-04-23T06:19:44.516+0000] {dag.py:3823} INFO - Setting next_dagrun for ecommerce_analytics_pipeline to 2026-04-23 00:00:00+00:00, run_after=2026-04-24 00:00:00+00:00
[2026-04-23T06:19:44.570+0000] {processor.py:183} INFO - Processing /opt/airflow/dags/ecommerce_pipeline.py took 0.293 seconds
[2026-04-23T06:20:14.810+0000] {processor.py:161} INFO - Started process (PID=5548) to work on /opt/airflow/dags/ecommerce_pipeline.py
[2026-04-23T06:20:14.816+0000] {processor.py:830} INFO - Processing file /opt/airflow/dags/ecommerce_pipeline.py for tasks to queue
[2026-04-23T06:20:14.820+0000] {logging_mixin.py:188} INFO - [2026-04-23T06:20:14.819+0000] {dagbag.py:538} INFO - Filling up the DagBag from /opt/airflow/dags/ecommerce_pipeline.py
[2026-04-23T06:20:14.962+0000] {processor.py:840} INFO - DAG(s) 'ecommerce_analytics_pipeline' retrieved from /opt/airflow/dags/ecommerce_pipeline.py
[2026-04-23T06:20:15.063+0000] {logging_mixin.py:188} INFO - [2026-04-23T06:20:15.062+0000] {dag.py:3036} INFO - Sync 1 DAGs
[2026-04-23T06:20:15.121+0000] {logging_mixin.py:188} INFO - [2026-04-23T06:20:15.120+0000] {dag.py:3823} INFO - Setting next_dagrun for ecommerce_analytics_pipeline to 2026-04-23 00:00:00+00:00, run_after=2026-04-24 00:00:00+00:00
[2026-04-23T06:20:15.180+0000] {processor.py:183} INFO - Processing /opt/airflow/dags/ecommerce_pipeline.py took 0.390 seconds
[2026-04-23T06:20:45.470+0000] {processor.py:161} INFO - Started process (PID=5553) to work on /opt/airflow/dags/ecommerce_pipeline.py
[2026-04-23T06:20:45.478+0000] {processor.py:830} INFO - Processing file /opt/airflow/dags/ecommerce_pipeline.py for tasks to queue
[2026-04-23T06:20:45.484+0000] {logging_mixin.py:188} INFO - [2026-04-23T06:20:45.482+0000] {dagbag.py:538} INFO - Filling up the DagBag from /opt/airflow/dags/ecommerce_pipeline.py
[2026-04-23T06:20:45.641+0000] {processor.py:840} INFO - DAG(s) 'ecommerce_analytics_pipeline' retrieved from /opt/airflow/dags/ecommerce_pipeline.py
[2026-04-23T06:20:45.792+0000] {logging_mixin.py:188} INFO - [2026-04-23T06:20:45.791+0000] {dag.py:3036} INFO - Sync 1 DAGs
[2026-04-23T06:20:45.869+0000] {logging_mixin.py:188} INFO - [2026-04-23T06:20:45.868+0000] {dag.py:3823} INFO - Setting next_dagrun for ecommerce_analytics_pipeline to 2026-04-23 00:00:00+00:00, run_after=2026-04-24 00:00:00+00:00
[2026-04-23T06:20:45.934+0000] {processor.py:183} INFO - Processing /opt/airflow/dags/ecommerce_pipeline.py took 0.488 seconds
[2026-04-23T06:21:16.265+0000] {processor.py:161} INFO - Started process (PID=5558) to work on /opt/airflow/dags/ecommerce_pipeline.py
[2026-04-23T06:21:16.270+0000] {processor.py:830} INFO - Processing file /opt/airflow/dags/ecommerce_pipeline.py for tasks to queue
[2026-04-23T06:21:16.276+0000] {logging_mixin.py:188} INFO - [2026-04-23T06:21:16.274+0000] {dagbag.py:538} INFO - Filling up the DagBag from /opt/airflow/dags/ecommerce_pipeline.py
[2026-04-23T06:21:16.390+0000] {processor.py:840} INFO - DAG(s) 'ecommerce_analytics_pipeline' retrieved from /opt/airflow/dags/ecommerce_pipeline.py
[2026-04-23T06:21:16.481+0000] {logging_mixin.py:188} INFO - [2026-04-23T06:21:16.481+0000] {dag.py:3036} INFO - Sync 1 DAGs
[2026-04-23T06:21:16.551+0000] {logging_mixin.py:188} INFO - [2026-04-23T06:21:16.550+0000] {dag.py:3823} INFO - Setting next_dagrun for ecommerce_analytics_pipeline to 2026-04-23 00:00:00+00:00, run_after=2026-04-24 00:00:00+00:00
[2026-04-23T06:21:16.605+0000] {processor.py:183} INFO - Processing /opt/airflow/dags/ecommerce_pipeline.py took 0.358 seconds
[2026-04-23T06:21:47.013+0000] {processor.py:161} INFO - Started process (PID=5563) to work on /opt/airflow/dags/ecommerce_pipeline.py
[2026-04-23T06:21:47.019+0000] {processor.py:830} INFO - Processing file /opt/airflow/dags/ecommerce_pipeline.py for tasks to queue
[2026-04-23T06:21:47.025+0000] {logging_mixin.py:188} INFO - [2026-04-23T06:21:47.023+0000] {dagbag.py:538} INFO - Filling up the DagBag from /opt/airflow/dags/ecommerce_pipeline.py
[2026-04-23T06:21:47.192+0000] {processor.py:840} INFO - DAG(s) 'ecommerce_analytics_pipeline' retrieved from /opt/airflow/dags/ecommerce_pipeline.py
[2026-04-23T06:21:47.338+0000] {logging_mixin.py:188} INFO - [2026-04-23T06:21:47.337+0000] {dag.py:3036} INFO - Sync 1 DAGs
[2026-04-23T06:21:47.440+0000] {logging_mixin.py:188} INFO - [2026-04-23T06:21:47.440+0000] {dag.py:3823} INFO - Setting next_dagrun for ecommerce_analytics_pipeline to 2026-04-23 00:00:00+00:00, run_after=2026-04-24 00:00:00+00:00
[2026-04-23T06:21:47.527+0000] {processor.py:183} INFO - Processing /opt/airflow/dags/ecommerce_pipeline.py took 0.531 seconds
[2026-04-23T06:22:17.810+0000] {processor.py:161} INFO - Started process (PID=5568) to work on /opt/airflow/dags/ecommerce_pipeline.py
[2026-04-23T06:22:17.815+0000] {processor.py:830} INFO - Processing file /opt/airflow/dags/ecommerce_pipeline.py for tasks to queue
[2026-04-23T06:22:17.820+0000] {logging_mixin.py:188} INFO - [2026-04-23T06:22:17.819+0000] {dagbag.py:538} INFO - Filling up the DagBag from /opt/airflow/dags/ecommerce_pipeline.py
[2026-04-23T06:22:17.949+0000] {processor.py:840} INFO - DAG(s) 'ecommerce_analytics_pipeline' retrieved from /opt/airflow/dags/ecommerce_pipeline.py
[2026-04-23T06:22:18.042+0000] {logging_mixin.py:188} INFO - [2026-04-23T06:22:18.041+0000] {dag.py:3036} INFO - Sync 1 DAGs
[2026-04-23T06:22:18.114+0000] {logging_mixin.py:188} INFO - [2026-04-23T06:22:18.113+0000] {dag.py:3823} INFO - Setting next_dagrun for ecommerce_analytics_pipeline to 2026-04-23 00:00:00+00:00, run_after=2026-04-24 00:00:00+00:00
[2026-04-23T06:22:18.181+0000] {processor.py:183} INFO - Processing /opt/airflow/dags/ecommerce_pipeline.py took 0.386 seconds
[2026-04-23T06:22:48.615+0000] {processor.py:161} INFO - Started process (PID=5573) to work on /opt/airflow/dags/ecommerce_pipeline.py
[2026-04-23T06:22:48.621+0000] {processor.py:830} INFO - Processing file /opt/airflow/dags/ecommerce_pipeline.py for tasks to queue
[2026-04-23T06:22:48.626+0000] {logging_mixin.py:188} INFO - [2026-04-23T06:22:48.624+0000] {dagbag.py:538} INFO - Filling up the DagBag from /opt/airflow/dags/ecommerce_pipeline.py
[2026-04-23T06:22:48.754+0000] {processor.py:840} INFO - DAG(s) 'ecommerce_analytics_pipeline' retrieved from /opt/airflow/dags/ecommerce_pipeline.py
[2026-04-23T06:22:48.843+0000] {logging_mixin.py:188} INFO - [2026-04-23T06:22:48.842+0000] {dag.py:3036} INFO - Sync 1 DAGs
[2026-04-23T06:22:48.911+0000] {logging_mixin.py:188} INFO - [2026-04-23T06:22:48.910+0000] {dag.py:3823} INFO - Setting next_dagrun for ecommerce_analytics_pipeline to 2026-04-23 00:00:00+00:00, run_after=2026-04-24 00:00:00+00:00
[2026-04-23T06:22:48.957+0000] {processor.py:183} INFO - Processing /opt/airflow/dags/ecommerce_pipeline.py took 0.360 seconds
[2026-04-23T06:23:19.278+0000] {processor.py:161} INFO - Started process (PID=5578) to work on /opt/airflow/dags/ecommerce_pipeline.py
[2026-04-23T06:23:19.284+0000] {processor.py:830} INFO - Processing file /opt/airflow/dags/ecommerce_pipeline.py for tasks to queue
[2026-04-23T06:23:19.289+0000] {logging_mixin.py:188} INFO - [2026-04-23T06:23:19.288+0000] {dagbag.py:538} INFO - Filling up the DagBag from /opt/airflow/dags/ecommerce_pipeline.py
[2026-04-23T06:23:19.429+0000] {processor.py:840} INFO - DAG(s) 'ecommerce_analytics_pipeline' retrieved from /opt/airflow/dags/ecommerce_pipeline.py
[2026-04-23T06:23:19.527+0000] {logging_mixin.py:188} INFO - [2026-04-23T06:23:19.527+0000] {dag.py:3036} INFO - Sync 1 DAGs
[2026-04-23T06:23:19.598+0000] {logging_mixin.py:188} INFO - [2026-04-23T06:23:19.598+0000] {dag.py:3823} INFO - Setting next_dagrun for ecommerce_analytics_pipeline to 2026-04-23 00:00:00+00:00, run_after=2026-04-24 00:00:00+00:00
[2026-04-23T06:23:19.664+0000] {processor.py:183} INFO - Processing /opt/airflow/dags/ecommerce_pipeline.py took 0.406 seconds
[2026-04-23T06:23:50.166+0000] {processor.py:161} INFO - Started process (PID=5583) to work on /opt/airflow/dags/ecommerce_pipeline.py
[2026-04-23T06:23:50.176+0000] {processor.py:830} INFO - Processing file /opt/airflow/dags/ecommerce_pipeline.py for tasks to queue
[2026-04-23T06:23:50.190+0000] {logging_mixin.py:188} INFO - [2026-04-23T06:23:50.184+0000] {dagbag.py:538} INFO - Filling up the DagBag from /opt/airflow/dags/ecommerce_pipeline.py
[2026-04-23T06:23:50.379+0000] {processor.py:840} INFO - DAG(s) 'ecommerce_analytics_pipeline' retrieved from /opt/airflow/dags/ecommerce_pipeline.py
[2026-04-23T06:23:50.613+0000] {logging_mixin.py:188} INFO - [2026-04-23T06:23:50.611+0000] {dag.py:3036} INFO - Sync 1 DAGs
[2026-04-23T06:23:50.742+0000] {logging_mixin.py:188} INFO - [2026-04-23T06:23:50.742+0000] {dag.py:3823} INFO - Setting next_dagrun for ecommerce_analytics_pipeline to 2026-04-23 00:00:00+00:00, run_after=2026-04-24 00:00:00+00:00
[2026-04-23T06:23:50.793+0000] {processor.py:183} INFO - Processing /opt/airflow/dags/ecommerce_pipeline.py took 0.658 seconds
[2026-04-23T06:24:21.524+0000] {processor.py:161} INFO - Started process (PID=5588) to work on /opt/airflow/dags/ecommerce_pipeline.py
[2026-04-23T06:24:21.530+0000] {processor.py:830} INFO - Processing file /opt/airflow/dags/ecommerce_pipeline.py for tasks to queue
[2026-04-23T06:24:21.537+0000] {logging_mixin.py:188} INFO - [2026-04-23T06:24:21.535+0000] {dagbag.py:538} INFO - Filling up the DagBag from /opt/airflow/dags/ecommerce_pipeline.py
[2026-04-23T06:24:21.680+0000] {processor.py:840} INFO - DAG(s) 'ecommerce_analytics_pipeline' retrieved from /opt/airflow/dags/ecommerce_pipeline.py
[2026-04-23T06:24:21.783+0000] {logging_mixin.py:188} INFO - [2026-04-23T06:24:21.782+0000] {dag.py:3036} INFO - Sync 1 DAGs
[2026-04-23T06:24:21.851+0000] {logging_mixin.py:188} INFO - [2026-04-23T06:24:21.851+0000] {dag.py:3823} INFO - Setting next_dagrun for ecommerce_analytics_pipeline to 2026-04-23 00:00:00+00:00, run_after=2026-04-24 00:00:00+00:00
[2026-04-23T06:24:21.911+0000] {processor.py:183} INFO - Processing /opt/airflow/dags/ecommerce_pipeline.py took 0.408 seconds
[2026-04-23T06:24:52.353+0000] {processor.py:161} INFO - Started process (PID=5593) to work on /opt/airflow/dags/ecommerce_pipeline.py
[2026-04-23T06:24:52.361+0000] {processor.py:830} INFO - Processing file /opt/airflow/dags/ecommerce_pipeline.py for tasks to queue
[2026-04-23T06:24:52.368+0000] {logging_mixin.py:188} INFO - [2026-04-23T06:24:52.366+0000] {dagbag.py:538} INFO - Filling up the DagBag from /opt/airflow/dags/ecommerce_pipeline.py
[2026-04-23T06:24:52.523+0000] {processor.py:840} INFO - DAG(s) 'ecommerce_analytics_pipeline' retrieved from /opt/airflow/dags/ecommerce_pipeline.py
[2026-04-23T06:24:52.689+0000] {logging_mixin.py:188} INFO - [2026-04-23T06:24:52.688+0000] {dag.py:3036} INFO - Sync 1 DAGs
[2026-04-23T06:24:52.860+0000] {logging_mixin.py:188} INFO - [2026-04-23T06:24:52.859+0000] {dag.py:3823} INFO - Setting next_dagrun for ecommerce_analytics_pipeline to 2026-04-23 00:00:00+00:00, run_after=2026-04-24 00:00:00+00:00
[2026-04-23T06:24:52.976+0000] {processor.py:183} INFO - Processing /opt/airflow/dags/ecommerce_pipeline.py took 0.644 seconds
[2026-04-23T06:25:23.666+0000] {processor.py:161} INFO - Started process (PID=5598) to work on /opt/airflow/dags/ecommerce_pipeline.py
[2026-04-23T06:25:23.672+0000] {processor.py:830} INFO - Processing file /opt/airflow/dags/ecommerce_pipeline.py for tasks to queue
[2026-04-23T06:25:23.678+0000] {logging_mixin.py:188} INFO - [2026-04-23T06:25:23.676+0000] {dagbag.py:538} INFO - Filling up the DagBag from /opt/airflow/dags/ecommerce_pipeline.py
[2026-04-23T06:25:23.829+0000] {processor.py:840} INFO - DAG(s) 'ecommerce_analytics_pipeline' retrieved from /opt/airflow/dags/ecommerce_pipeline.py
[2026-04-23T06:25:23.989+0000] {logging_mixin.py:188} INFO - [2026-04-23T06:25:23.988+0000] {dag.py:3036} INFO - Sync 1 DAGs
[2026-04-23T06:25:24.106+0000] {logging_mixin.py:188} INFO - [2026-04-23T06:25:24.105+0000] {dag.py:3823} INFO - Setting next_dagrun for ecommerce_analytics_pipeline to 2026-04-23 00:00:00+00:00, run_after=2026-04-24 00:00:00+00:00
[2026-04-23T06:25:24.201+0000] {processor.py:183} INFO - Processing /opt/airflow/dags/ecommerce_pipeline.py took 0.556 seconds
[2026-04-23T06:31:02.257+0000] {processor.py:161} INFO - Started process (PID=5605) to work on /opt/airflow/dags/ecommerce_pipeline.py
[2026-04-23T06:31:02.481+0000] {processor.py:830} INFO - Processing file /opt/airflow/dags/ecommerce_pipeline.py for tasks to queue
[2026-04-23T06:31:02.612+0000] {logging_mixin.py:188} INFO - [2026-04-23T06:31:02.610+0000] {dagbag.py:538} INFO - Filling up the DagBag from /opt/airflow/dags/ecommerce_pipeline.py
[2026-04-23T06:31:03.001+0000] {processor.py:840} INFO - DAG(s) 'ecommerce_analytics_pipeline' retrieved from /opt/airflow/dags/ecommerce_pipeline.py
[2026-04-23T06:31:03.581+0000] {logging_mixin.py:188} INFO - [2026-04-23T06:31:03.580+0000] {dag.py:3036} INFO - Sync 1 DAGs
[2026-04-23T06:31:03.781+0000] {logging_mixin.py:188} INFO - [2026-04-23T06:31:03.780+0000] {dag.py:3823} INFO - Setting next_dagrun for ecommerce_analytics_pipeline to 2026-04-23 00:00:00+00:00, run_after=2026-04-24 00:00:00+00:00
[2026-04-23T06:31:03.909+0000] {processor.py:183} INFO - Processing /opt/airflow/dags/ecommerce_pipeline.py took 1.804 seconds
[2026-04-23T06:31:34.171+0000] {processor.py:161} INFO - Started process (PID=5610) to work on /opt/airflow/dags/ecommerce_pipeline.py
[2026-04-23T06:31:34.176+0000] {processor.py:830} INFO - Processing file /opt/airflow/dags/ecommerce_pipeline.py for tasks to queue
[2026-04-23T06:31:34.180+0000] {logging_mixin.py:188} INFO - [2026-04-23T06:31:34.179+0000] {dagbag.py:538} INFO - Filling up the DagBag from /opt/airflow/dags/ecommerce_pipeline.py
[2026-04-23T06:31:34.247+0000] {processor.py:840} INFO - DAG(s) 'ecommerce_analytics_pipeline' retrieved from /opt/airflow/dags/ecommerce_pipeline.py
[2026-04-23T06:31:34.344+0000] {logging_mixin.py:188} INFO - [2026-04-23T06:31:34.343+0000] {dag.py:3036} INFO - Sync 1 DAGs
[2026-04-23T06:31:34.447+0000] {logging_mixin.py:188} INFO - [2026-04-23T06:31:34.435+0000] {dag.py:3823} INFO - Setting next_dagrun for ecommerce_analytics_pipeline to 2026-04-23 00:00:00+00:00, run_after=2026-04-24 00:00:00+00:00
[2026-04-23T06:31:34.598+0000] {processor.py:183} INFO - Processing /opt/airflow/dags/ecommerce_pipeline.py took 0.439 seconds
[2026-04-23T06:32:04.835+0000] {processor.py:161} INFO - Started process (PID=5615) to work on /opt/airflow/dags/ecommerce_pipeline.py
[2026-04-23T06:32:04.837+0000] {processor.py:830} INFO - Processing file /opt/airflow/dags/ecommerce_pipeline.py for tasks to queue
[2026-04-23T06:32:04.838+0000] {logging_mixin.py:188} INFO - [2026-04-23T06:32:04.838+0000] {dagbag.py:538} INFO - Filling up the DagBag from /opt/airflow/dags/ecommerce_pipeline.py
[2026-04-23T06:32:04.869+0000] {processor.py:840} INFO - DAG(s) 'ecommerce_analytics_pipeline' retrieved from /opt/airflow/dags/ecommerce_pipeline.py
[2026-04-23T06:32:04.906+0000] {logging_mixin.py:188} INFO - [2026-04-23T06:32:04.906+0000] {dag.py:3036} INFO - Sync 1 DAGs
[2026-04-23T06:32:04.933+0000] {logging_mixin.py:188} INFO - [2026-04-23T06:32:04.933+0000] {dag.py:3823} INFO - Setting next_dagrun for ecommerce_analytics_pipeline to 2026-04-23 00:00:00+00:00, run_after=2026-04-24 00:00:00+00:00
[2026-04-23T06:32:04.956+0000] {processor.py:183} INFO - Processing /opt/airflow/dags/ecommerce_pipeline.py took 0.125 seconds
[2026-04-23T06:32:35.101+0000] {processor.py:161} INFO - Started process (PID=5620) to work on /opt/airflow/dags/ecommerce_pipeline.py
[2026-04-23T06:32:35.103+0000] {processor.py:830} INFO - Processing file /opt/airflow/dags/ecommerce_pipeline.py for tasks to queue
[2026-04-23T06:32:35.105+0000] {logging_mixin.py:188} INFO - [2026-04-23T06:32:35.105+0000] {dagbag.py:538} INFO - Filling up the DagBag from /opt/airflow/dags/ecommerce_pipeline.py
[2026-04-23T06:32:35.140+0000] {processor.py:840} INFO - DAG(s) 'ecommerce_analytics_pipeline' retrieved from /opt/airflow/dags/ecommerce_pipeline.py
[2026-04-23T06:32:35.177+0000] {logging_mixin.py:188} INFO - [2026-04-23T06:32:35.177+0000] {dag.py:3036} INFO - Sync 1 DAGs
[2026-04-23T06:32:35.205+0000] {logging_mixin.py:188} INFO - [2026-04-23T06:32:35.205+0000] {dag.py:3823} INFO - Setting next_dagrun for ecommerce_analytics_pipeline to 2026-04-23 00:00:00+00:00, run_after=2026-04-24 00:00:00+00:00
[2026-04-23T06:32:35.233+0000] {processor.py:183} INFO - Processing /opt/airflow/dags/ecommerce_pipeline.py took 0.136 seconds
[2026-04-23T06:33:05.654+0000] {processor.py:161} INFO - Started process (PID=5625) to work on /opt/airflow/dags/ecommerce_pipeline.py
[2026-04-23T06:33:05.656+0000] {processor.py:830} INFO - Processing file /opt/airflow/dags/ecommerce_pipeline.py for tasks to queue
[2026-04-23T06:33:05.657+0000] {logging_mixin.py:188} INFO - [2026-04-23T06:33:05.657+0000] {dagbag.py:538} INFO - Filling up the DagBag from /opt/airflow/dags/ecommerce_pipeline.py
[2026-04-23T06:33:05.708+0000] {processor.py:840} INFO - DAG(s) 'ecommerce_analytics_pipeline' retrieved from /opt/airflow/dags/ecommerce_pipeline.py
[2026-04-23T06:33:05.753+0000] {logging_mixin.py:188} INFO - [2026-04-23T06:33:05.752+0000] {dag.py:3036} INFO - Sync 1 DAGs
[2026-04-23T06:33:05.786+0000] {logging_mixin.py:188} INFO - [2026-04-23T06:33:05.785+0000] {dag.py:3823} INFO - Setting next_dagrun for ecommerce_analytics_pipeline to 2026-04-23 00:00:00+00:00, run_after=2026-04-24 00:00:00+00:00
[2026-04-23T06:33:05.816+0000] {processor.py:183} INFO - Processing /opt/airflow/dags/ecommerce_pipeline.py took 0.167 seconds
[2026-04-23T06:33:36.145+0000] {processor.py:161} INFO - Started process (PID=5630) to work on /opt/airflow/dags/ecommerce_pipeline.py
[2026-04-23T06:33:36.146+0000] {processor.py:830} INFO - Processing file /opt/airflow/dags/ecommerce_pipeline.py for tasks to queue
[2026-04-23T06:33:36.148+0000] {logging_mixin.py:188} INFO - [2026-04-23T06:33:36.147+0000] {dagbag.py:538} INFO - Filling up the DagBag from /opt/airflow/dags/ecommerce_pipeline.py
[2026-04-23T06:33:36.182+0000] {processor.py:840} INFO - DAG(s) 'ecommerce_analytics_pipeline' retrieved from /opt/airflow/dags/ecommerce_pipeline.py
[2026-04-23T06:33:36.222+0000] {logging_mixin.py:188} INFO - [2026-04-23T06:33:36.222+0000] {dag.py:3036} INFO - Sync 1 DAGs
[2026-04-23T06:33:36.251+0000] {logging_mixin.py:188} INFO - [2026-04-23T06:33:36.251+0000] {dag.py:3823} INFO - Setting next_dagrun for ecommerce_analytics_pipeline to 2026-04-23 00:00:00+00:00, run_after=2026-04-24 00:00:00+00:00
[2026-04-23T06:33:36.277+0000] {processor.py:183} INFO - Processing /opt/airflow/dags/ecommerce_pipeline.py took 0.137 seconds
[2026-04-23T06:34:06.715+0000] {processor.py:161} INFO - Started process (PID=5635) to work on /opt/airflow/dags/ecommerce_pipeline.py
[2026-04-23T06:34:06.717+0000] {processor.py:830} INFO - Processing file /opt/airflow/dags/ecommerce_pipeline.py for tasks to queue
[2026-04-23T06:34:06.719+0000] {logging_mixin.py:188} INFO - [2026-04-23T06:34:06.719+0000] {dagbag.py:538} INFO - Filling up the DagBag from /opt/airflow/dags/ecommerce_pipeline.py
[2026-04-23T06:34:06.757+0000] {processor.py:840} INFO - DAG(s) 'ecommerce_analytics_pipeline' retrieved from /opt/airflow/dags/ecommerce_pipeline.py
[2026-04-23T06:34:06.795+0000] {logging_mixin.py:188} INFO - [2026-04-23T06:34:06.795+0000] {dag.py:3036} INFO - Sync 1 DAGs
[2026-04-23T06:34:06.827+0000] {logging_mixin.py:188} INFO - [2026-04-23T06:34:06.827+0000] {dag.py:3823} INFO - Setting next_dagrun for ecommerce_analytics_pipeline to 2026-04-23 00:00:00+00:00, run_after=2026-04-24 00:00:00+00:00
[2026-04-23T06:34:06.856+0000] {processor.py:183} INFO - Processing /opt/airflow/dags/ecommerce_pipeline.py took 0.146 seconds
[2026-04-23T06:34:37.166+0000] {processor.py:161} INFO - Started process (PID=5640) to work on /opt/airflow/dags/ecommerce_pipeline.py
[2026-04-23T06:34:37.167+0000] {processor.py:830} INFO - Processing file /opt/airflow/dags/ecommerce_pipeline.py for tasks to queue
[2026-04-23T06:34:37.169+0000] {logging_mixin.py:188} INFO - [2026-04-23T06:34:37.168+0000] {dagbag.py:538} INFO - Filling up the DagBag from /opt/airflow/dags/ecommerce_pipeline.py
[2026-04-23T06:34:37.204+0000] {processor.py:840} INFO - DAG(s) 'ecommerce_analytics_pipeline' retrieved from /opt/airflow/dags/ecommerce_pipeline.py
[2026-04-23T06:34:37.247+0000] {logging_mixin.py:188} INFO - [2026-04-23T06:34:37.247+0000] {dag.py:3036} INFO - Sync 1 DAGs
[2026-04-23T06:34:37.277+0000] {logging_mixin.py:188} INFO - [2026-04-23T06:34:37.277+0000] {dag.py:3823} INFO - Setting next_dagrun for ecommerce_analytics_pipeline to 2026-04-23 00:00:00+00:00, run_after=2026-04-24 00:00:00+00:00
[2026-04-23T06:34:37.308+0000] {processor.py:183} INFO - Processing /opt/airflow/dags/ecommerce_pipeline.py took 0.147 seconds
[2026-04-23T06:35:07.647+0000] {processor.py:161} INFO - Started process (PID=5645) to work on /opt/airflow/dags/ecommerce_pipeline.py
[2026-04-23T06:35:07.649+0000] {processor.py:830} INFO - Processing file /opt/airflow/dags/ecommerce_pipeline.py for tasks to queue
[2026-04-23T06:35:07.650+0000] {logging_mixin.py:188} INFO - [2026-04-23T06:35:07.650+0000] {dagbag.py:538} INFO - Filling up the DagBag from /opt/airflow/dags/ecommerce_pipeline.py
[2026-04-23T06:35:07.692+0000] {processor.py:840} INFO - DAG(s) 'ecommerce_analytics_pipeline' retrieved from /opt/airflow/dags/ecommerce_pipeline.py
[2026-04-23T06:35:07.739+0000] {logging_mixin.py:188} INFO - [2026-04-23T06:35:07.738+0000] {dag.py:3036} INFO - Sync 1 DAGs
[2026-04-23T06:35:07.774+0000] {logging_mixin.py:188} INFO - [2026-04-23T06:35:07.774+0000] {dag.py:3823} INFO - Setting next_dagrun for ecommerce_analytics_pipeline to 2026-04-23 00:00:00+00:00, run_after=2026-04-24 00:00:00+00:00
[2026-04-23T06:35:07.806+0000] {processor.py:183} INFO - Processing /opt/airflow/dags/ecommerce_pipeline.py took 0.166 seconds
[2026-04-23T06:35:38.063+0000] {processor.py:161} INFO - Started process (PID=5650) to work on /opt/airflow/dags/ecommerce_pipeline.py
[2026-04-23T06:35:38.065+0000] {processor.py:830} INFO - Processing file /opt/airflow/dags/ecommerce_pipeline.py for tasks to queue
[2026-04-23T06:35:38.067+0000] {logging_mixin.py:188} INFO - [2026-04-23T06:35:38.066+0000] {dagbag.py:538} INFO - Filling up the DagBag from /opt/airflow/dags/ecommerce_pipeline.py
[2026-04-23T06:35:38.103+0000] {processor.py:840} INFO - DAG(s) 'ecommerce_analytics_pipeline' retrieved from /opt/airflow/dags/ecommerce_pipeline.py
[2026-04-23T06:35:38.143+0000] {logging_mixin.py:188} INFO - [2026-04-23T06:35:38.142+0000] {dag.py:3036} INFO - Sync 1 DAGs
[2026-04-23T06:35:38.175+0000] {logging_mixin.py:188} INFO - [2026-04-23T06:35:38.174+0000] {dag.py:3823} INFO - Setting next_dagrun for ecommerce_analytics_pipeline to 2026-04-23 00:00:00+00:00, run_after=2026-04-24 00:00:00+00:00
[2026-04-23T06:35:38.202+0000] {processor.py:183} INFO - Processing /opt/airflow/dags/ecommerce_pipeline.py took 0.144 seconds
[2026-04-23T06:36:08.678+0000] {processor.py:161} INFO - Started process (PID=5655) to work on /opt/airflow/dags/ecommerce_pipeline.py
[2026-04-23T06:36:08.680+0000] {processor.py:830} INFO - Processing file /opt/airflow/dags/ecommerce_pipeline.py for tasks to queue
[2026-04-23T06:36:08.681+0000] {logging_mixin.py:188} INFO - [2026-04-23T06:36:08.681+0000] {dagbag.py:538} INFO - Filling up the DagBag from /opt/airflow/dags/ecommerce_pipeline.py
[2026-04-23T06:36:08.714+0000] {processor.py:840} INFO - DAG(s) 'ecommerce_analytics_pipeline' retrieved from /opt/airflow/dags/ecommerce_pipeline.py
[2026-04-23T06:36:08.762+0000] {logging_mixin.py:188} INFO - [2026-04-23T06:36:08.762+0000] {dag.py:3036} INFO - Sync 1 DAGs
[2026-04-23T06:36:08.798+0000] {logging_mixin.py:188} INFO - [2026-04-23T06:36:08.797+0000] {dag.py:3823} INFO - Setting next_dagrun for ecommerce_analytics_pipeline to 2026-04-23 00:00:00+00:00, run_after=2026-04-24 00:00:00+00:00
[2026-04-23T06:36:08.829+0000] {processor.py:183} INFO - Processing /opt/airflow/dags/ecommerce_pipeline.py took 0.155 seconds
[2026-04-23T06:36:39.072+0000] {processor.py:161} INFO - Started process (PID=5660) to work on /opt/airflow/dags/ecommerce_pipeline.py
[2026-04-23T06:36:39.073+0000] {processor.py:830} INFO - Processing file /opt/airflow/dags/ecommerce_pipeline.py for tasks to queue
[2026-04-23T06:36:39.075+0000] {logging_mixin.py:188} INFO - [2026-04-23T06:36:39.075+0000] {dagbag.py:538} INFO - Filling up the DagBag from /opt/airflow/dags/ecommerce_pipeline.py
[2026-04-23T06:36:39.109+0000] {processor.py:840} INFO - DAG(s) 'ecommerce_analytics_pipeline' retrieved from /opt/airflow/dags/ecommerce_pipeline.py
[2026-04-23T06:36:39.154+0000] {logging_mixin.py:188} INFO - [2026-04-23T06:36:39.154+0000] {dag.py:3036} INFO - Sync 1 DAGs
[2026-04-23T06:36:39.187+0000] {logging_mixin.py:188} INFO - [2026-04-23T06:36:39.187+0000] {dag.py:3823} INFO - Setting next_dagrun for ecommerce_analytics_pipeline to 2026-04-23 00:00:00+00:00, run_after=2026-04-24 00:00:00+00:00
[2026-04-23T06:36:39.218+0000] {processor.py:183} INFO - Processing /opt/airflow/dags/ecommerce_pipeline.py took 0.150 seconds
[2026-04-23T06:37:09.696+0000] {processor.py:161} INFO - Started process (PID=5665) to work on /opt/airflow/dags/ecommerce_pipeline.py
[2026-04-23T06:37:09.698+0000] {processor.py:830} INFO - Processing file /opt/airflow/dags/ecommerce_pipeline.py for tasks to queue
[2026-04-23T06:37:09.699+0000] {logging_mixin.py:188} INFO - [2026-04-23T06:37:09.699+0000] {dagbag.py:538} INFO - Filling up the DagBag from /opt/airflow/dags/ecommerce_pipeline.py
[2026-04-23T06:37:09.738+0000] {processor.py:840} INFO - DAG(s) 'ecommerce_analytics_pipeline' retrieved from /opt/airflow/dags/ecommerce_pipeline.py
[2026-04-23T06:37:09.783+0000] {logging_mixin.py:188} INFO - [2026-04-23T06:37:09.783+0000] {dag.py:3036} INFO - Sync 1 DAGs
[2026-04-23T06:37:09.815+0000] {logging_mixin.py:188} INFO - [2026-04-23T06:37:09.814+0000] {dag.py:3823} INFO - Setting next_dagrun for ecommerce_analytics_pipeline to 2026-04-23 00:00:00+00:00, run_after=2026-04-24 00:00:00+00:00
[2026-04-23T06:37:09.849+0000] {processor.py:183} INFO - Processing /opt/airflow/dags/ecommerce_pipeline.py took 0.158 seconds
[2026-04-23T06:37:40.075+0000] {processor.py:161} INFO - Started process (PID=5670) to work on /opt/airflow/dags/ecommerce_pipeline.py
[2026-04-23T06:37:40.077+0000] {processor.py:830} INFO - Processing file /opt/airflow/dags/ecommerce_pipeline.py for tasks to queue
[2026-04-23T06:37:40.079+0000] {logging_mixin.py:188} INFO - [2026-04-23T06:37:40.078+0000] {dagbag.py:538} INFO - Filling up the DagBag from /opt/airflow/dags/ecommerce_pipeline.py
[2026-04-23T06:37:40.116+0000] {processor.py:840} INFO - DAG(s) 'ecommerce_analytics_pipeline' retrieved from /opt/airflow/dags/ecommerce_pipeline.py
[2026-04-23T06:37:40.180+0000] {logging_mixin.py:188} INFO - [2026-04-23T06:37:40.180+0000] {dag.py:3036} INFO - Sync 1 DAGs
[2026-04-23T06:37:40.217+0000] {logging_mixin.py:188} INFO - [2026-04-23T06:37:40.216+0000] {dag.py:3823} INFO - Setting next_dagrun for ecommerce_analytics_pipeline to 2026-04-23 00:00:00+00:00, run_after=2026-04-24 00:00:00+00:00
[2026-04-23T06:37:40.252+0000] {processor.py:183} INFO - Processing /opt/airflow/dags/ecommerce_pipeline.py took 0.182 seconds
[2026-04-23T06:38:10.583+0000] {processor.py:161} INFO - Started process (PID=5675) to work on /opt/airflow/dags/ecommerce_pipeline.py
[2026-04-23T06:38:10.585+0000] {processor.py:830} INFO - Processing file /opt/airflow/dags/ecommerce_pipeline.py for tasks to queue
[2026-04-23T06:38:10.586+0000] {logging_mixin.py:188} INFO - [2026-04-23T06:38:10.586+0000] {dagbag.py:538} INFO - Filling up the DagBag from /opt/airflow/dags/ecommerce_pipeline.py
[2026-04-23T06:38:10.622+0000] {processor.py:840} INFO - DAG(s) 'ecommerce_analytics_pipeline' retrieved from /opt/airflow/dags/ecommerce_pipeline.py
[2026-04-23T06:38:10.659+0000] {logging_mixin.py:188} INFO - [2026-04-23T06:38:10.659+0000] {dag.py:3036} INFO - Sync 1 DAGs
[2026-04-23T06:38:10.691+0000] {logging_mixin.py:188} INFO - [2026-04-23T06:38:10.691+0000] {dag.py:3823} INFO - Setting next_dagrun for ecommerce_analytics_pipeline to 2026-04-23 00:00:00+00:00, run_after=2026-04-24 00:00:00+00:00
[2026-04-23T06:38:10.719+0000] {processor.py:183} INFO - Processing /opt/airflow/dags/ecommerce_pipeline.py took 0.140 seconds
[2026-04-23T06:38:40.945+0000] {processor.py:161} INFO - Started process (PID=5680) to work on /opt/airflow/dags/ecommerce_pipeline.py
[2026-04-23T06:38:40.947+0000] {processor.py:830} INFO - Processing file /opt/airflow/dags/ecommerce_pipeline.py for tasks to queue
[2026-04-23T06:38:40.949+0000] {logging_mixin.py:188} INFO - [2026-04-23T06:38:40.949+0000] {dagbag.py:538} INFO - Filling up the DagBag from /opt/airflow/dags/ecommerce_pipeline.py
[2026-04-23T06:38:40.998+0000] {processor.py:840} INFO - DAG(s) 'ecommerce_analytics_pipeline' retrieved from /opt/airflow/dags/ecommerce_pipeline.py
[2026-04-23T06:38:41.059+0000] {logging_mixin.py:188} INFO - [2026-04-23T06:38:41.059+0000] {dag.py:3036} INFO - Sync 1 DAGs
[2026-04-23T06:38:41.109+0000] {logging_mixin.py:188} INFO - [2026-04-23T06:38:41.108+0000] {dag.py:3823} INFO - Setting next_dagrun for ecommerce_analytics_pipeline to 2026-04-23 00:00:00+00:00, run_after=2026-04-24 00:00:00+00:00
[2026-04-23T06:38:41.148+0000] {processor.py:183} INFO - Processing /opt/airflow/dags/ecommerce_pipeline.py took 0.211 seconds
[2026-04-23T06:39:11.363+0000] {processor.py:161} INFO - Started process (PID=5685) to work on /opt/airflow/dags/ecommerce_pipeline.py
[2026-04-23T06:39:11.365+0000] {processor.py:830} INFO - Processing file /opt/airflow/dags/ecommerce_pipeline.py for tasks to queue
[2026-04-23T06:39:11.367+0000] {logging_mixin.py:188} INFO - [2026-04-23T06:39:11.366+0000] {dagbag.py:538} INFO - Filling up the DagBag from /opt/airflow/dags/ecommerce_pipeline.py
[2026-04-23T06:39:11.412+0000] {processor.py:840} INFO - DAG(s) 'ecommerce_analytics_pipeline' retrieved from /opt/airflow/dags/ecommerce_pipeline.py
[2026-04-23T06:39:11.464+0000] {logging_mixin.py:188} INFO - [2026-04-23T06:39:11.464+0000] {dag.py:3036} INFO - Sync 1 DAGs
[2026-04-23T06:39:11.501+0000] {logging_mixin.py:188} INFO - [2026-04-23T06:39:11.501+0000] {dag.py:3823} INFO - Setting next_dagrun for ecommerce_analytics_pipeline to 2026-04-23 00:00:00+00:00, run_after=2026-04-24 00:00:00+00:00
[2026-04-23T06:39:11.539+0000] {processor.py:183} INFO - Processing /opt/airflow/dags/ecommerce_pipeline.py took 0.183 seconds
[2026-04-23T06:39:41.846+0000] {processor.py:161} INFO - Started process (PID=5690) to work on /opt/airflow/dags/ecommerce_pipeline.py
[2026-04-23T06:39:41.850+0000] {processor.py:830} INFO - Processing file /opt/airflow/dags/ecommerce_pipeline.py for tasks to queue
[2026-04-23T06:39:41.853+0000] {logging_mixin.py:188} INFO - [2026-04-23T06:39:41.852+0000] {dagbag.py:538} INFO - Filling up the DagBag from /opt/airflow/dags/ecommerce_pipeline.py
[2026-04-23T06:39:41.912+0000] {processor.py:840} INFO - DAG(s) 'ecommerce_analytics_pipeline' retrieved from /opt/airflow/dags/ecommerce_pipeline.py
[2026-04-23T06:39:41.990+0000] {logging_mixin.py:188} INFO - [2026-04-23T06:39:41.989+0000] {dag.py:3036} INFO - Sync 1 DAGs
[2026-04-23T06:39:42.024+0000] {logging_mixin.py:188} INFO - [2026-04-23T06:39:42.024+0000] {dag.py:3823} INFO - Setting next_dagrun for ecommerce_analytics_pipeline to 2026-04-23 00:00:00+00:00, run_after=2026-04-24 00:00:00+00:00
[2026-04-23T06:39:42.054+0000] {processor.py:183} INFO - Processing /opt/airflow/dags/ecommerce_pipeline.py took 0.219 seconds
[2026-04-23T06:40:12.353+0000] {processor.py:161} INFO - Started process (PID=5695) to work on /opt/airflow/dags/ecommerce_pipeline.py
[2026-04-23T06:40:12.354+0000] {processor.py:830} INFO - Processing file /opt/airflow/dags/ecommerce_pipeline.py for tasks to queue
[2026-04-23T06:40:12.355+0000] {logging_mixin.py:188} INFO - [2026-04-23T06:40:12.355+0000] {dagbag.py:538} INFO - Filling up the DagBag from /opt/airflow/dags/ecommerce_pipeline.py
[2026-04-23T06:40:12.387+0000] {processor.py:840} INFO - DAG(s) 'ecommerce_analytics_pipeline' retrieved from /opt/airflow/dags/ecommerce_pipeline.py
[2026-04-23T06:40:12.426+0000] {logging_mixin.py:188} INFO - [2026-04-23T06:40:12.426+0000] {dag.py:3036} INFO - Sync 1 DAGs
[2026-04-23T06:40:12.457+0000] {logging_mixin.py:188} INFO - [2026-04-23T06:40:12.456+0000] {dag.py:3823} INFO - Setting next_dagrun for ecommerce_analytics_pipeline to 2026-04-23 00:00:00+00:00, run_after=2026-04-24 00:00:00+00:00
[2026-04-23T06:40:12.483+0000] {processor.py:183} INFO - Processing /opt/airflow/dags/ecommerce_pipeline.py took 0.135 seconds
[2026-04-23T06:40:42.876+0000] {processor.py:161} INFO - Started process (PID=5700) to work on /opt/airflow/dags/ecommerce_pipeline.py
[2026-04-23T06:40:42.878+0000] {processor.py:830} INFO - Processing file /opt/airflow/dags/ecommerce_pipeline.py for tasks to queue
[2026-04-23T06:40:42.879+0000] {logging_mixin.py:188} INFO - [2026-04-23T06:40:42.879+0000] {dagbag.py:538} INFO - Filling up the DagBag from /opt/airflow/dags/ecommerce_pipeline.py
[2026-04-23T06:40:42.921+0000] {processor.py:840} INFO - DAG(s) 'ecommerce_analytics_pipeline' retrieved from /opt/airflow/dags/ecommerce_pipeline.py
[2026-04-23T06:40:42.962+0000] {logging_mixin.py:188} INFO - [2026-04-23T06:40:42.962+0000] {dag.py:3036} INFO - Sync 1 DAGs
[2026-04-23T06:40:42.994+0000] {logging_mixin.py:188} INFO - [2026-04-23T06:40:42.994+0000] {dag.py:3823} INFO - Setting next_dagrun for ecommerce_analytics_pipeline to 2026-04-23 00:00:00+00:00, run_after=2026-04-24 00:00:00+00:00
[2026-04-23T06:40:43.020+0000] {processor.py:183} INFO - Processing /opt/airflow/dags/ecommerce_pipeline.py took 0.147 seconds
[2026-04-23T06:41:13.307+0000] {processor.py:161} INFO - Started process (PID=5705) to work on /opt/airflow/dags/ecommerce_pipeline.py
[2026-04-23T06:41:13.309+0000] {processor.py:830} INFO - Processing file /opt/airflow/dags/ecommerce_pipeline.py for tasks to queue
[2026-04-23T06:41:13.311+0000] {logging_mixin.py:188} INFO - [2026-04-23T06:41:13.310+0000] {dagbag.py:538} INFO - Filling up the DagBag from /opt/airflow/dags/ecommerce_pipeline.py
[2026-04-23T06:41:13.348+0000] {processor.py:840} INFO - DAG(s) 'ecommerce_analytics_pipeline' retrieved from /opt/airflow/dags/ecommerce_pipeline.py
[2026-04-23T06:41:13.394+0000] {logging_mixin.py:188} INFO - [2026-04-23T06:41:13.394+0000] {dag.py:3036} INFO - Sync 1 DAGs
[2026-04-23T06:41:13.426+0000] {logging_mixin.py:188} INFO - [2026-04-23T06:41:13.425+0000] {dag.py:3823} INFO - Setting next_dagrun for ecommerce_analytics_pipeline to 2026-04-23 00:00:00+00:00, run_after=2026-04-24 00:00:00+00:00
[2026-04-23T06:41:13.457+0000] {processor.py:183} INFO - Processing /opt/airflow/dags/ecommerce_pipeline.py took 0.155 seconds
[2026-04-23T06:41:43.790+0000] {processor.py:161} INFO - Started process (PID=5710) to work on /opt/airflow/dags/ecommerce_pipeline.py
[2026-04-23T06:41:43.791+0000] {processor.py:830} INFO - Processing file /opt/airflow/dags/ecommerce_pipeline.py for tasks to queue
[2026-04-23T06:41:43.793+0000] {logging_mixin.py:188} INFO - [2026-04-23T06:41:43.793+0000] {dagbag.py:538} INFO - Filling up the DagBag from /opt/airflow/dags/ecommerce_pipeline.py
[2026-04-23T06:41:43.828+0000] {processor.py:840} INFO - DAG(s) 'ecommerce_analytics_pipeline' retrieved from /opt/airflow/dags/ecommerce_pipeline.py
[2026-04-23T06:41:43.870+0000] {logging_mixin.py:188} INFO - [2026-04-23T06:41:43.870+0000] {dag.py:3036} INFO - Sync 1 DAGs
[2026-04-23T06:41:43.900+0000] {logging_mixin.py:188} INFO - [2026-04-23T06:41:43.900+0000] {dag.py:3823} INFO - Setting next_dagrun for ecommerce_analytics_pipeline to 2026-04-23 00:00:00+00:00, run_after=2026-04-24 00:00:00+00:00
[2026-04-23T06:41:43.931+0000] {processor.py:183} INFO - Processing /opt/airflow/dags/ecommerce_pipeline.py took 0.145 seconds
