[2026-04-22T05:26:56.389+0000] {processor.py:161} INFO - Started process (PID=258) to work on /opt/airflow/dags/ecommerce_pipeline.py
[2026-04-22T05:26:56.408+0000] {processor.py:830} INFO - Processing file /opt/airflow/dags/ecommerce_pipeline.py for tasks to queue
[2026-04-22T05:26:56.446+0000] {logging_mixin.py:188} INFO - [2026-04-22T05:26:56.445+0000] {dagbag.py:538} INFO - Filling up the DagBag from /opt/airflow/dags/ecommerce_pipeline.py
[2026-04-22T05:27:04.182+0000] {processor.py:840} INFO - DAG(s) 'ecommerce_analytics_pipeline' retrieved from /opt/airflow/dags/ecommerce_pipeline.py
[2026-04-22T05:27:06.711+0000] {logging_mixin.py:188} INFO - [2026-04-22T05:27:06.709+0000] {dag.py:3036} INFO - Sync 1 DAGs
[2026-04-22T05:27:07.511+0000] {logging_mixin.py:188} INFO - [2026-04-22T05:27:07.507+0000] {dag.py:3823} INFO - Setting next_dagrun for ecommerce_analytics_pipeline to 2026-04-21 00:00:00+00:00, run_after=2026-04-22 00:00:00+00:00
[2026-04-22T05:27:07.753+0000] {processor.py:183} INFO - Processing /opt/airflow/dags/ecommerce_pipeline.py took 11.898 seconds
[2026-04-22T05:27:40.256+0000] {processor.py:161} INFO - Started process (PID=263) to work on /opt/airflow/dags/ecommerce_pipeline.py
[2026-04-22T05:27:40.297+0000] {processor.py:830} INFO - Processing file /opt/airflow/dags/ecommerce_pipeline.py for tasks to queue
[2026-04-22T05:27:40.329+0000] {logging_mixin.py:188} INFO - [2026-04-22T05:27:40.314+0000] {dagbag.py:538} INFO - Filling up the DagBag from /opt/airflow/dags/ecommerce_pipeline.py
[2026-04-22T05:27:41.062+0000] {processor.py:840} INFO - DAG(s) 'ecommerce_analytics_pipeline' retrieved from /opt/airflow/dags/ecommerce_pipeline.py
[2026-04-22T05:27:42.468+0000] {logging_mixin.py:188} INFO - [2026-04-22T05:27:42.467+0000] {dag.py:3036} INFO - Sync 1 DAGs
[2026-04-22T05:27:43.687+0000] {logging_mixin.py:188} INFO - [2026-04-22T05:27:43.678+0000] {dag.py:3823} INFO - Setting next_dagrun for ecommerce_analytics_pipeline to 2026-04-21 00:00:00+00:00, run_after=2026-04-22 00:00:00+00:00
[2026-04-22T05:27:44.240+0000] {processor.py:183} INFO - Processing /opt/airflow/dags/ecommerce_pipeline.py took 4.096 seconds
[2026-04-22T05:28:15.647+0000] {processor.py:161} INFO - Started process (PID=268) to work on /opt/airflow/dags/ecommerce_pipeline.py
[2026-04-22T05:28:15.666+0000] {processor.py:830} INFO - Processing file /opt/airflow/dags/ecommerce_pipeline.py for tasks to queue
[2026-04-22T05:28:15.681+0000] {logging_mixin.py:188} INFO - [2026-04-22T05:28:15.673+0000] {dagbag.py:538} INFO - Filling up the DagBag from /opt/airflow/dags/ecommerce_pipeline.py
[2026-04-22T05:28:16.234+0000] {processor.py:840} INFO - DAG(s) 'ecommerce_analytics_pipeline' retrieved from /opt/airflow/dags/ecommerce_pipeline.py
[2026-04-22T05:28:16.840+0000] {logging_mixin.py:188} INFO - [2026-04-22T05:28:16.839+0000] {dag.py:3036} INFO - Sync 1 DAGs
[2026-04-22T05:28:17.333+0000] {logging_mixin.py:188} INFO - [2026-04-22T05:28:17.332+0000] {dag.py:3823} INFO - Setting next_dagrun for ecommerce_analytics_pipeline to 2026-04-21 00:00:00+00:00, run_after=2026-04-22 00:00:00+00:00
[2026-04-22T05:28:17.470+0000] {processor.py:183} INFO - Processing /opt/airflow/dags/ecommerce_pipeline.py took 1.926 seconds
[2026-04-22T05:28:48.062+0000] {processor.py:161} INFO - Started process (PID=273) to work on /opt/airflow/dags/ecommerce_pipeline.py
[2026-04-22T05:28:48.067+0000] {processor.py:830} INFO - Processing file /opt/airflow/dags/ecommerce_pipeline.py for tasks to queue
[2026-04-22T05:28:48.074+0000] {logging_mixin.py:188} INFO - [2026-04-22T05:28:48.071+0000] {dagbag.py:538} INFO - Filling up the DagBag from /opt/airflow/dags/ecommerce_pipeline.py
[2026-04-22T05:28:48.298+0000] {processor.py:840} INFO - DAG(s) 'ecommerce_analytics_pipeline' retrieved from /opt/airflow/dags/ecommerce_pipeline.py
[2026-04-22T05:28:48.558+0000] {logging_mixin.py:188} INFO - [2026-04-22T05:28:48.557+0000] {dag.py:3036} INFO - Sync 1 DAGs
[2026-04-22T05:28:48.685+0000] {logging_mixin.py:188} INFO - [2026-04-22T05:28:48.684+0000] {dag.py:3823} INFO - Setting next_dagrun for ecommerce_analytics_pipeline to 2026-04-21 00:00:00+00:00, run_after=2026-04-22 00:00:00+00:00
[2026-04-22T05:28:48.777+0000] {processor.py:183} INFO - Processing /opt/airflow/dags/ecommerce_pipeline.py took 0.747 seconds
[2026-04-22T05:29:19.267+0000] {processor.py:161} INFO - Started process (PID=278) to work on /opt/airflow/dags/ecommerce_pipeline.py
[2026-04-22T05:29:19.270+0000] {processor.py:830} INFO - Processing file /opt/airflow/dags/ecommerce_pipeline.py for tasks to queue
[2026-04-22T05:29:19.274+0000] {logging_mixin.py:188} INFO - [2026-04-22T05:29:19.273+0000] {dagbag.py:538} INFO - Filling up the DagBag from /opt/airflow/dags/ecommerce_pipeline.py
[2026-04-22T05:29:19.371+0000] {processor.py:840} INFO - DAG(s) 'ecommerce_analytics_pipeline' retrieved from /opt/airflow/dags/ecommerce_pipeline.py
[2026-04-22T05:29:19.511+0000] {logging_mixin.py:188} INFO - [2026-04-22T05:29:19.510+0000] {dag.py:3036} INFO - Sync 1 DAGs
[2026-04-22T05:29:19.576+0000] {logging_mixin.py:188} INFO - [2026-04-22T05:29:19.576+0000] {dag.py:3823} INFO - Setting next_dagrun for ecommerce_analytics_pipeline to 2026-04-21 00:00:00+00:00, run_after=2026-04-22 00:00:00+00:00
[2026-04-22T05:29:19.622+0000] {processor.py:183} INFO - Processing /opt/airflow/dags/ecommerce_pipeline.py took 0.373 seconds
[2026-04-22T05:29:50.094+0000] {processor.py:161} INFO - Started process (PID=283) to work on /opt/airflow/dags/ecommerce_pipeline.py
[2026-04-22T05:29:50.100+0000] {processor.py:830} INFO - Processing file /opt/airflow/dags/ecommerce_pipeline.py for tasks to queue
[2026-04-22T05:29:50.105+0000] {logging_mixin.py:188} INFO - [2026-04-22T05:29:50.103+0000] {dagbag.py:538} INFO - Filling up the DagBag from /opt/airflow/dags/ecommerce_pipeline.py
[2026-04-22T05:29:50.237+0000] {processor.py:840} INFO - DAG(s) 'ecommerce_analytics_pipeline' retrieved from /opt/airflow/dags/ecommerce_pipeline.py
[2026-04-22T05:29:50.355+0000] {logging_mixin.py:188} INFO - [2026-04-22T05:29:50.354+0000] {dag.py:3036} INFO - Sync 1 DAGs
[2026-04-22T05:29:50.423+0000] {logging_mixin.py:188} INFO - [2026-04-22T05:29:50.422+0000] {dag.py:3823} INFO - Setting next_dagrun for ecommerce_analytics_pipeline to 2026-04-21 00:00:00+00:00, run_after=2026-04-22 00:00:00+00:00
[2026-04-22T05:29:50.479+0000] {processor.py:183} INFO - Processing /opt/airflow/dags/ecommerce_pipeline.py took 0.405 seconds
[2026-04-22T05:30:20.876+0000] {processor.py:161} INFO - Started process (PID=288) to work on /opt/airflow/dags/ecommerce_pipeline.py
[2026-04-22T05:30:20.879+0000] {processor.py:830} INFO - Processing file /opt/airflow/dags/ecommerce_pipeline.py for tasks to queue
[2026-04-22T05:30:20.881+0000] {logging_mixin.py:188} INFO - [2026-04-22T05:30:20.881+0000] {dagbag.py:538} INFO - Filling up the DagBag from /opt/airflow/dags/ecommerce_pipeline.py
[2026-04-22T05:30:20.953+0000] {processor.py:840} INFO - DAG(s) 'ecommerce_analytics_pipeline' retrieved from /opt/airflow/dags/ecommerce_pipeline.py
[2026-04-22T05:30:21.032+0000] {logging_mixin.py:188} INFO - [2026-04-22T05:30:21.032+0000] {dag.py:3036} INFO - Sync 1 DAGs
[2026-04-22T05:30:21.091+0000] {logging_mixin.py:188} INFO - [2026-04-22T05:30:21.090+0000] {dag.py:3823} INFO - Setting next_dagrun for ecommerce_analytics_pipeline to 2026-04-21 00:00:00+00:00, run_after=2026-04-22 00:00:00+00:00
[2026-04-22T05:30:21.144+0000] {processor.py:183} INFO - Processing /opt/airflow/dags/ecommerce_pipeline.py took 0.277 seconds
[2026-04-22T05:30:51.530+0000] {processor.py:161} INFO - Started process (PID=293) to work on /opt/airflow/dags/ecommerce_pipeline.py
[2026-04-22T05:30:51.533+0000] {processor.py:830} INFO - Processing file /opt/airflow/dags/ecommerce_pipeline.py for tasks to queue
[2026-04-22T05:30:51.536+0000] {logging_mixin.py:188} INFO - [2026-04-22T05:30:51.535+0000] {dagbag.py:538} INFO - Filling up the DagBag from /opt/airflow/dags/ecommerce_pipeline.py
[2026-04-22T05:30:51.595+0000] {processor.py:840} INFO - DAG(s) 'ecommerce_analytics_pipeline' retrieved from /opt/airflow/dags/ecommerce_pipeline.py
[2026-04-22T05:30:51.655+0000] {logging_mixin.py:188} INFO - [2026-04-22T05:30:51.655+0000] {dag.py:3036} INFO - Sync 1 DAGs
[2026-04-22T05:30:51.710+0000] {logging_mixin.py:188} INFO - [2026-04-22T05:30:51.710+0000] {dag.py:3823} INFO - Setting next_dagrun for ecommerce_analytics_pipeline to 2026-04-21 00:00:00+00:00, run_after=2026-04-22 00:00:00+00:00
[2026-04-22T05:30:51.763+0000] {processor.py:183} INFO - Processing /opt/airflow/dags/ecommerce_pipeline.py took 0.250 seconds
[2026-04-22T05:31:22.197+0000] {processor.py:161} INFO - Started process (PID=298) to work on /opt/airflow/dags/ecommerce_pipeline.py
[2026-04-22T05:31:22.205+0000] {processor.py:830} INFO - Processing file /opt/airflow/dags/ecommerce_pipeline.py for tasks to queue
[2026-04-22T05:31:22.210+0000] {logging_mixin.py:188} INFO - [2026-04-22T05:31:22.208+0000] {dagbag.py:538} INFO - Filling up the DagBag from /opt/airflow/dags/ecommerce_pipeline.py
[2026-04-22T05:31:22.298+0000] {processor.py:840} INFO - DAG(s) 'ecommerce_analytics_pipeline' retrieved from /opt/airflow/dags/ecommerce_pipeline.py
[2026-04-22T05:31:22.360+0000] {logging_mixin.py:188} INFO - [2026-04-22T05:31:22.360+0000] {dag.py:3036} INFO - Sync 1 DAGs
[2026-04-22T05:31:22.402+0000] {logging_mixin.py:188} INFO - [2026-04-22T05:31:22.402+0000] {dag.py:3823} INFO - Setting next_dagrun for ecommerce_analytics_pipeline to 2026-04-21 00:00:00+00:00, run_after=2026-04-22 00:00:00+00:00
[2026-04-22T05:31:22.452+0000] {processor.py:183} INFO - Processing /opt/airflow/dags/ecommerce_pipeline.py took 0.281 seconds
[2026-04-22T05:31:52.662+0000] {processor.py:161} INFO - Started process (PID=303) to work on /opt/airflow/dags/ecommerce_pipeline.py
[2026-04-22T05:31:52.665+0000] {processor.py:830} INFO - Processing file /opt/airflow/dags/ecommerce_pipeline.py for tasks to queue
[2026-04-22T05:31:52.667+0000] {logging_mixin.py:188} INFO - [2026-04-22T05:31:52.667+0000] {dagbag.py:538} INFO - Filling up the DagBag from /opt/airflow/dags/ecommerce_pipeline.py
[2026-04-22T05:31:52.732+0000] {processor.py:840} INFO - DAG(s) 'ecommerce_analytics_pipeline' retrieved from /opt/airflow/dags/ecommerce_pipeline.py
[2026-04-22T05:31:52.800+0000] {logging_mixin.py:188} INFO - [2026-04-22T05:31:52.800+0000] {dag.py:3036} INFO - Sync 1 DAGs
[2026-04-22T05:31:52.844+0000] {logging_mixin.py:188} INFO - [2026-04-22T05:31:52.844+0000] {dag.py:3823} INFO - Setting next_dagrun for ecommerce_analytics_pipeline to 2026-04-21 00:00:00+00:00, run_after=2026-04-22 00:00:00+00:00
[2026-04-22T05:31:52.901+0000] {processor.py:183} INFO - Processing /opt/airflow/dags/ecommerce_pipeline.py took 0.248 seconds
[2026-04-22T05:32:23.144+0000] {processor.py:161} INFO - Started process (PID=308) to work on /opt/airflow/dags/ecommerce_pipeline.py
[2026-04-22T05:32:23.147+0000] {processor.py:830} INFO - Processing file /opt/airflow/dags/ecommerce_pipeline.py for tasks to queue
[2026-04-22T05:32:23.151+0000] {logging_mixin.py:188} INFO - [2026-04-22T05:32:23.150+0000] {dagbag.py:538} INFO - Filling up the DagBag from /opt/airflow/dags/ecommerce_pipeline.py
[2026-04-22T05:32:23.218+0000] {processor.py:840} INFO - DAG(s) 'ecommerce_analytics_pipeline' retrieved from /opt/airflow/dags/ecommerce_pipeline.py
[2026-04-22T05:32:23.327+0000] {logging_mixin.py:188} INFO - [2026-04-22T05:32:23.326+0000] {dag.py:3036} INFO - Sync 1 DAGs
[2026-04-22T05:32:23.375+0000] {logging_mixin.py:188} INFO - [2026-04-22T05:32:23.375+0000] {dag.py:3823} INFO - Setting next_dagrun for ecommerce_analytics_pipeline to 2026-04-21 00:00:00+00:00, run_after=2026-04-22 00:00:00+00:00
[2026-04-22T05:32:23.421+0000] {processor.py:183} INFO - Processing /opt/airflow/dags/ecommerce_pipeline.py took 0.284 seconds
[2026-04-22T05:32:53.589+0000] {processor.py:161} INFO - Started process (PID=313) to work on /opt/airflow/dags/ecommerce_pipeline.py
[2026-04-22T05:32:53.592+0000] {processor.py:830} INFO - Processing file /opt/airflow/dags/ecommerce_pipeline.py for tasks to queue
[2026-04-22T05:32:53.595+0000] {logging_mixin.py:188} INFO - [2026-04-22T05:32:53.594+0000] {dagbag.py:538} INFO - Filling up the DagBag from /opt/airflow/dags/ecommerce_pipeline.py
[2026-04-22T05:32:53.670+0000] {processor.py:840} INFO - DAG(s) 'ecommerce_analytics_pipeline' retrieved from /opt/airflow/dags/ecommerce_pipeline.py
[2026-04-22T05:32:53.842+0000] {logging_mixin.py:188} INFO - [2026-04-22T05:32:53.838+0000] {dag.py:3036} INFO - Sync 1 DAGs
[2026-04-22T05:32:53.951+0000] {logging_mixin.py:188} INFO - [2026-04-22T05:32:53.950+0000] {dag.py:3823} INFO - Setting next_dagrun for ecommerce_analytics_pipeline to 2026-04-21 00:00:00+00:00, run_after=2026-04-22 00:00:00+00:00
[2026-04-22T05:32:54.001+0000] {processor.py:183} INFO - Processing /opt/airflow/dags/ecommerce_pipeline.py took 0.428 seconds
[2026-04-22T05:33:24.286+0000] {processor.py:161} INFO - Started process (PID=318) to work on /opt/airflow/dags/ecommerce_pipeline.py
[2026-04-22T05:33:24.293+0000] {processor.py:830} INFO - Processing file /opt/airflow/dags/ecommerce_pipeline.py for tasks to queue
[2026-04-22T05:33:24.297+0000] {logging_mixin.py:188} INFO - [2026-04-22T05:33:24.296+0000] {dagbag.py:538} INFO - Filling up the DagBag from /opt/airflow/dags/ecommerce_pipeline.py
[2026-04-22T05:33:24.381+0000] {processor.py:840} INFO - DAG(s) 'ecommerce_analytics_pipeline' retrieved from /opt/airflow/dags/ecommerce_pipeline.py
[2026-04-22T05:33:24.467+0000] {logging_mixin.py:188} INFO - [2026-04-22T05:33:24.467+0000] {dag.py:3036} INFO - Sync 1 DAGs
[2026-04-22T05:33:24.518+0000] {logging_mixin.py:188} INFO - [2026-04-22T05:33:24.518+0000] {dag.py:3823} INFO - Setting next_dagrun for ecommerce_analytics_pipeline to 2026-04-21 00:00:00+00:00, run_after=2026-04-22 00:00:00+00:00
[2026-04-22T05:33:24.569+0000] {processor.py:183} INFO - Processing /opt/airflow/dags/ecommerce_pipeline.py took 0.302 seconds
[2026-04-22T05:33:54.956+0000] {processor.py:161} INFO - Started process (PID=323) to work on /opt/airflow/dags/ecommerce_pipeline.py
[2026-04-22T05:33:54.959+0000] {processor.py:830} INFO - Processing file /opt/airflow/dags/ecommerce_pipeline.py for tasks to queue
[2026-04-22T05:33:54.963+0000] {logging_mixin.py:188} INFO - [2026-04-22T05:33:54.962+0000] {dagbag.py:538} INFO - Filling up the DagBag from /opt/airflow/dags/ecommerce_pipeline.py
[2026-04-22T05:33:55.023+0000] {processor.py:840} INFO - DAG(s) 'ecommerce_analytics_pipeline' retrieved from /opt/airflow/dags/ecommerce_pipeline.py
[2026-04-22T05:33:55.083+0000] {logging_mixin.py:188} INFO - [2026-04-22T05:33:55.083+0000] {dag.py:3036} INFO - Sync 1 DAGs
[2026-04-22T05:33:55.126+0000] {logging_mixin.py:188} INFO - [2026-04-22T05:33:55.126+0000] {dag.py:3823} INFO - Setting next_dagrun for ecommerce_analytics_pipeline to 2026-04-21 00:00:00+00:00, run_after=2026-04-22 00:00:00+00:00
[2026-04-22T05:33:55.171+0000] {processor.py:183} INFO - Processing /opt/airflow/dags/ecommerce_pipeline.py took 0.223 seconds
[2026-04-22T05:34:25.540+0000] {processor.py:161} INFO - Started process (PID=328) to work on /opt/airflow/dags/ecommerce_pipeline.py
[2026-04-22T05:34:25.543+0000] {processor.py:830} INFO - Processing file /opt/airflow/dags/ecommerce_pipeline.py for tasks to queue
[2026-04-22T05:34:25.546+0000] {logging_mixin.py:188} INFO - [2026-04-22T05:34:25.545+0000] {dagbag.py:538} INFO - Filling up the DagBag from /opt/airflow/dags/ecommerce_pipeline.py
[2026-04-22T05:34:25.615+0000] {processor.py:840} INFO - DAG(s) 'ecommerce_analytics_pipeline' retrieved from /opt/airflow/dags/ecommerce_pipeline.py
[2026-04-22T05:34:25.690+0000] {logging_mixin.py:188} INFO - [2026-04-22T05:34:25.690+0000] {dag.py:3036} INFO - Sync 1 DAGs
[2026-04-22T05:34:25.733+0000] {logging_mixin.py:188} INFO - [2026-04-22T05:34:25.733+0000] {dag.py:3823} INFO - Setting next_dagrun for ecommerce_analytics_pipeline to 2026-04-21 00:00:00+00:00, run_after=2026-04-22 00:00:00+00:00
[2026-04-22T05:34:25.780+0000] {processor.py:183} INFO - Processing /opt/airflow/dags/ecommerce_pipeline.py took 0.248 seconds
[2026-04-22T05:34:56.250+0000] {processor.py:161} INFO - Started process (PID=333) to work on /opt/airflow/dags/ecommerce_pipeline.py
[2026-04-22T05:34:56.257+0000] {processor.py:830} INFO - Processing file /opt/airflow/dags/ecommerce_pipeline.py for tasks to queue
[2026-04-22T05:34:56.264+0000] {logging_mixin.py:188} INFO - [2026-04-22T05:34:56.263+0000] {dagbag.py:538} INFO - Filling up the DagBag from /opt/airflow/dags/ecommerce_pipeline.py
[2026-04-22T05:34:56.445+0000] {processor.py:840} INFO - DAG(s) 'ecommerce_analytics_pipeline' retrieved from /opt/airflow/dags/ecommerce_pipeline.py
[2026-04-22T05:34:56.658+0000] {logging_mixin.py:188} INFO - [2026-04-22T05:34:56.657+0000] {dag.py:3036} INFO - Sync 1 DAGs
[2026-04-22T05:34:56.770+0000] {logging_mixin.py:188} INFO - [2026-04-22T05:34:56.769+0000] {dag.py:3823} INFO - Setting next_dagrun for ecommerce_analytics_pipeline to 2026-04-21 00:00:00+00:00, run_after=2026-04-22 00:00:00+00:00
[2026-04-22T05:34:56.832+0000] {processor.py:183} INFO - Processing /opt/airflow/dags/ecommerce_pipeline.py took 0.607 seconds
[2026-04-22T05:35:27.551+0000] {processor.py:161} INFO - Started process (PID=338) to work on /opt/airflow/dags/ecommerce_pipeline.py
[2026-04-22T05:35:27.556+0000] {processor.py:830} INFO - Processing file /opt/airflow/dags/ecommerce_pipeline.py for tasks to queue
[2026-04-22T05:35:27.559+0000] {logging_mixin.py:188} INFO - [2026-04-22T05:35:27.558+0000] {dagbag.py:538} INFO - Filling up the DagBag from /opt/airflow/dags/ecommerce_pipeline.py
[2026-04-22T05:35:27.660+0000] {processor.py:840} INFO - DAG(s) 'ecommerce_analytics_pipeline' retrieved from /opt/airflow/dags/ecommerce_pipeline.py
[2026-04-22T05:35:27.776+0000] {logging_mixin.py:188} INFO - [2026-04-22T05:35:27.776+0000] {dag.py:3036} INFO - Sync 1 DAGs
[2026-04-22T05:35:27.822+0000] {logging_mixin.py:188} INFO - [2026-04-22T05:35:27.822+0000] {dag.py:3823} INFO - Setting next_dagrun for ecommerce_analytics_pipeline to 2026-04-21 00:00:00+00:00, run_after=2026-04-22 00:00:00+00:00
[2026-04-22T05:35:27.862+0000] {processor.py:183} INFO - Processing /opt/airflow/dags/ecommerce_pipeline.py took 0.324 seconds
[2026-04-22T05:35:58.392+0000] {processor.py:161} INFO - Started process (PID=343) to work on /opt/airflow/dags/ecommerce_pipeline.py
[2026-04-22T05:35:58.396+0000] {processor.py:830} INFO - Processing file /opt/airflow/dags/ecommerce_pipeline.py for tasks to queue
[2026-04-22T05:35:58.398+0000] {logging_mixin.py:188} INFO - [2026-04-22T05:35:58.398+0000] {dagbag.py:538} INFO - Filling up the DagBag from /opt/airflow/dags/ecommerce_pipeline.py
[2026-04-22T05:35:58.472+0000] {processor.py:840} INFO - DAG(s) 'ecommerce_analytics_pipeline' retrieved from /opt/airflow/dags/ecommerce_pipeline.py
[2026-04-22T05:35:58.562+0000] {logging_mixin.py:188} INFO - [2026-04-22T05:35:58.562+0000] {dag.py:3036} INFO - Sync 1 DAGs
[2026-04-22T05:35:58.612+0000] {logging_mixin.py:188} INFO - [2026-04-22T05:35:58.612+0000] {dag.py:3823} INFO - Setting next_dagrun for ecommerce_analytics_pipeline to 2026-04-21 00:00:00+00:00, run_after=2026-04-22 00:00:00+00:00
[2026-04-22T05:35:58.663+0000] {processor.py:183} INFO - Processing /opt/airflow/dags/ecommerce_pipeline.py took 0.283 seconds
[2026-04-22T05:36:29.055+0000] {processor.py:161} INFO - Started process (PID=348) to work on /opt/airflow/dags/ecommerce_pipeline.py
[2026-04-22T05:36:29.059+0000] {processor.py:830} INFO - Processing file /opt/airflow/dags/ecommerce_pipeline.py for tasks to queue
[2026-04-22T05:36:29.063+0000] {logging_mixin.py:188} INFO - [2026-04-22T05:36:29.062+0000] {dagbag.py:538} INFO - Filling up the DagBag from /opt/airflow/dags/ecommerce_pipeline.py
[2026-04-22T05:36:29.140+0000] {processor.py:840} INFO - DAG(s) 'ecommerce_analytics_pipeline' retrieved from /opt/airflow/dags/ecommerce_pipeline.py
[2026-04-22T05:36:29.252+0000] {logging_mixin.py:188} INFO - [2026-04-22T05:36:29.251+0000] {dag.py:3036} INFO - Sync 1 DAGs
[2026-04-22T05:36:29.300+0000] {logging_mixin.py:188} INFO - [2026-04-22T05:36:29.299+0000] {dag.py:3823} INFO - Setting next_dagrun for ecommerce_analytics_pipeline to 2026-04-21 00:00:00+00:00, run_after=2026-04-22 00:00:00+00:00
[2026-04-22T05:36:29.362+0000] {processor.py:183} INFO - Processing /opt/airflow/dags/ecommerce_pipeline.py took 0.330 seconds
[2026-04-22T05:36:59.653+0000] {processor.py:161} INFO - Started process (PID=353) to work on /opt/airflow/dags/ecommerce_pipeline.py
[2026-04-22T05:36:59.656+0000] {processor.py:830} INFO - Processing file /opt/airflow/dags/ecommerce_pipeline.py for tasks to queue
[2026-04-22T05:36:59.658+0000] {logging_mixin.py:188} INFO - [2026-04-22T05:36:59.657+0000] {dagbag.py:538} INFO - Filling up the DagBag from /opt/airflow/dags/ecommerce_pipeline.py
[2026-04-22T05:36:59.751+0000] {processor.py:840} INFO - DAG(s) 'ecommerce_analytics_pipeline' retrieved from /opt/airflow/dags/ecommerce_pipeline.py
[2026-04-22T05:36:59.845+0000] {logging_mixin.py:188} INFO - [2026-04-22T05:36:59.845+0000] {dag.py:3036} INFO - Sync 1 DAGs
[2026-04-22T05:36:59.887+0000] {logging_mixin.py:188} INFO - [2026-04-22T05:36:59.887+0000] {dag.py:3823} INFO - Setting next_dagrun for ecommerce_analytics_pipeline to 2026-04-21 00:00:00+00:00, run_after=2026-04-22 00:00:00+00:00
[2026-04-22T05:36:59.942+0000] {processor.py:183} INFO - Processing /opt/airflow/dags/ecommerce_pipeline.py took 0.298 seconds
[2026-04-22T05:37:30.197+0000] {processor.py:161} INFO - Started process (PID=358) to work on /opt/airflow/dags/ecommerce_pipeline.py
[2026-04-22T05:37:30.200+0000] {processor.py:830} INFO - Processing file /opt/airflow/dags/ecommerce_pipeline.py for tasks to queue
[2026-04-22T05:37:30.203+0000] {logging_mixin.py:188} INFO - [2026-04-22T05:37:30.203+0000] {dagbag.py:538} INFO - Filling up the DagBag from /opt/airflow/dags/ecommerce_pipeline.py
[2026-04-22T05:37:30.270+0000] {processor.py:840} INFO - DAG(s) 'ecommerce_analytics_pipeline' retrieved from /opt/airflow/dags/ecommerce_pipeline.py
[2026-04-22T05:37:30.358+0000] {logging_mixin.py:188} INFO - [2026-04-22T05:37:30.357+0000] {dag.py:3036} INFO - Sync 1 DAGs
[2026-04-22T05:37:30.399+0000] {logging_mixin.py:188} INFO - [2026-04-22T05:37:30.398+0000] {dag.py:3823} INFO - Setting next_dagrun for ecommerce_analytics_pipeline to 2026-04-21 00:00:00+00:00, run_after=2026-04-22 00:00:00+00:00
[2026-04-22T05:37:30.444+0000] {processor.py:183} INFO - Processing /opt/airflow/dags/ecommerce_pipeline.py took 0.254 seconds
[2026-04-22T05:38:00.896+0000] {processor.py:161} INFO - Started process (PID=363) to work on /opt/airflow/dags/ecommerce_pipeline.py
[2026-04-22T05:38:00.898+0000] {processor.py:830} INFO - Processing file /opt/airflow/dags/ecommerce_pipeline.py for tasks to queue
[2026-04-22T05:38:00.900+0000] {logging_mixin.py:188} INFO - [2026-04-22T05:38:00.900+0000] {dagbag.py:538} INFO - Filling up the DagBag from /opt/airflow/dags/ecommerce_pipeline.py
[2026-04-22T05:38:00.980+0000] {processor.py:840} INFO - DAG(s) 'ecommerce_analytics_pipeline' retrieved from /opt/airflow/dags/ecommerce_pipeline.py
[2026-04-22T05:38:01.068+0000] {logging_mixin.py:188} INFO - [2026-04-22T05:38:01.068+0000] {dag.py:3036} INFO - Sync 1 DAGs
[2026-04-22T05:38:01.119+0000] {logging_mixin.py:188} INFO - [2026-04-22T05:38:01.118+0000] {dag.py:3823} INFO - Setting next_dagrun for ecommerce_analytics_pipeline to 2026-04-21 00:00:00+00:00, run_after=2026-04-22 00:00:00+00:00
[2026-04-22T05:38:01.157+0000] {processor.py:183} INFO - Processing /opt/airflow/dags/ecommerce_pipeline.py took 0.266 seconds
[2026-04-22T05:38:31.450+0000] {processor.py:161} INFO - Started process (PID=368) to work on /opt/airflow/dags/ecommerce_pipeline.py
[2026-04-22T05:38:31.453+0000] {processor.py:830} INFO - Processing file /opt/airflow/dags/ecommerce_pipeline.py for tasks to queue
[2026-04-22T05:38:31.455+0000] {logging_mixin.py:188} INFO - [2026-04-22T05:38:31.455+0000] {dagbag.py:538} INFO - Filling up the DagBag from /opt/airflow/dags/ecommerce_pipeline.py
[2026-04-22T05:38:31.536+0000] {processor.py:840} INFO - DAG(s) 'ecommerce_analytics_pipeline' retrieved from /opt/airflow/dags/ecommerce_pipeline.py
[2026-04-22T05:38:31.611+0000] {logging_mixin.py:188} INFO - [2026-04-22T05:38:31.611+0000] {dag.py:3036} INFO - Sync 1 DAGs
[2026-04-22T05:38:31.671+0000] {logging_mixin.py:188} INFO - [2026-04-22T05:38:31.670+0000] {dag.py:3823} INFO - Setting next_dagrun for ecommerce_analytics_pipeline to 2026-04-21 00:00:00+00:00, run_after=2026-04-22 00:00:00+00:00
[2026-04-22T05:38:31.728+0000] {processor.py:183} INFO - Processing /opt/airflow/dags/ecommerce_pipeline.py took 0.286 seconds
[2026-04-22T05:39:02.117+0000] {processor.py:161} INFO - Started process (PID=373) to work on /opt/airflow/dags/ecommerce_pipeline.py
[2026-04-22T05:39:02.120+0000] {processor.py:830} INFO - Processing file /opt/airflow/dags/ecommerce_pipeline.py for tasks to queue
[2026-04-22T05:39:02.122+0000] {logging_mixin.py:188} INFO - [2026-04-22T05:39:02.122+0000] {dagbag.py:538} INFO - Filling up the DagBag from /opt/airflow/dags/ecommerce_pipeline.py
[2026-04-22T05:39:02.206+0000] {processor.py:840} INFO - DAG(s) 'ecommerce_analytics_pipeline' retrieved from /opt/airflow/dags/ecommerce_pipeline.py
[2026-04-22T05:39:02.307+0000] {logging_mixin.py:188} INFO - [2026-04-22T05:39:02.307+0000] {dag.py:3036} INFO - Sync 1 DAGs
[2026-04-22T05:39:02.354+0000] {logging_mixin.py:188} INFO - [2026-04-22T05:39:02.354+0000] {dag.py:3823} INFO - Setting next_dagrun for ecommerce_analytics_pipeline to 2026-04-21 00:00:00+00:00, run_after=2026-04-22 00:00:00+00:00
[2026-04-22T05:39:02.403+0000] {processor.py:183} INFO - Processing /opt/airflow/dags/ecommerce_pipeline.py took 0.299 seconds
[2026-04-22T05:39:32.691+0000] {processor.py:161} INFO - Started process (PID=378) to work on /opt/airflow/dags/ecommerce_pipeline.py
[2026-04-22T05:39:32.694+0000] {processor.py:830} INFO - Processing file /opt/airflow/dags/ecommerce_pipeline.py for tasks to queue
[2026-04-22T05:39:32.697+0000] {logging_mixin.py:188} INFO - [2026-04-22T05:39:32.696+0000] {dagbag.py:538} INFO - Filling up the DagBag from /opt/airflow/dags/ecommerce_pipeline.py
[2026-04-22T05:39:32.783+0000] {processor.py:840} INFO - DAG(s) 'ecommerce_analytics_pipeline' retrieved from /opt/airflow/dags/ecommerce_pipeline.py
[2026-04-22T05:39:32.880+0000] {logging_mixin.py:188} INFO - [2026-04-22T05:39:32.880+0000] {dag.py:3036} INFO - Sync 1 DAGs
[2026-04-22T05:39:32.937+0000] {logging_mixin.py:188} INFO - [2026-04-22T05:39:32.937+0000] {dag.py:3823} INFO - Setting next_dagrun for ecommerce_analytics_pipeline to 2026-04-21 00:00:00+00:00, run_after=2026-04-22 00:00:00+00:00
[2026-04-22T05:39:33.000+0000] {processor.py:183} INFO - Processing /opt/airflow/dags/ecommerce_pipeline.py took 0.317 seconds
[2026-04-22T05:40:03.278+0000] {processor.py:161} INFO - Started process (PID=383) to work on /opt/airflow/dags/ecommerce_pipeline.py
[2026-04-22T05:40:03.280+0000] {processor.py:830} INFO - Processing file /opt/airflow/dags/ecommerce_pipeline.py for tasks to queue
[2026-04-22T05:40:03.282+0000] {logging_mixin.py:188} INFO - [2026-04-22T05:40:03.282+0000] {dagbag.py:538} INFO - Filling up the DagBag from /opt/airflow/dags/ecommerce_pipeline.py
[2026-04-22T05:40:03.356+0000] {processor.py:840} INFO - DAG(s) 'ecommerce_analytics_pipeline' retrieved from /opt/airflow/dags/ecommerce_pipeline.py
[2026-04-22T05:40:03.421+0000] {logging_mixin.py:188} INFO - [2026-04-22T05:40:03.421+0000] {dag.py:3036} INFO - Sync 1 DAGs
[2026-04-22T05:40:03.468+0000] {logging_mixin.py:188} INFO - [2026-04-22T05:40:03.467+0000] {dag.py:3823} INFO - Setting next_dagrun for ecommerce_analytics_pipeline to 2026-04-21 00:00:00+00:00, run_after=2026-04-22 00:00:00+00:00
[2026-04-22T05:40:03.517+0000] {processor.py:183} INFO - Processing /opt/airflow/dags/ecommerce_pipeline.py took 0.248 seconds
[2026-04-22T05:40:34.037+0000] {processor.py:161} INFO - Started process (PID=388) to work on /opt/airflow/dags/ecommerce_pipeline.py
[2026-04-22T05:40:34.040+0000] {processor.py:830} INFO - Processing file /opt/airflow/dags/ecommerce_pipeline.py for tasks to queue
[2026-04-22T05:40:34.043+0000] {logging_mixin.py:188} INFO - [2026-04-22T05:40:34.043+0000] {dagbag.py:538} INFO - Filling up the DagBag from /opt/airflow/dags/ecommerce_pipeline.py
[2026-04-22T05:40:34.121+0000] {processor.py:840} INFO - DAG(s) 'ecommerce_analytics_pipeline' retrieved from /opt/airflow/dags/ecommerce_pipeline.py
[2026-04-22T05:40:34.211+0000] {logging_mixin.py:188} INFO - [2026-04-22T05:40:34.211+0000] {dag.py:3036} INFO - Sync 1 DAGs
[2026-04-22T05:40:34.257+0000] {logging_mixin.py:188} INFO - [2026-04-22T05:40:34.257+0000] {dag.py:3823} INFO - Setting next_dagrun for ecommerce_analytics_pipeline to 2026-04-21 00:00:00+00:00, run_after=2026-04-22 00:00:00+00:00
[2026-04-22T05:40:34.320+0000] {processor.py:183} INFO - Processing /opt/airflow/dags/ecommerce_pipeline.py took 0.293 seconds
[2026-04-22T05:41:04.649+0000] {processor.py:161} INFO - Started process (PID=393) to work on /opt/airflow/dags/ecommerce_pipeline.py
[2026-04-22T05:41:04.657+0000] {processor.py:830} INFO - Processing file /opt/airflow/dags/ecommerce_pipeline.py for tasks to queue
[2026-04-22T05:41:04.664+0000] {logging_mixin.py:188} INFO - [2026-04-22T05:41:04.662+0000] {dagbag.py:538} INFO - Filling up the DagBag from /opt/airflow/dags/ecommerce_pipeline.py
[2026-04-22T05:41:04.843+0000] {processor.py:840} INFO - DAG(s) 'ecommerce_analytics_pipeline' retrieved from /opt/airflow/dags/ecommerce_pipeline.py
[2026-04-22T05:41:04.929+0000] {logging_mixin.py:188} INFO - [2026-04-22T05:41:04.928+0000] {dag.py:3036} INFO - Sync 1 DAGs
[2026-04-22T05:41:04.998+0000] {logging_mixin.py:188} INFO - [2026-04-22T05:41:04.997+0000] {dag.py:3823} INFO - Setting next_dagrun for ecommerce_analytics_pipeline to 2026-04-21 00:00:00+00:00, run_after=2026-04-22 00:00:00+00:00
[2026-04-22T05:41:05.059+0000] {processor.py:183} INFO - Processing /opt/airflow/dags/ecommerce_pipeline.py took 0.433 seconds
[2026-04-22T05:41:35.384+0000] {processor.py:161} INFO - Started process (PID=398) to work on /opt/airflow/dags/ecommerce_pipeline.py
[2026-04-22T05:41:35.387+0000] {processor.py:830} INFO - Processing file /opt/airflow/dags/ecommerce_pipeline.py for tasks to queue
[2026-04-22T05:41:35.390+0000] {logging_mixin.py:188} INFO - [2026-04-22T05:41:35.389+0000] {dagbag.py:538} INFO - Filling up the DagBag from /opt/airflow/dags/ecommerce_pipeline.py
[2026-04-22T05:41:35.466+0000] {processor.py:840} INFO - DAG(s) 'ecommerce_analytics_pipeline' retrieved from /opt/airflow/dags/ecommerce_pipeline.py
[2026-04-22T05:41:35.534+0000] {logging_mixin.py:188} INFO - [2026-04-22T05:41:35.533+0000] {dag.py:3036} INFO - Sync 1 DAGs
[2026-04-22T05:41:35.593+0000] {logging_mixin.py:188} INFO - [2026-04-22T05:41:35.592+0000] {dag.py:3823} INFO - Setting next_dagrun for ecommerce_analytics_pipeline to 2026-04-21 00:00:00+00:00, run_after=2026-04-22 00:00:00+00:00
[2026-04-22T05:41:35.646+0000] {processor.py:183} INFO - Processing /opt/airflow/dags/ecommerce_pipeline.py took 0.272 seconds
[2026-04-22T05:42:06.088+0000] {processor.py:161} INFO - Started process (PID=403) to work on /opt/airflow/dags/ecommerce_pipeline.py
[2026-04-22T05:42:06.090+0000] {processor.py:830} INFO - Processing file /opt/airflow/dags/ecommerce_pipeline.py for tasks to queue
[2026-04-22T05:42:06.092+0000] {logging_mixin.py:188} INFO - [2026-04-22T05:42:06.092+0000] {dagbag.py:538} INFO - Filling up the DagBag from /opt/airflow/dags/ecommerce_pipeline.py
[2026-04-22T05:42:06.173+0000] {processor.py:840} INFO - DAG(s) 'ecommerce_analytics_pipeline' retrieved from /opt/airflow/dags/ecommerce_pipeline.py
[2026-04-22T05:42:06.260+0000] {logging_mixin.py:188} INFO - [2026-04-22T05:42:06.260+0000] {dag.py:3036} INFO - Sync 1 DAGs
[2026-04-22T05:42:06.317+0000] {logging_mixin.py:188} INFO - [2026-04-22T05:42:06.316+0000] {dag.py:3823} INFO - Setting next_dagrun for ecommerce_analytics_pipeline to 2026-04-21 00:00:00+00:00, run_after=2026-04-22 00:00:00+00:00
[2026-04-22T05:42:06.371+0000] {processor.py:183} INFO - Processing /opt/airflow/dags/ecommerce_pipeline.py took 0.289 seconds
[2026-04-22T05:42:36.568+0000] {processor.py:161} INFO - Started process (PID=408) to work on /opt/airflow/dags/ecommerce_pipeline.py
[2026-04-22T05:42:36.571+0000] {processor.py:830} INFO - Processing file /opt/airflow/dags/ecommerce_pipeline.py for tasks to queue
[2026-04-22T05:42:36.573+0000] {logging_mixin.py:188} INFO - [2026-04-22T05:42:36.573+0000] {dagbag.py:538} INFO - Filling up the DagBag from /opt/airflow/dags/ecommerce_pipeline.py
[2026-04-22T05:42:36.640+0000] {processor.py:840} INFO - DAG(s) 'ecommerce_analytics_pipeline' retrieved from /opt/airflow/dags/ecommerce_pipeline.py
[2026-04-22T05:42:36.718+0000] {logging_mixin.py:188} INFO - [2026-04-22T05:42:36.718+0000] {dag.py:3036} INFO - Sync 1 DAGs
[2026-04-22T05:42:36.782+0000] {logging_mixin.py:188} INFO - [2026-04-22T05:42:36.781+0000] {dag.py:3823} INFO - Setting next_dagrun for ecommerce_analytics_pipeline to 2026-04-21 00:00:00+00:00, run_after=2026-04-22 00:00:00+00:00
[2026-04-22T05:42:36.826+0000] {processor.py:183} INFO - Processing /opt/airflow/dags/ecommerce_pipeline.py took 0.265 seconds
[2026-04-22T05:43:07.331+0000] {processor.py:161} INFO - Started process (PID=413) to work on /opt/airflow/dags/ecommerce_pipeline.py
[2026-04-22T05:43:07.333+0000] {processor.py:830} INFO - Processing file /opt/airflow/dags/ecommerce_pipeline.py for tasks to queue
[2026-04-22T05:43:07.336+0000] {logging_mixin.py:188} INFO - [2026-04-22T05:43:07.335+0000] {dagbag.py:538} INFO - Filling up the DagBag from /opt/airflow/dags/ecommerce_pipeline.py
[2026-04-22T05:43:07.400+0000] {processor.py:840} INFO - DAG(s) 'ecommerce_analytics_pipeline' retrieved from /opt/airflow/dags/ecommerce_pipeline.py
[2026-04-22T05:43:07.461+0000] {logging_mixin.py:188} INFO - [2026-04-22T05:43:07.460+0000] {dag.py:3036} INFO - Sync 1 DAGs
[2026-04-22T05:43:07.505+0000] {logging_mixin.py:188} INFO - [2026-04-22T05:43:07.504+0000] {dag.py:3823} INFO - Setting next_dagrun for ecommerce_analytics_pipeline to 2026-04-21 00:00:00+00:00, run_after=2026-04-22 00:00:00+00:00
[2026-04-22T05:43:07.554+0000] {processor.py:183} INFO - Processing /opt/airflow/dags/ecommerce_pipeline.py took 0.230 seconds
[2026-04-22T05:43:37.774+0000] {processor.py:161} INFO - Started process (PID=418) to work on /opt/airflow/dags/ecommerce_pipeline.py
[2026-04-22T05:43:37.776+0000] {processor.py:830} INFO - Processing file /opt/airflow/dags/ecommerce_pipeline.py for tasks to queue
[2026-04-22T05:43:37.778+0000] {logging_mixin.py:188} INFO - [2026-04-22T05:43:37.777+0000] {dagbag.py:538} INFO - Filling up the DagBag from /opt/airflow/dags/ecommerce_pipeline.py
[2026-04-22T05:43:37.840+0000] {processor.py:840} INFO - DAG(s) 'ecommerce_analytics_pipeline' retrieved from /opt/airflow/dags/ecommerce_pipeline.py
[2026-04-22T05:43:37.909+0000] {logging_mixin.py:188} INFO - [2026-04-22T05:43:37.909+0000] {dag.py:3036} INFO - Sync 1 DAGs
[2026-04-22T05:43:37.956+0000] {logging_mixin.py:188} INFO - [2026-04-22T05:43:37.956+0000] {dag.py:3823} INFO - Setting next_dagrun for ecommerce_analytics_pipeline to 2026-04-21 00:00:00+00:00, run_after=2026-04-22 00:00:00+00:00
[2026-04-22T05:43:38.004+0000] {processor.py:183} INFO - Processing /opt/airflow/dags/ecommerce_pipeline.py took 0.238 seconds
[2026-04-22T05:44:08.199+0000] {processor.py:161} INFO - Started process (PID=423) to work on /opt/airflow/dags/ecommerce_pipeline.py
[2026-04-22T05:44:08.202+0000] {processor.py:830} INFO - Processing file /opt/airflow/dags/ecommerce_pipeline.py for tasks to queue
[2026-04-22T05:44:08.205+0000] {logging_mixin.py:188} INFO - [2026-04-22T05:44:08.205+0000] {dagbag.py:538} INFO - Filling up the DagBag from /opt/airflow/dags/ecommerce_pipeline.py
[2026-04-22T05:44:08.275+0000] {processor.py:840} INFO - DAG(s) 'ecommerce_analytics_pipeline' retrieved from /opt/airflow/dags/ecommerce_pipeline.py
[2026-04-22T05:44:08.347+0000] {logging_mixin.py:188} INFO - [2026-04-22T05:44:08.346+0000] {dag.py:3036} INFO - Sync 1 DAGs
[2026-04-22T05:44:08.389+0000] {logging_mixin.py:188} INFO - [2026-04-22T05:44:08.388+0000] {dag.py:3823} INFO - Setting next_dagrun for ecommerce_analytics_pipeline to 2026-04-21 00:00:00+00:00, run_after=2026-04-22 00:00:00+00:00
[2026-04-22T05:44:08.440+0000] {processor.py:183} INFO - Processing /opt/airflow/dags/ecommerce_pipeline.py took 0.255 seconds
[2026-04-22T05:44:38.683+0000] {processor.py:161} INFO - Started process (PID=428) to work on /opt/airflow/dags/ecommerce_pipeline.py
[2026-04-22T05:44:38.685+0000] {processor.py:830} INFO - Processing file /opt/airflow/dags/ecommerce_pipeline.py for tasks to queue
[2026-04-22T05:44:38.687+0000] {logging_mixin.py:188} INFO - [2026-04-22T05:44:38.686+0000] {dagbag.py:538} INFO - Filling up the DagBag from /opt/airflow/dags/ecommerce_pipeline.py
[2026-04-22T05:44:38.739+0000] {processor.py:840} INFO - DAG(s) 'ecommerce_analytics_pipeline' retrieved from /opt/airflow/dags/ecommerce_pipeline.py
[2026-04-22T05:44:38.809+0000] {logging_mixin.py:188} INFO - [2026-04-22T05:44:38.809+0000] {dag.py:3036} INFO - Sync 1 DAGs
[2026-04-22T05:44:38.856+0000] {logging_mixin.py:188} INFO - [2026-04-22T05:44:38.856+0000] {dag.py:3823} INFO - Setting next_dagrun for ecommerce_analytics_pipeline to 2026-04-21 00:00:00+00:00, run_after=2026-04-22 00:00:00+00:00
[2026-04-22T05:44:38.895+0000] {processor.py:183} INFO - Processing /opt/airflow/dags/ecommerce_pipeline.py took 0.224 seconds
[2026-04-22T05:45:09.401+0000] {processor.py:161} INFO - Started process (PID=433) to work on /opt/airflow/dags/ecommerce_pipeline.py
[2026-04-22T05:45:09.405+0000] {processor.py:830} INFO - Processing file /opt/airflow/dags/ecommerce_pipeline.py for tasks to queue
[2026-04-22T05:45:09.408+0000] {logging_mixin.py:188} INFO - [2026-04-22T05:45:09.408+0000] {dagbag.py:538} INFO - Filling up the DagBag from /opt/airflow/dags/ecommerce_pipeline.py
[2026-04-22T05:45:09.469+0000] {processor.py:840} INFO - DAG(s) 'ecommerce_analytics_pipeline' retrieved from /opt/airflow/dags/ecommerce_pipeline.py
[2026-04-22T05:45:09.535+0000] {logging_mixin.py:188} INFO - [2026-04-22T05:45:09.534+0000] {dag.py:3036} INFO - Sync 1 DAGs
[2026-04-22T05:45:09.584+0000] {logging_mixin.py:188} INFO - [2026-04-22T05:45:09.584+0000] {dag.py:3823} INFO - Setting next_dagrun for ecommerce_analytics_pipeline to 2026-04-21 00:00:00+00:00, run_after=2026-04-22 00:00:00+00:00
[2026-04-22T05:45:09.622+0000] {processor.py:183} INFO - Processing /opt/airflow/dags/ecommerce_pipeline.py took 0.232 seconds
[2026-04-22T05:45:39.897+0000] {processor.py:161} INFO - Started process (PID=438) to work on /opt/airflow/dags/ecommerce_pipeline.py
[2026-04-22T05:45:39.899+0000] {processor.py:830} INFO - Processing file /opt/airflow/dags/ecommerce_pipeline.py for tasks to queue
[2026-04-22T05:45:39.902+0000] {logging_mixin.py:188} INFO - [2026-04-22T05:45:39.901+0000] {dagbag.py:538} INFO - Filling up the DagBag from /opt/airflow/dags/ecommerce_pipeline.py
[2026-04-22T05:45:39.973+0000] {processor.py:840} INFO - DAG(s) 'ecommerce_analytics_pipeline' retrieved from /opt/airflow/dags/ecommerce_pipeline.py
[2026-04-22T05:45:40.025+0000] {logging_mixin.py:188} INFO - [2026-04-22T05:45:40.025+0000] {dag.py:3036} INFO - Sync 1 DAGs
[2026-04-22T05:45:40.068+0000] {logging_mixin.py:188} INFO - [2026-04-22T05:45:40.067+0000] {dag.py:3823} INFO - Setting next_dagrun for ecommerce_analytics_pipeline to 2026-04-21 00:00:00+00:00, run_after=2026-04-22 00:00:00+00:00
[2026-04-22T05:45:40.110+0000] {processor.py:183} INFO - Processing /opt/airflow/dags/ecommerce_pipeline.py took 0.222 seconds
[2026-04-22T05:46:10.607+0000] {processor.py:161} INFO - Started process (PID=443) to work on /opt/airflow/dags/ecommerce_pipeline.py
[2026-04-22T05:46:10.611+0000] {processor.py:830} INFO - Processing file /opt/airflow/dags/ecommerce_pipeline.py for tasks to queue
[2026-04-22T05:46:10.614+0000] {logging_mixin.py:188} INFO - [2026-04-22T05:46:10.613+0000] {dagbag.py:538} INFO - Filling up the DagBag from /opt/airflow/dags/ecommerce_pipeline.py
[2026-04-22T05:46:10.692+0000] {processor.py:840} INFO - DAG(s) 'ecommerce_analytics_pipeline' retrieved from /opt/airflow/dags/ecommerce_pipeline.py
[2026-04-22T05:46:10.750+0000] {logging_mixin.py:188} INFO - [2026-04-22T05:46:10.750+0000] {dag.py:3036} INFO - Sync 1 DAGs
[2026-04-22T05:46:10.788+0000] {logging_mixin.py:188} INFO - [2026-04-22T05:46:10.787+0000] {dag.py:3823} INFO - Setting next_dagrun for ecommerce_analytics_pipeline to 2026-04-21 00:00:00+00:00, run_after=2026-04-22 00:00:00+00:00
[2026-04-22T05:46:10.832+0000] {processor.py:183} INFO - Processing /opt/airflow/dags/ecommerce_pipeline.py took 0.233 seconds
[2026-04-22T05:46:41.147+0000] {processor.py:161} INFO - Started process (PID=448) to work on /opt/airflow/dags/ecommerce_pipeline.py
[2026-04-22T05:46:41.150+0000] {processor.py:830} INFO - Processing file /opt/airflow/dags/ecommerce_pipeline.py for tasks to queue
[2026-04-22T05:46:41.152+0000] {logging_mixin.py:188} INFO - [2026-04-22T05:46:41.151+0000] {dagbag.py:538} INFO - Filling up the DagBag from /opt/airflow/dags/ecommerce_pipeline.py
[2026-04-22T05:46:41.212+0000] {processor.py:840} INFO - DAG(s) 'ecommerce_analytics_pipeline' retrieved from /opt/airflow/dags/ecommerce_pipeline.py
[2026-04-22T05:46:41.279+0000] {logging_mixin.py:188} INFO - [2026-04-22T05:46:41.279+0000] {dag.py:3036} INFO - Sync 1 DAGs
[2026-04-22T05:46:41.318+0000] {logging_mixin.py:188} INFO - [2026-04-22T05:46:41.318+0000] {dag.py:3823} INFO - Setting next_dagrun for ecommerce_analytics_pipeline to 2026-04-21 00:00:00+00:00, run_after=2026-04-22 00:00:00+00:00
[2026-04-22T05:46:41.366+0000] {processor.py:183} INFO - Processing /opt/airflow/dags/ecommerce_pipeline.py took 0.228 seconds
[2026-04-22T05:47:11.918+0000] {processor.py:161} INFO - Started process (PID=453) to work on /opt/airflow/dags/ecommerce_pipeline.py
[2026-04-22T05:47:11.921+0000] {processor.py:830} INFO - Processing file /opt/airflow/dags/ecommerce_pipeline.py for tasks to queue
[2026-04-22T05:47:11.923+0000] {logging_mixin.py:188} INFO - [2026-04-22T05:47:11.923+0000] {dagbag.py:538} INFO - Filling up the DagBag from /opt/airflow/dags/ecommerce_pipeline.py
[2026-04-22T05:47:11.988+0000] {processor.py:840} INFO - DAG(s) 'ecommerce_analytics_pipeline' retrieved from /opt/airflow/dags/ecommerce_pipeline.py
[2026-04-22T05:47:12.057+0000] {logging_mixin.py:188} INFO - [2026-04-22T05:47:12.057+0000] {dag.py:3036} INFO - Sync 1 DAGs
[2026-04-22T05:47:12.115+0000] {logging_mixin.py:188} INFO - [2026-04-22T05:47:12.114+0000] {dag.py:3823} INFO - Setting next_dagrun for ecommerce_analytics_pipeline to 2026-04-21 00:00:00+00:00, run_after=2026-04-22 00:00:00+00:00
[2026-04-22T05:47:12.175+0000] {processor.py:183} INFO - Processing /opt/airflow/dags/ecommerce_pipeline.py took 0.261 seconds
[2026-04-22T05:47:42.414+0000] {processor.py:161} INFO - Started process (PID=458) to work on /opt/airflow/dags/ecommerce_pipeline.py
[2026-04-22T05:47:42.416+0000] {processor.py:830} INFO - Processing file /opt/airflow/dags/ecommerce_pipeline.py for tasks to queue
[2026-04-22T05:47:42.418+0000] {logging_mixin.py:188} INFO - [2026-04-22T05:47:42.418+0000] {dagbag.py:538} INFO - Filling up the DagBag from /opt/airflow/dags/ecommerce_pipeline.py
[2026-04-22T05:47:42.495+0000] {processor.py:840} INFO - DAG(s) 'ecommerce_analytics_pipeline' retrieved from /opt/airflow/dags/ecommerce_pipeline.py
[2026-04-22T05:47:42.564+0000] {logging_mixin.py:188} INFO - [2026-04-22T05:47:42.564+0000] {dag.py:3036} INFO - Sync 1 DAGs
[2026-04-22T05:47:42.602+0000] {logging_mixin.py:188} INFO - [2026-04-22T05:47:42.601+0000] {dag.py:3823} INFO - Setting next_dagrun for ecommerce_analytics_pipeline to 2026-04-21 00:00:00+00:00, run_after=2026-04-22 00:00:00+00:00
[2026-04-22T05:47:42.644+0000] {processor.py:183} INFO - Processing /opt/airflow/dags/ecommerce_pipeline.py took 0.236 seconds
[2026-04-22T05:48:13.188+0000] {processor.py:161} INFO - Started process (PID=463) to work on /opt/airflow/dags/ecommerce_pipeline.py
[2026-04-22T05:48:13.191+0000] {processor.py:830} INFO - Processing file /opt/airflow/dags/ecommerce_pipeline.py for tasks to queue
[2026-04-22T05:48:13.194+0000] {logging_mixin.py:188} INFO - [2026-04-22T05:48:13.193+0000] {dagbag.py:538} INFO - Filling up the DagBag from /opt/airflow/dags/ecommerce_pipeline.py
[2026-04-22T05:48:13.263+0000] {processor.py:840} INFO - DAG(s) 'ecommerce_analytics_pipeline' retrieved from /opt/airflow/dags/ecommerce_pipeline.py
[2026-04-22T05:48:13.327+0000] {logging_mixin.py:188} INFO - [2026-04-22T05:48:13.327+0000] {dag.py:3036} INFO - Sync 1 DAGs
[2026-04-22T05:48:13.382+0000] {logging_mixin.py:188} INFO - [2026-04-22T05:48:13.381+0000] {dag.py:3823} INFO - Setting next_dagrun for ecommerce_analytics_pipeline to 2026-04-21 00:00:00+00:00, run_after=2026-04-22 00:00:00+00:00
[2026-04-22T05:48:13.425+0000] {processor.py:183} INFO - Processing /opt/airflow/dags/ecommerce_pipeline.py took 0.244 seconds
[2026-04-22T05:48:43.655+0000] {processor.py:161} INFO - Started process (PID=468) to work on /opt/airflow/dags/ecommerce_pipeline.py
[2026-04-22T05:48:43.658+0000] {processor.py:830} INFO - Processing file /opt/airflow/dags/ecommerce_pipeline.py for tasks to queue
[2026-04-22T05:48:43.660+0000] {logging_mixin.py:188} INFO - [2026-04-22T05:48:43.660+0000] {dagbag.py:538} INFO - Filling up the DagBag from /opt/airflow/dags/ecommerce_pipeline.py
[2026-04-22T05:48:43.731+0000] {processor.py:840} INFO - DAG(s) 'ecommerce_analytics_pipeline' retrieved from /opt/airflow/dags/ecommerce_pipeline.py
[2026-04-22T05:48:43.807+0000] {logging_mixin.py:188} INFO - [2026-04-22T05:48:43.806+0000] {dag.py:3036} INFO - Sync 1 DAGs
[2026-04-22T05:48:43.856+0000] {logging_mixin.py:188} INFO - [2026-04-22T05:48:43.856+0000] {dag.py:3823} INFO - Setting next_dagrun for ecommerce_analytics_pipeline to 2026-04-21 00:00:00+00:00, run_after=2026-04-22 00:00:00+00:00
[2026-04-22T05:48:43.904+0000] {processor.py:183} INFO - Processing /opt/airflow/dags/ecommerce_pipeline.py took 0.260 seconds
[2026-04-22T05:49:14.259+0000] {processor.py:161} INFO - Started process (PID=473) to work on /opt/airflow/dags/ecommerce_pipeline.py
[2026-04-22T05:49:14.261+0000] {processor.py:830} INFO - Processing file /opt/airflow/dags/ecommerce_pipeline.py for tasks to queue
[2026-04-22T05:49:14.264+0000] {logging_mixin.py:188} INFO - [2026-04-22T05:49:14.263+0000] {dagbag.py:538} INFO - Filling up the DagBag from /opt/airflow/dags/ecommerce_pipeline.py
[2026-04-22T05:49:14.335+0000] {processor.py:840} INFO - DAG(s) 'ecommerce_analytics_pipeline' retrieved from /opt/airflow/dags/ecommerce_pipeline.py
[2026-04-22T05:49:14.424+0000] {logging_mixin.py:188} INFO - [2026-04-22T05:49:14.424+0000] {dag.py:3036} INFO - Sync 1 DAGs
[2026-04-22T05:49:14.474+0000] {logging_mixin.py:188} INFO - [2026-04-22T05:49:14.473+0000] {dag.py:3823} INFO - Setting next_dagrun for ecommerce_analytics_pipeline to 2026-04-21 00:00:00+00:00, run_after=2026-04-22 00:00:00+00:00
[2026-04-22T05:49:14.530+0000] {processor.py:183} INFO - Processing /opt/airflow/dags/ecommerce_pipeline.py took 0.277 seconds
[2026-04-22T05:49:44.960+0000] {processor.py:161} INFO - Started process (PID=478) to work on /opt/airflow/dags/ecommerce_pipeline.py
[2026-04-22T05:49:44.964+0000] {processor.py:830} INFO - Processing file /opt/airflow/dags/ecommerce_pipeline.py for tasks to queue
[2026-04-22T05:49:44.967+0000] {logging_mixin.py:188} INFO - [2026-04-22T05:49:44.967+0000] {dagbag.py:538} INFO - Filling up the DagBag from /opt/airflow/dags/ecommerce_pipeline.py
[2026-04-22T05:49:45.046+0000] {processor.py:840} INFO - DAG(s) 'ecommerce_analytics_pipeline' retrieved from /opt/airflow/dags/ecommerce_pipeline.py
[2026-04-22T05:49:45.148+0000] {logging_mixin.py:188} INFO - [2026-04-22T05:49:45.147+0000] {dag.py:3036} INFO - Sync 1 DAGs
[2026-04-22T05:49:45.214+0000] {logging_mixin.py:188} INFO - [2026-04-22T05:49:45.213+0000] {dag.py:3823} INFO - Setting next_dagrun for ecommerce_analytics_pipeline to 2026-04-21 00:00:00+00:00, run_after=2026-04-22 00:00:00+00:00
[2026-04-22T05:49:45.261+0000] {processor.py:183} INFO - Processing /opt/airflow/dags/ecommerce_pipeline.py took 0.315 seconds
[2026-04-22T05:50:15.731+0000] {processor.py:161} INFO - Started process (PID=483) to work on /opt/airflow/dags/ecommerce_pipeline.py
[2026-04-22T05:50:15.733+0000] {processor.py:830} INFO - Processing file /opt/airflow/dags/ecommerce_pipeline.py for tasks to queue
[2026-04-22T05:50:15.737+0000] {logging_mixin.py:188} INFO - [2026-04-22T05:50:15.736+0000] {dagbag.py:538} INFO - Filling up the DagBag from /opt/airflow/dags/ecommerce_pipeline.py
[2026-04-22T05:50:15.806+0000] {processor.py:840} INFO - DAG(s) 'ecommerce_analytics_pipeline' retrieved from /opt/airflow/dags/ecommerce_pipeline.py
[2026-04-22T05:50:15.887+0000] {logging_mixin.py:188} INFO - [2026-04-22T05:50:15.887+0000] {dag.py:3036} INFO - Sync 1 DAGs
[2026-04-22T05:50:15.951+0000] {logging_mixin.py:188} INFO - [2026-04-22T05:50:15.950+0000] {dag.py:3823} INFO - Setting next_dagrun for ecommerce_analytics_pipeline to 2026-04-21 00:00:00+00:00, run_after=2026-04-22 00:00:00+00:00
[2026-04-22T05:50:16.015+0000] {processor.py:183} INFO - Processing /opt/airflow/dags/ecommerce_pipeline.py took 0.297 seconds
[2026-04-22T05:50:46.467+0000] {processor.py:161} INFO - Started process (PID=488) to work on /opt/airflow/dags/ecommerce_pipeline.py
[2026-04-22T05:50:46.470+0000] {processor.py:830} INFO - Processing file /opt/airflow/dags/ecommerce_pipeline.py for tasks to queue
[2026-04-22T05:50:46.473+0000] {logging_mixin.py:188} INFO - [2026-04-22T05:50:46.472+0000] {dagbag.py:538} INFO - Filling up the DagBag from /opt/airflow/dags/ecommerce_pipeline.py
[2026-04-22T05:50:46.533+0000] {processor.py:840} INFO - DAG(s) 'ecommerce_analytics_pipeline' retrieved from /opt/airflow/dags/ecommerce_pipeline.py
[2026-04-22T05:50:46.607+0000] {logging_mixin.py:188} INFO - [2026-04-22T05:50:46.607+0000] {dag.py:3036} INFO - Sync 1 DAGs
[2026-04-22T05:50:46.659+0000] {logging_mixin.py:188} INFO - [2026-04-22T05:50:46.659+0000] {dag.py:3823} INFO - Setting next_dagrun for ecommerce_analytics_pipeline to 2026-04-21 00:00:00+00:00, run_after=2026-04-22 00:00:00+00:00
[2026-04-22T05:50:46.719+0000] {processor.py:183} INFO - Processing /opt/airflow/dags/ecommerce_pipeline.py took 0.262 seconds
[2026-04-22T05:51:16.882+0000] {processor.py:161} INFO - Started process (PID=493) to work on /opt/airflow/dags/ecommerce_pipeline.py
[2026-04-22T05:51:16.885+0000] {processor.py:830} INFO - Processing file /opt/airflow/dags/ecommerce_pipeline.py for tasks to queue
[2026-04-22T05:51:16.887+0000] {logging_mixin.py:188} INFO - [2026-04-22T05:51:16.887+0000] {dagbag.py:538} INFO - Filling up the DagBag from /opt/airflow/dags/ecommerce_pipeline.py
[2026-04-22T05:51:16.955+0000] {processor.py:840} INFO - DAG(s) 'ecommerce_analytics_pipeline' retrieved from /opt/airflow/dags/ecommerce_pipeline.py
[2026-04-22T05:51:17.015+0000] {logging_mixin.py:188} INFO - [2026-04-22T05:51:17.014+0000] {dag.py:3036} INFO - Sync 1 DAGs
[2026-04-22T05:51:17.058+0000] {logging_mixin.py:188} INFO - [2026-04-22T05:51:17.058+0000] {dag.py:3823} INFO - Setting next_dagrun for ecommerce_analytics_pipeline to 2026-04-21 00:00:00+00:00, run_after=2026-04-22 00:00:00+00:00
[2026-04-22T05:51:17.100+0000] {processor.py:183} INFO - Processing /opt/airflow/dags/ecommerce_pipeline.py took 0.225 seconds
[2026-04-22T05:51:47.361+0000] {processor.py:161} INFO - Started process (PID=498) to work on /opt/airflow/dags/ecommerce_pipeline.py
[2026-04-22T05:51:47.365+0000] {processor.py:830} INFO - Processing file /opt/airflow/dags/ecommerce_pipeline.py for tasks to queue
[2026-04-22T05:51:47.369+0000] {logging_mixin.py:188} INFO - [2026-04-22T05:51:47.367+0000] {dagbag.py:538} INFO - Filling up the DagBag from /opt/airflow/dags/ecommerce_pipeline.py
[2026-04-22T05:51:47.456+0000] {processor.py:840} INFO - DAG(s) 'ecommerce_analytics_pipeline' retrieved from /opt/airflow/dags/ecommerce_pipeline.py
[2026-04-22T05:51:47.515+0000] {logging_mixin.py:188} INFO - [2026-04-22T05:51:47.515+0000] {dag.py:3036} INFO - Sync 1 DAGs
[2026-04-22T05:51:47.551+0000] {logging_mixin.py:188} INFO - [2026-04-22T05:51:47.551+0000] {dag.py:3823} INFO - Setting next_dagrun for ecommerce_analytics_pipeline to 2026-04-21 00:00:00+00:00, run_after=2026-04-22 00:00:00+00:00
[2026-04-22T05:51:47.598+0000] {processor.py:183} INFO - Processing /opt/airflow/dags/ecommerce_pipeline.py took 0.247 seconds
[2026-04-22T05:52:18.128+0000] {processor.py:161} INFO - Started process (PID=503) to work on /opt/airflow/dags/ecommerce_pipeline.py
[2026-04-22T05:52:18.131+0000] {processor.py:830} INFO - Processing file /opt/airflow/dags/ecommerce_pipeline.py for tasks to queue
[2026-04-22T05:52:18.134+0000] {logging_mixin.py:188} INFO - [2026-04-22T05:52:18.134+0000] {dagbag.py:538} INFO - Filling up the DagBag from /opt/airflow/dags/ecommerce_pipeline.py
[2026-04-22T05:52:18.208+0000] {processor.py:840} INFO - DAG(s) 'ecommerce_analytics_pipeline' retrieved from /opt/airflow/dags/ecommerce_pipeline.py
[2026-04-22T05:52:18.270+0000] {logging_mixin.py:188} INFO - [2026-04-22T05:52:18.270+0000] {dag.py:3036} INFO - Sync 1 DAGs
[2026-04-22T05:52:18.314+0000] {logging_mixin.py:188} INFO - [2026-04-22T05:52:18.314+0000] {dag.py:3823} INFO - Setting next_dagrun for ecommerce_analytics_pipeline to 2026-04-21 00:00:00+00:00, run_after=2026-04-22 00:00:00+00:00
[2026-04-22T05:52:18.360+0000] {processor.py:183} INFO - Processing /opt/airflow/dags/ecommerce_pipeline.py took 0.240 seconds
[2026-04-22T05:52:48.623+0000] {processor.py:161} INFO - Started process (PID=508) to work on /opt/airflow/dags/ecommerce_pipeline.py
[2026-04-22T05:52:48.626+0000] {processor.py:830} INFO - Processing file /opt/airflow/dags/ecommerce_pipeline.py for tasks to queue
[2026-04-22T05:52:48.627+0000] {logging_mixin.py:188} INFO - [2026-04-22T05:52:48.627+0000] {dagbag.py:538} INFO - Filling up the DagBag from /opt/airflow/dags/ecommerce_pipeline.py
[2026-04-22T05:52:48.703+0000] {processor.py:840} INFO - DAG(s) 'ecommerce_analytics_pipeline' retrieved from /opt/airflow/dags/ecommerce_pipeline.py
[2026-04-22T05:52:48.770+0000] {logging_mixin.py:188} INFO - [2026-04-22T05:52:48.769+0000] {dag.py:3036} INFO - Sync 1 DAGs
[2026-04-22T05:52:48.807+0000] {logging_mixin.py:188} INFO - [2026-04-22T05:52:48.807+0000] {dag.py:3823} INFO - Setting next_dagrun for ecommerce_analytics_pipeline to 2026-04-21 00:00:00+00:00, run_after=2026-04-22 00:00:00+00:00
[2026-04-22T05:52:48.850+0000] {processor.py:183} INFO - Processing /opt/airflow/dags/ecommerce_pipeline.py took 0.234 seconds
[2026-04-22T05:53:19.234+0000] {processor.py:161} INFO - Started process (PID=513) to work on /opt/airflow/dags/ecommerce_pipeline.py
[2026-04-22T05:53:19.237+0000] {processor.py:830} INFO - Processing file /opt/airflow/dags/ecommerce_pipeline.py for tasks to queue
[2026-04-22T05:53:19.240+0000] {logging_mixin.py:188} INFO - [2026-04-22T05:53:19.239+0000] {dagbag.py:538} INFO - Filling up the DagBag from /opt/airflow/dags/ecommerce_pipeline.py
[2026-04-22T05:53:19.304+0000] {processor.py:840} INFO - DAG(s) 'ecommerce_analytics_pipeline' retrieved from /opt/airflow/dags/ecommerce_pipeline.py
[2026-04-22T05:53:19.365+0000] {logging_mixin.py:188} INFO - [2026-04-22T05:53:19.365+0000] {dag.py:3036} INFO - Sync 1 DAGs
[2026-04-22T05:53:19.413+0000] {logging_mixin.py:188} INFO - [2026-04-22T05:53:19.413+0000] {dag.py:3823} INFO - Setting next_dagrun for ecommerce_analytics_pipeline to 2026-04-21 00:00:00+00:00, run_after=2026-04-22 00:00:00+00:00
[2026-04-22T05:53:19.450+0000] {processor.py:183} INFO - Processing /opt/airflow/dags/ecommerce_pipeline.py took 0.224 seconds
[2026-04-22T05:53:49.706+0000] {processor.py:161} INFO - Started process (PID=518) to work on /opt/airflow/dags/ecommerce_pipeline.py
[2026-04-22T05:53:49.708+0000] {processor.py:830} INFO - Processing file /opt/airflow/dags/ecommerce_pipeline.py for tasks to queue
[2026-04-22T05:53:49.711+0000] {logging_mixin.py:188} INFO - [2026-04-22T05:53:49.710+0000] {dagbag.py:538} INFO - Filling up the DagBag from /opt/airflow/dags/ecommerce_pipeline.py
[2026-04-22T05:53:49.772+0000] {processor.py:840} INFO - DAG(s) 'ecommerce_analytics_pipeline' retrieved from /opt/airflow/dags/ecommerce_pipeline.py
[2026-04-22T05:53:49.827+0000] {logging_mixin.py:188} INFO - [2026-04-22T05:53:49.827+0000] {dag.py:3036} INFO - Sync 1 DAGs
[2026-04-22T05:53:49.866+0000] {logging_mixin.py:188} INFO - [2026-04-22T05:53:49.865+0000] {dag.py:3823} INFO - Setting next_dagrun for ecommerce_analytics_pipeline to 2026-04-21 00:00:00+00:00, run_after=2026-04-22 00:00:00+00:00
[2026-04-22T05:53:49.910+0000] {processor.py:183} INFO - Processing /opt/airflow/dags/ecommerce_pipeline.py took 0.212 seconds
[2026-04-22T05:54:20.298+0000] {processor.py:161} INFO - Started process (PID=523) to work on /opt/airflow/dags/ecommerce_pipeline.py
[2026-04-22T05:54:20.302+0000] {processor.py:830} INFO - Processing file /opt/airflow/dags/ecommerce_pipeline.py for tasks to queue
[2026-04-22T05:54:20.310+0000] {logging_mixin.py:188} INFO - [2026-04-22T05:54:20.306+0000] {dagbag.py:538} INFO - Filling up the DagBag from /opt/airflow/dags/ecommerce_pipeline.py
[2026-04-22T05:54:20.399+0000] {processor.py:840} INFO - DAG(s) 'ecommerce_analytics_pipeline' retrieved from /opt/airflow/dags/ecommerce_pipeline.py
[2026-04-22T05:54:20.490+0000] {logging_mixin.py:188} INFO - [2026-04-22T05:54:20.490+0000] {dag.py:3036} INFO - Sync 1 DAGs
[2026-04-22T05:54:20.549+0000] {logging_mixin.py:188} INFO - [2026-04-22T05:54:20.548+0000] {dag.py:3823} INFO - Setting next_dagrun for ecommerce_analytics_pipeline to 2026-04-21 00:00:00+00:00, run_after=2026-04-22 00:00:00+00:00
[2026-04-22T05:54:20.602+0000] {processor.py:183} INFO - Processing /opt/airflow/dags/ecommerce_pipeline.py took 0.325 seconds
[2026-04-22T05:54:50.808+0000] {processor.py:161} INFO - Started process (PID=528) to work on /opt/airflow/dags/ecommerce_pipeline.py
[2026-04-22T05:54:50.813+0000] {processor.py:830} INFO - Processing file /opt/airflow/dags/ecommerce_pipeline.py for tasks to queue
[2026-04-22T05:54:50.817+0000] {logging_mixin.py:188} INFO - [2026-04-22T05:54:50.816+0000] {dagbag.py:538} INFO - Filling up the DagBag from /opt/airflow/dags/ecommerce_pipeline.py
[2026-04-22T05:54:50.912+0000] {processor.py:840} INFO - DAG(s) 'ecommerce_analytics_pipeline' retrieved from /opt/airflow/dags/ecommerce_pipeline.py
[2026-04-22T05:54:51.041+0000] {logging_mixin.py:188} INFO - [2026-04-22T05:54:51.040+0000] {dag.py:3036} INFO - Sync 1 DAGs
[2026-04-22T05:54:51.111+0000] {logging_mixin.py:188} INFO - [2026-04-22T05:54:51.110+0000] {dag.py:3823} INFO - Setting next_dagrun for ecommerce_analytics_pipeline to 2026-04-21 00:00:00+00:00, run_after=2026-04-22 00:00:00+00:00
[2026-04-22T05:54:51.175+0000] {processor.py:183} INFO - Processing /opt/airflow/dags/ecommerce_pipeline.py took 0.391 seconds
[2026-04-22T05:55:21.615+0000] {processor.py:161} INFO - Started process (PID=533) to work on /opt/airflow/dags/ecommerce_pipeline.py
[2026-04-22T05:55:21.620+0000] {processor.py:830} INFO - Processing file /opt/airflow/dags/ecommerce_pipeline.py for tasks to queue
[2026-04-22T05:55:21.623+0000] {logging_mixin.py:188} INFO - [2026-04-22T05:55:21.622+0000] {dagbag.py:538} INFO - Filling up the DagBag from /opt/airflow/dags/ecommerce_pipeline.py
[2026-04-22T05:55:21.700+0000] {processor.py:840} INFO - DAG(s) 'ecommerce_analytics_pipeline' retrieved from /opt/airflow/dags/ecommerce_pipeline.py
[2026-04-22T05:55:21.760+0000] {logging_mixin.py:188} INFO - [2026-04-22T05:55:21.759+0000] {dag.py:3036} INFO - Sync 1 DAGs
[2026-04-22T05:55:21.799+0000] {logging_mixin.py:188} INFO - [2026-04-22T05:55:21.799+0000] {dag.py:3823} INFO - Setting next_dagrun for ecommerce_analytics_pipeline to 2026-04-21 00:00:00+00:00, run_after=2026-04-22 00:00:00+00:00
[2026-04-22T05:55:21.855+0000] {processor.py:183} INFO - Processing /opt/airflow/dags/ecommerce_pipeline.py took 0.259 seconds
[2026-04-22T05:55:52.151+0000] {processor.py:161} INFO - Started process (PID=538) to work on /opt/airflow/dags/ecommerce_pipeline.py
[2026-04-22T05:55:52.154+0000] {processor.py:830} INFO - Processing file /opt/airflow/dags/ecommerce_pipeline.py for tasks to queue
[2026-04-22T05:55:52.156+0000] {logging_mixin.py:188} INFO - [2026-04-22T05:55:52.156+0000] {dagbag.py:538} INFO - Filling up the DagBag from /opt/airflow/dags/ecommerce_pipeline.py
[2026-04-22T05:55:52.235+0000] {processor.py:840} INFO - DAG(s) 'ecommerce_analytics_pipeline' retrieved from /opt/airflow/dags/ecommerce_pipeline.py
[2026-04-22T05:55:52.336+0000] {logging_mixin.py:188} INFO - [2026-04-22T05:55:52.336+0000] {dag.py:3036} INFO - Sync 1 DAGs
[2026-04-22T05:55:52.383+0000] {logging_mixin.py:188} INFO - [2026-04-22T05:55:52.383+0000] {dag.py:3823} INFO - Setting next_dagrun for ecommerce_analytics_pipeline to 2026-04-21 00:00:00+00:00, run_after=2026-04-22 00:00:00+00:00
[2026-04-22T05:55:52.429+0000] {processor.py:183} INFO - Processing /opt/airflow/dags/ecommerce_pipeline.py took 0.289 seconds
[2026-04-22T05:56:22.804+0000] {processor.py:161} INFO - Started process (PID=543) to work on /opt/airflow/dags/ecommerce_pipeline.py
[2026-04-22T05:56:22.807+0000] {processor.py:830} INFO - Processing file /opt/airflow/dags/ecommerce_pipeline.py for tasks to queue
[2026-04-22T05:56:22.809+0000] {logging_mixin.py:188} INFO - [2026-04-22T05:56:22.808+0000] {dagbag.py:538} INFO - Filling up the DagBag from /opt/airflow/dags/ecommerce_pipeline.py
[2026-04-22T05:56:22.875+0000] {processor.py:840} INFO - DAG(s) 'ecommerce_analytics_pipeline' retrieved from /opt/airflow/dags/ecommerce_pipeline.py
[2026-04-22T05:56:22.930+0000] {logging_mixin.py:188} INFO - [2026-04-22T05:56:22.929+0000] {dag.py:3036} INFO - Sync 1 DAGs
[2026-04-22T05:56:22.973+0000] {logging_mixin.py:188} INFO - [2026-04-22T05:56:22.973+0000] {dag.py:3823} INFO - Setting next_dagrun for ecommerce_analytics_pipeline to 2026-04-21 00:00:00+00:00, run_after=2026-04-22 00:00:00+00:00
[2026-04-22T05:56:23.015+0000] {processor.py:183} INFO - Processing /opt/airflow/dags/ecommerce_pipeline.py took 0.221 seconds
[2026-04-22T05:56:53.612+0000] {processor.py:161} INFO - Started process (PID=548) to work on /opt/airflow/dags/ecommerce_pipeline.py
[2026-04-22T05:56:53.617+0000] {processor.py:830} INFO - Processing file /opt/airflow/dags/ecommerce_pipeline.py for tasks to queue
[2026-04-22T05:56:53.620+0000] {logging_mixin.py:188} INFO - [2026-04-22T05:56:53.620+0000] {dagbag.py:538} INFO - Filling up the DagBag from /opt/airflow/dags/ecommerce_pipeline.py
[2026-04-22T05:56:53.722+0000] {processor.py:840} INFO - DAG(s) 'ecommerce_analytics_pipeline' retrieved from /opt/airflow/dags/ecommerce_pipeline.py
[2026-04-22T05:56:53.826+0000] {logging_mixin.py:188} INFO - [2026-04-22T05:56:53.826+0000] {dag.py:3036} INFO - Sync 1 DAGs
[2026-04-22T05:56:53.869+0000] {logging_mixin.py:188} INFO - [2026-04-22T05:56:53.869+0000] {dag.py:3823} INFO - Setting next_dagrun for ecommerce_analytics_pipeline to 2026-04-21 00:00:00+00:00, run_after=2026-04-22 00:00:00+00:00
[2026-04-22T05:56:53.911+0000] {processor.py:183} INFO - Processing /opt/airflow/dags/ecommerce_pipeline.py took 0.308 seconds
[2026-04-22T05:57:24.383+0000] {processor.py:161} INFO - Started process (PID=553) to work on /opt/airflow/dags/ecommerce_pipeline.py
[2026-04-22T05:57:24.385+0000] {processor.py:830} INFO - Processing file /opt/airflow/dags/ecommerce_pipeline.py for tasks to queue
[2026-04-22T05:57:24.388+0000] {logging_mixin.py:188} INFO - [2026-04-22T05:57:24.387+0000] {dagbag.py:538} INFO - Filling up the DagBag from /opt/airflow/dags/ecommerce_pipeline.py
[2026-04-22T05:57:24.454+0000] {processor.py:840} INFO - DAG(s) 'ecommerce_analytics_pipeline' retrieved from /opt/airflow/dags/ecommerce_pipeline.py
[2026-04-22T05:57:24.534+0000] {logging_mixin.py:188} INFO - [2026-04-22T05:57:24.533+0000] {dag.py:3036} INFO - Sync 1 DAGs
[2026-04-22T05:57:24.583+0000] {logging_mixin.py:188} INFO - [2026-04-22T05:57:24.582+0000] {dag.py:3823} INFO - Setting next_dagrun for ecommerce_analytics_pipeline to 2026-04-21 00:00:00+00:00, run_after=2026-04-22 00:00:00+00:00
[2026-04-22T05:57:24.625+0000] {processor.py:183} INFO - Processing /opt/airflow/dags/ecommerce_pipeline.py took 0.249 seconds
[2026-04-22T05:57:41.801+0000] {processor.py:161} INFO - Started process (PID=558) to work on /opt/airflow/dags/ecommerce_pipeline.py
[2026-04-22T05:57:41.812+0000] {processor.py:830} INFO - Processing file /opt/airflow/dags/ecommerce_pipeline.py for tasks to queue
[2026-04-22T05:57:41.820+0000] {logging_mixin.py:188} INFO - [2026-04-22T05:57:41.818+0000] {dagbag.py:538} INFO - Filling up the DagBag from /opt/airflow/dags/ecommerce_pipeline.py
[2026-04-22T05:57:42.007+0000] {processor.py:840} INFO - DAG(s) 'ecommerce_analytics_pipeline' retrieved from /opt/airflow/dags/ecommerce_pipeline.py
[2026-04-22T05:57:42.118+0000] {logging_mixin.py:188} INFO - [2026-04-22T05:57:42.118+0000] {dag.py:3036} INFO - Sync 1 DAGs
[2026-04-22T05:57:42.206+0000] {logging_mixin.py:188} INFO - [2026-04-22T05:57:42.205+0000] {dag.py:3823} INFO - Setting next_dagrun for ecommerce_analytics_pipeline to 2026-04-21 00:00:00+00:00, run_after=2026-04-22 00:00:00+00:00
[2026-04-22T05:57:42.289+0000] {processor.py:183} INFO - Processing /opt/airflow/dags/ecommerce_pipeline.py took 0.534 seconds
[2026-04-22T05:58:12.508+0000] {processor.py:161} INFO - Started process (PID=563) to work on /opt/airflow/dags/ecommerce_pipeline.py
[2026-04-22T05:58:12.511+0000] {processor.py:830} INFO - Processing file /opt/airflow/dags/ecommerce_pipeline.py for tasks to queue
[2026-04-22T05:58:12.514+0000] {logging_mixin.py:188} INFO - [2026-04-22T05:58:12.513+0000] {dagbag.py:538} INFO - Filling up the DagBag from /opt/airflow/dags/ecommerce_pipeline.py
[2026-04-22T05:58:12.577+0000] {processor.py:840} INFO - DAG(s) 'ecommerce_analytics_pipeline' retrieved from /opt/airflow/dags/ecommerce_pipeline.py
[2026-04-22T05:58:12.691+0000] {logging_mixin.py:188} INFO - [2026-04-22T05:58:12.690+0000] {dag.py:3036} INFO - Sync 1 DAGs
[2026-04-22T05:58:12.772+0000] {logging_mixin.py:188} INFO - [2026-04-22T05:58:12.771+0000] {dag.py:3823} INFO - Setting next_dagrun for ecommerce_analytics_pipeline to 2026-04-21 00:00:00+00:00, run_after=2026-04-22 00:00:00+00:00
[2026-04-22T05:58:12.836+0000] {processor.py:183} INFO - Processing /opt/airflow/dags/ecommerce_pipeline.py took 0.340 seconds
[2026-04-22T05:58:43.453+0000] {processor.py:161} INFO - Started process (PID=568) to work on /opt/airflow/dags/ecommerce_pipeline.py
[2026-04-22T05:58:43.459+0000] {processor.py:830} INFO - Processing file /opt/airflow/dags/ecommerce_pipeline.py for tasks to queue
[2026-04-22T05:58:43.464+0000] {logging_mixin.py:188} INFO - [2026-04-22T05:58:43.462+0000] {dagbag.py:538} INFO - Filling up the DagBag from /opt/airflow/dags/ecommerce_pipeline.py
[2026-04-22T05:58:43.575+0000] {processor.py:840} INFO - DAG(s) 'ecommerce_analytics_pipeline' retrieved from /opt/airflow/dags/ecommerce_pipeline.py
[2026-04-22T05:58:43.707+0000] {logging_mixin.py:188} INFO - [2026-04-22T05:58:43.706+0000] {dag.py:3036} INFO - Sync 1 DAGs
[2026-04-22T05:58:43.793+0000] {logging_mixin.py:188} INFO - [2026-04-22T05:58:43.792+0000] {dag.py:3823} INFO - Setting next_dagrun for ecommerce_analytics_pipeline to 2026-04-21 00:00:00+00:00, run_after=2026-04-22 00:00:00+00:00
[2026-04-22T05:58:43.873+0000] {processor.py:183} INFO - Processing /opt/airflow/dags/ecommerce_pipeline.py took 0.441 seconds
[2026-04-22T05:59:14.038+0000] {processor.py:161} INFO - Started process (PID=573) to work on /opt/airflow/dags/ecommerce_pipeline.py
[2026-04-22T05:59:14.041+0000] {processor.py:830} INFO - Processing file /opt/airflow/dags/ecommerce_pipeline.py for tasks to queue
[2026-04-22T05:59:14.044+0000] {logging_mixin.py:188} INFO - [2026-04-22T05:59:14.043+0000] {dagbag.py:538} INFO - Filling up the DagBag from /opt/airflow/dags/ecommerce_pipeline.py
[2026-04-22T05:59:14.109+0000] {processor.py:840} INFO - DAG(s) 'ecommerce_analytics_pipeline' retrieved from /opt/airflow/dags/ecommerce_pipeline.py
[2026-04-22T05:59:14.172+0000] {logging_mixin.py:188} INFO - [2026-04-22T05:59:14.172+0000] {dag.py:3036} INFO - Sync 1 DAGs
[2026-04-22T05:59:14.217+0000] {logging_mixin.py:188} INFO - [2026-04-22T05:59:14.217+0000] {dag.py:3823} INFO - Setting next_dagrun for ecommerce_analytics_pipeline to 2026-04-21 00:00:00+00:00, run_after=2026-04-22 00:00:00+00:00
[2026-04-22T05:59:14.266+0000] {processor.py:183} INFO - Processing /opt/airflow/dags/ecommerce_pipeline.py took 0.237 seconds
[2026-04-22T05:59:44.649+0000] {processor.py:161} INFO - Started process (PID=578) to work on /opt/airflow/dags/ecommerce_pipeline.py
[2026-04-22T05:59:44.653+0000] {processor.py:830} INFO - Processing file /opt/airflow/dags/ecommerce_pipeline.py for tasks to queue
[2026-04-22T05:59:44.656+0000] {logging_mixin.py:188} INFO - [2026-04-22T05:59:44.655+0000] {dagbag.py:538} INFO - Filling up the DagBag from /opt/airflow/dags/ecommerce_pipeline.py
[2026-04-22T05:59:44.724+0000] {processor.py:840} INFO - DAG(s) 'ecommerce_analytics_pipeline' retrieved from /opt/airflow/dags/ecommerce_pipeline.py
[2026-04-22T05:59:44.802+0000] {logging_mixin.py:188} INFO - [2026-04-22T05:59:44.801+0000] {dag.py:3036} INFO - Sync 1 DAGs
[2026-04-22T05:59:44.860+0000] {logging_mixin.py:188} INFO - [2026-04-22T05:59:44.860+0000] {dag.py:3823} INFO - Setting next_dagrun for ecommerce_analytics_pipeline to 2026-04-21 00:00:00+00:00, run_after=2026-04-22 00:00:00+00:00
[2026-04-22T05:59:44.913+0000] {processor.py:183} INFO - Processing /opt/airflow/dags/ecommerce_pipeline.py took 0.271 seconds
[2026-04-22T06:00:15.468+0000] {processor.py:161} INFO - Started process (PID=583) to work on /opt/airflow/dags/ecommerce_pipeline.py
[2026-04-22T06:00:15.471+0000] {processor.py:830} INFO - Processing file /opt/airflow/dags/ecommerce_pipeline.py for tasks to queue
[2026-04-22T06:00:15.484+0000] {logging_mixin.py:188} INFO - [2026-04-22T06:00:15.474+0000] {dagbag.py:538} INFO - Filling up the DagBag from /opt/airflow/dags/ecommerce_pipeline.py
[2026-04-22T06:00:15.556+0000] {processor.py:840} INFO - DAG(s) 'ecommerce_analytics_pipeline' retrieved from /opt/airflow/dags/ecommerce_pipeline.py
[2026-04-22T06:00:15.726+0000] {logging_mixin.py:188} INFO - [2026-04-22T06:00:15.725+0000] {dag.py:3036} INFO - Sync 1 DAGs
[2026-04-22T06:00:15.855+0000] {logging_mixin.py:188} INFO - [2026-04-22T06:00:15.855+0000] {dag.py:3823} INFO - Setting next_dagrun for ecommerce_analytics_pipeline to 2026-04-21 00:00:00+00:00, run_after=2026-04-22 00:00:00+00:00
[2026-04-22T06:00:15.910+0000] {processor.py:183} INFO - Processing /opt/airflow/dags/ecommerce_pipeline.py took 0.474 seconds
[2026-04-22T06:00:46.205+0000] {processor.py:161} INFO - Started process (PID=588) to work on /opt/airflow/dags/ecommerce_pipeline.py
[2026-04-22T06:00:46.210+0000] {processor.py:830} INFO - Processing file /opt/airflow/dags/ecommerce_pipeline.py for tasks to queue
[2026-04-22T06:00:46.214+0000] {logging_mixin.py:188} INFO - [2026-04-22T06:00:46.213+0000] {dagbag.py:538} INFO - Filling up the DagBag from /opt/airflow/dags/ecommerce_pipeline.py
[2026-04-22T06:00:46.299+0000] {processor.py:840} INFO - DAG(s) 'ecommerce_analytics_pipeline' retrieved from /opt/airflow/dags/ecommerce_pipeline.py
[2026-04-22T06:00:46.395+0000] {logging_mixin.py:188} INFO - [2026-04-22T06:00:46.395+0000] {dag.py:3036} INFO - Sync 1 DAGs
[2026-04-22T06:00:46.479+0000] {logging_mixin.py:188} INFO - [2026-04-22T06:00:46.478+0000] {dag.py:3823} INFO - Setting next_dagrun for ecommerce_analytics_pipeline to 2026-04-21 00:00:00+00:00, run_after=2026-04-22 00:00:00+00:00
[2026-04-22T06:00:46.547+0000] {processor.py:183} INFO - Processing /opt/airflow/dags/ecommerce_pipeline.py took 0.355 seconds
[2026-04-22T06:01:17.354+0000] {processor.py:161} INFO - Started process (PID=593) to work on /opt/airflow/dags/ecommerce_pipeline.py
[2026-04-22T06:01:17.359+0000] {processor.py:830} INFO - Processing file /opt/airflow/dags/ecommerce_pipeline.py for tasks to queue
[2026-04-22T06:01:17.363+0000] {logging_mixin.py:188} INFO - [2026-04-22T06:01:17.362+0000] {dagbag.py:538} INFO - Filling up the DagBag from /opt/airflow/dags/ecommerce_pipeline.py
[2026-04-22T06:01:17.461+0000] {processor.py:840} INFO - DAG(s) 'ecommerce_analytics_pipeline' retrieved from /opt/airflow/dags/ecommerce_pipeline.py
[2026-04-22T06:01:17.548+0000] {logging_mixin.py:188} INFO - [2026-04-22T06:01:17.548+0000] {dag.py:3036} INFO - Sync 1 DAGs
[2026-04-22T06:01:17.616+0000] {logging_mixin.py:188} INFO - [2026-04-22T06:01:17.615+0000] {dag.py:3823} INFO - Setting next_dagrun for ecommerce_analytics_pipeline to 2026-04-21 00:00:00+00:00, run_after=2026-04-22 00:00:00+00:00
[2026-04-22T06:01:17.675+0000] {processor.py:183} INFO - Processing /opt/airflow/dags/ecommerce_pipeline.py took 0.348 seconds
[2026-04-22T06:01:48.321+0000] {processor.py:161} INFO - Started process (PID=598) to work on /opt/airflow/dags/ecommerce_pipeline.py
[2026-04-22T06:01:48.327+0000] {processor.py:830} INFO - Processing file /opt/airflow/dags/ecommerce_pipeline.py for tasks to queue
[2026-04-22T06:01:48.331+0000] {logging_mixin.py:188} INFO - [2026-04-22T06:01:48.329+0000] {dagbag.py:538} INFO - Filling up the DagBag from /opt/airflow/dags/ecommerce_pipeline.py
[2026-04-22T06:01:48.410+0000] {processor.py:840} INFO - DAG(s) 'ecommerce_analytics_pipeline' retrieved from /opt/airflow/dags/ecommerce_pipeline.py
[2026-04-22T06:01:48.534+0000] {logging_mixin.py:188} INFO - [2026-04-22T06:01:48.533+0000] {dag.py:3036} INFO - Sync 1 DAGs
[2026-04-22T06:01:48.638+0000] {logging_mixin.py:188} INFO - [2026-04-22T06:01:48.638+0000] {dag.py:3823} INFO - Setting next_dagrun for ecommerce_analytics_pipeline to 2026-04-21 00:00:00+00:00, run_after=2026-04-22 00:00:00+00:00
[2026-04-22T06:01:48.707+0000] {processor.py:183} INFO - Processing /opt/airflow/dags/ecommerce_pipeline.py took 0.397 seconds
[2026-04-22T06:02:19.682+0000] {processor.py:161} INFO - Started process (PID=603) to work on /opt/airflow/dags/ecommerce_pipeline.py
[2026-04-22T06:02:19.684+0000] {processor.py:830} INFO - Processing file /opt/airflow/dags/ecommerce_pipeline.py for tasks to queue
[2026-04-22T06:02:19.686+0000] {logging_mixin.py:188} INFO - [2026-04-22T06:02:19.686+0000] {dagbag.py:538} INFO - Filling up the DagBag from /opt/airflow/dags/ecommerce_pipeline.py
[2026-04-22T06:02:19.751+0000] {processor.py:840} INFO - DAG(s) 'ecommerce_analytics_pipeline' retrieved from /opt/airflow/dags/ecommerce_pipeline.py
[2026-04-22T06:02:19.824+0000] {logging_mixin.py:188} INFO - [2026-04-22T06:02:19.824+0000] {dag.py:3036} INFO - Sync 1 DAGs
[2026-04-22T06:02:19.872+0000] {logging_mixin.py:188} INFO - [2026-04-22T06:02:19.871+0000] {dag.py:3823} INFO - Setting next_dagrun for ecommerce_analytics_pipeline to 2026-04-21 00:00:00+00:00, run_after=2026-04-22 00:00:00+00:00
[2026-04-22T06:02:19.918+0000] {processor.py:183} INFO - Processing /opt/airflow/dags/ecommerce_pipeline.py took 0.243 seconds
[2026-04-22T06:02:50.361+0000] {processor.py:161} INFO - Started process (PID=608) to work on /opt/airflow/dags/ecommerce_pipeline.py
[2026-04-22T06:02:50.364+0000] {processor.py:830} INFO - Processing file /opt/airflow/dags/ecommerce_pipeline.py for tasks to queue
[2026-04-22T06:02:50.368+0000] {logging_mixin.py:188} INFO - [2026-04-22T06:02:50.367+0000] {dagbag.py:538} INFO - Filling up the DagBag from /opt/airflow/dags/ecommerce_pipeline.py
[2026-04-22T06:02:50.470+0000] {processor.py:840} INFO - DAG(s) 'ecommerce_analytics_pipeline' retrieved from /opt/airflow/dags/ecommerce_pipeline.py
[2026-04-22T06:02:50.577+0000] {logging_mixin.py:188} INFO - [2026-04-22T06:02:50.577+0000] {dag.py:3036} INFO - Sync 1 DAGs
[2026-04-22T06:02:50.649+0000] {logging_mixin.py:188} INFO - [2026-04-22T06:02:50.649+0000] {dag.py:3823} INFO - Setting next_dagrun for ecommerce_analytics_pipeline to 2026-04-21 00:00:00+00:00, run_after=2026-04-22 00:00:00+00:00
[2026-04-22T06:02:50.711+0000] {processor.py:183} INFO - Processing /opt/airflow/dags/ecommerce_pipeline.py took 0.363 seconds
[2026-04-22T06:03:21.222+0000] {processor.py:161} INFO - Started process (PID=613) to work on /opt/airflow/dags/ecommerce_pipeline.py
[2026-04-22T06:03:21.224+0000] {processor.py:830} INFO - Processing file /opt/airflow/dags/ecommerce_pipeline.py for tasks to queue
[2026-04-22T06:03:21.226+0000] {logging_mixin.py:188} INFO - [2026-04-22T06:03:21.226+0000] {dagbag.py:538} INFO - Filling up the DagBag from /opt/airflow/dags/ecommerce_pipeline.py
[2026-04-22T06:03:21.308+0000] {processor.py:840} INFO - DAG(s) 'ecommerce_analytics_pipeline' retrieved from /opt/airflow/dags/ecommerce_pipeline.py
[2026-04-22T06:03:21.380+0000] {logging_mixin.py:188} INFO - [2026-04-22T06:03:21.380+0000] {dag.py:3036} INFO - Sync 1 DAGs
[2026-04-22T06:03:21.432+0000] {logging_mixin.py:188} INFO - [2026-04-22T06:03:21.432+0000] {dag.py:3823} INFO - Setting next_dagrun for ecommerce_analytics_pipeline to 2026-04-21 00:00:00+00:00, run_after=2026-04-22 00:00:00+00:00
[2026-04-22T06:03:21.476+0000] {processor.py:183} INFO - Processing /opt/airflow/dags/ecommerce_pipeline.py took 0.264 seconds
[2026-04-22T06:03:51.885+0000] {processor.py:161} INFO - Started process (PID=618) to work on /opt/airflow/dags/ecommerce_pipeline.py
[2026-04-22T06:03:51.888+0000] {processor.py:830} INFO - Processing file /opt/airflow/dags/ecommerce_pipeline.py for tasks to queue
[2026-04-22T06:03:51.891+0000] {logging_mixin.py:188} INFO - [2026-04-22T06:03:51.890+0000] {dagbag.py:538} INFO - Filling up the DagBag from /opt/airflow/dags/ecommerce_pipeline.py
[2026-04-22T06:03:51.961+0000] {processor.py:840} INFO - DAG(s) 'ecommerce_analytics_pipeline' retrieved from /opt/airflow/dags/ecommerce_pipeline.py
[2026-04-22T06:03:52.043+0000] {logging_mixin.py:188} INFO - [2026-04-22T06:03:52.042+0000] {dag.py:3036} INFO - Sync 1 DAGs
[2026-04-22T06:03:52.111+0000] {logging_mixin.py:188} INFO - [2026-04-22T06:03:52.111+0000] {dag.py:3823} INFO - Setting next_dagrun for ecommerce_analytics_pipeline to 2026-04-21 00:00:00+00:00, run_after=2026-04-22 00:00:00+00:00
[2026-04-22T06:03:52.174+0000] {processor.py:183} INFO - Processing /opt/airflow/dags/ecommerce_pipeline.py took 0.298 seconds
[2026-04-22T06:04:22.796+0000] {processor.py:161} INFO - Started process (PID=623) to work on /opt/airflow/dags/ecommerce_pipeline.py
[2026-04-22T06:04:22.800+0000] {processor.py:830} INFO - Processing file /opt/airflow/dags/ecommerce_pipeline.py for tasks to queue
[2026-04-22T06:04:22.804+0000] {logging_mixin.py:188} INFO - [2026-04-22T06:04:22.802+0000] {dagbag.py:538} INFO - Filling up the DagBag from /opt/airflow/dags/ecommerce_pipeline.py
[2026-04-22T06:04:22.894+0000] {processor.py:840} INFO - DAG(s) 'ecommerce_analytics_pipeline' retrieved from /opt/airflow/dags/ecommerce_pipeline.py
[2026-04-22T06:04:22.982+0000] {logging_mixin.py:188} INFO - [2026-04-22T06:04:22.982+0000] {dag.py:3036} INFO - Sync 1 DAGs
[2026-04-22T06:04:23.039+0000] {logging_mixin.py:188} INFO - [2026-04-22T06:04:23.039+0000] {dag.py:3823} INFO - Setting next_dagrun for ecommerce_analytics_pipeline to 2026-04-21 00:00:00+00:00, run_after=2026-04-22 00:00:00+00:00
[2026-04-22T06:04:23.092+0000] {processor.py:183} INFO - Processing /opt/airflow/dags/ecommerce_pipeline.py took 0.311 seconds
[2026-04-22T06:04:53.481+0000] {processor.py:161} INFO - Started process (PID=628) to work on /opt/airflow/dags/ecommerce_pipeline.py
[2026-04-22T06:04:53.486+0000] {processor.py:830} INFO - Processing file /opt/airflow/dags/ecommerce_pipeline.py for tasks to queue
[2026-04-22T06:04:53.489+0000] {logging_mixin.py:188} INFO - [2026-04-22T06:04:53.488+0000] {dagbag.py:538} INFO - Filling up the DagBag from /opt/airflow/dags/ecommerce_pipeline.py
[2026-04-22T06:04:53.590+0000] {processor.py:840} INFO - DAG(s) 'ecommerce_analytics_pipeline' retrieved from /opt/airflow/dags/ecommerce_pipeline.py
[2026-04-22T06:04:53.678+0000] {logging_mixin.py:188} INFO - [2026-04-22T06:04:53.677+0000] {dag.py:3036} INFO - Sync 1 DAGs
[2026-04-22T06:04:53.736+0000] {logging_mixin.py:188} INFO - [2026-04-22T06:04:53.736+0000] {dag.py:3823} INFO - Setting next_dagrun for ecommerce_analytics_pipeline to 2026-04-21 00:00:00+00:00, run_after=2026-04-22 00:00:00+00:00
[2026-04-22T06:04:53.800+0000] {processor.py:183} INFO - Processing /opt/airflow/dags/ecommerce_pipeline.py took 0.336 seconds
[2026-04-22T06:05:24.228+0000] {processor.py:161} INFO - Started process (PID=633) to work on /opt/airflow/dags/ecommerce_pipeline.py
[2026-04-22T06:05:24.231+0000] {processor.py:830} INFO - Processing file /opt/airflow/dags/ecommerce_pipeline.py for tasks to queue
[2026-04-22T06:05:24.237+0000] {logging_mixin.py:188} INFO - [2026-04-22T06:05:24.234+0000] {dagbag.py:538} INFO - Filling up the DagBag from /opt/airflow/dags/ecommerce_pipeline.py
[2026-04-22T06:05:24.313+0000] {processor.py:840} INFO - DAG(s) 'ecommerce_analytics_pipeline' retrieved from /opt/airflow/dags/ecommerce_pipeline.py
[2026-04-22T06:05:24.400+0000] {logging_mixin.py:188} INFO - [2026-04-22T06:05:24.399+0000] {dag.py:3036} INFO - Sync 1 DAGs
[2026-04-22T06:05:24.460+0000] {logging_mixin.py:188} INFO - [2026-04-22T06:05:24.460+0000] {dag.py:3823} INFO - Setting next_dagrun for ecommerce_analytics_pipeline to 2026-04-21 00:00:00+00:00, run_after=2026-04-22 00:00:00+00:00
[2026-04-22T06:05:24.508+0000] {processor.py:183} INFO - Processing /opt/airflow/dags/ecommerce_pipeline.py took 0.291 seconds
[2026-04-22T06:05:55.134+0000] {processor.py:161} INFO - Started process (PID=638) to work on /opt/airflow/dags/ecommerce_pipeline.py
[2026-04-22T06:05:55.141+0000] {processor.py:830} INFO - Processing file /opt/airflow/dags/ecommerce_pipeline.py for tasks to queue
[2026-04-22T06:05:55.150+0000] {logging_mixin.py:188} INFO - [2026-04-22T06:05:55.148+0000] {dagbag.py:538} INFO - Filling up the DagBag from /opt/airflow/dags/ecommerce_pipeline.py
[2026-04-22T06:05:55.264+0000] {processor.py:840} INFO - DAG(s) 'ecommerce_analytics_pipeline' retrieved from /opt/airflow/dags/ecommerce_pipeline.py
[2026-04-22T06:05:55.385+0000] {logging_mixin.py:188} INFO - [2026-04-22T06:05:55.384+0000] {dag.py:3036} INFO - Sync 1 DAGs
[2026-04-22T06:05:55.445+0000] {logging_mixin.py:188} INFO - [2026-04-22T06:05:55.444+0000] {dag.py:3823} INFO - Setting next_dagrun for ecommerce_analytics_pipeline to 2026-04-21 00:00:00+00:00, run_after=2026-04-22 00:00:00+00:00
[2026-04-22T06:05:55.485+0000] {processor.py:183} INFO - Processing /opt/airflow/dags/ecommerce_pipeline.py took 0.380 seconds
[2026-04-22T06:06:25.827+0000] {processor.py:161} INFO - Started process (PID=643) to work on /opt/airflow/dags/ecommerce_pipeline.py
[2026-04-22T06:06:25.835+0000] {processor.py:830} INFO - Processing file /opt/airflow/dags/ecommerce_pipeline.py for tasks to queue
[2026-04-22T06:06:25.843+0000] {logging_mixin.py:188} INFO - [2026-04-22T06:06:25.841+0000] {dagbag.py:538} INFO - Filling up the DagBag from /opt/airflow/dags/ecommerce_pipeline.py
[2026-04-22T06:06:25.980+0000] {processor.py:840} INFO - DAG(s) 'ecommerce_analytics_pipeline' retrieved from /opt/airflow/dags/ecommerce_pipeline.py
[2026-04-22T06:06:26.124+0000] {logging_mixin.py:188} INFO - [2026-04-22T06:06:26.123+0000] {dag.py:3036} INFO - Sync 1 DAGs
[2026-04-22T06:06:26.201+0000] {logging_mixin.py:188} INFO - [2026-04-22T06:06:26.201+0000] {dag.py:3823} INFO - Setting next_dagrun for ecommerce_analytics_pipeline to 2026-04-21 00:00:00+00:00, run_after=2026-04-22 00:00:00+00:00
[2026-04-22T06:06:26.247+0000] {processor.py:183} INFO - Processing /opt/airflow/dags/ecommerce_pipeline.py took 0.449 seconds
[2026-04-22T06:06:56.719+0000] {processor.py:161} INFO - Started process (PID=648) to work on /opt/airflow/dags/ecommerce_pipeline.py
[2026-04-22T06:06:56.723+0000] {processor.py:830} INFO - Processing file /opt/airflow/dags/ecommerce_pipeline.py for tasks to queue
[2026-04-22T06:06:56.726+0000] {logging_mixin.py:188} INFO - [2026-04-22T06:06:56.725+0000] {dagbag.py:538} INFO - Filling up the DagBag from /opt/airflow/dags/ecommerce_pipeline.py
[2026-04-22T06:06:56.827+0000] {processor.py:840} INFO - DAG(s) 'ecommerce_analytics_pipeline' retrieved from /opt/airflow/dags/ecommerce_pipeline.py
[2026-04-22T06:06:56.936+0000] {logging_mixin.py:188} INFO - [2026-04-22T06:06:56.936+0000] {dag.py:3036} INFO - Sync 1 DAGs
[2026-04-22T06:06:56.997+0000] {logging_mixin.py:188} INFO - [2026-04-22T06:06:56.996+0000] {dag.py:3823} INFO - Setting next_dagrun for ecommerce_analytics_pipeline to 2026-04-21 00:00:00+00:00, run_after=2026-04-22 00:00:00+00:00
[2026-04-22T06:06:57.060+0000] {processor.py:183} INFO - Processing /opt/airflow/dags/ecommerce_pipeline.py took 0.354 seconds
[2026-04-22T06:07:27.594+0000] {processor.py:161} INFO - Started process (PID=653) to work on /opt/airflow/dags/ecommerce_pipeline.py
[2026-04-22T06:07:27.597+0000] {processor.py:830} INFO - Processing file /opt/airflow/dags/ecommerce_pipeline.py for tasks to queue
[2026-04-22T06:07:27.600+0000] {logging_mixin.py:188} INFO - [2026-04-22T06:07:27.599+0000] {dagbag.py:538} INFO - Filling up the DagBag from /opt/airflow/dags/ecommerce_pipeline.py
[2026-04-22T06:07:27.663+0000] {processor.py:840} INFO - DAG(s) 'ecommerce_analytics_pipeline' retrieved from /opt/airflow/dags/ecommerce_pipeline.py
[2026-04-22T06:07:27.739+0000] {logging_mixin.py:188} INFO - [2026-04-22T06:07:27.739+0000] {dag.py:3036} INFO - Sync 1 DAGs
[2026-04-22T06:07:27.799+0000] {logging_mixin.py:188} INFO - [2026-04-22T06:07:27.799+0000] {dag.py:3823} INFO - Setting next_dagrun for ecommerce_analytics_pipeline to 2026-04-21 00:00:00+00:00, run_after=2026-04-22 00:00:00+00:00
[2026-04-22T06:07:27.851+0000] {processor.py:183} INFO - Processing /opt/airflow/dags/ecommerce_pipeline.py took 0.267 seconds
[2026-04-22T06:07:58.303+0000] {processor.py:161} INFO - Started process (PID=658) to work on /opt/airflow/dags/ecommerce_pipeline.py
[2026-04-22T06:07:58.310+0000] {processor.py:830} INFO - Processing file /opt/airflow/dags/ecommerce_pipeline.py for tasks to queue
[2026-04-22T06:07:58.318+0000] {logging_mixin.py:188} INFO - [2026-04-22T06:07:58.316+0000] {dagbag.py:538} INFO - Filling up the DagBag from /opt/airflow/dags/ecommerce_pipeline.py
[2026-04-22T06:07:58.513+0000] {processor.py:840} INFO - DAG(s) 'ecommerce_analytics_pipeline' retrieved from /opt/airflow/dags/ecommerce_pipeline.py
[2026-04-22T06:07:58.641+0000] {logging_mixin.py:188} INFO - [2026-04-22T06:07:58.641+0000] {dag.py:3036} INFO - Sync 1 DAGs
[2026-04-22T06:07:58.708+0000] {logging_mixin.py:188} INFO - [2026-04-22T06:07:58.707+0000] {dag.py:3823} INFO - Setting next_dagrun for ecommerce_analytics_pipeline to 2026-04-21 00:00:00+00:00, run_after=2026-04-22 00:00:00+00:00
[2026-04-22T06:07:58.767+0000] {processor.py:183} INFO - Processing /opt/airflow/dags/ecommerce_pipeline.py took 0.487 seconds
[2026-04-22T06:08:29.185+0000] {processor.py:161} INFO - Started process (PID=663) to work on /opt/airflow/dags/ecommerce_pipeline.py
[2026-04-22T06:08:29.194+0000] {processor.py:830} INFO - Processing file /opt/airflow/dags/ecommerce_pipeline.py for tasks to queue
[2026-04-22T06:08:29.201+0000] {logging_mixin.py:188} INFO - [2026-04-22T06:08:29.199+0000] {dagbag.py:538} INFO - Filling up the DagBag from /opt/airflow/dags/ecommerce_pipeline.py
[2026-04-22T06:08:29.368+0000] {processor.py:840} INFO - DAG(s) 'ecommerce_analytics_pipeline' retrieved from /opt/airflow/dags/ecommerce_pipeline.py
[2026-04-22T06:08:29.459+0000] {logging_mixin.py:188} INFO - [2026-04-22T06:08:29.458+0000] {dag.py:3036} INFO - Sync 1 DAGs
[2026-04-22T06:08:29.528+0000] {logging_mixin.py:188} INFO - [2026-04-22T06:08:29.528+0000] {dag.py:3823} INFO - Setting next_dagrun for ecommerce_analytics_pipeline to 2026-04-21 00:00:00+00:00, run_after=2026-04-22 00:00:00+00:00
[2026-04-22T06:08:29.593+0000] {processor.py:183} INFO - Processing /opt/airflow/dags/ecommerce_pipeline.py took 0.430 seconds
[2026-04-22T06:09:00.121+0000] {processor.py:161} INFO - Started process (PID=668) to work on /opt/airflow/dags/ecommerce_pipeline.py
[2026-04-22T06:09:00.126+0000] {processor.py:830} INFO - Processing file /opt/airflow/dags/ecommerce_pipeline.py for tasks to queue
[2026-04-22T06:09:00.130+0000] {logging_mixin.py:188} INFO - [2026-04-22T06:09:00.129+0000] {dagbag.py:538} INFO - Filling up the DagBag from /opt/airflow/dags/ecommerce_pipeline.py
[2026-04-22T06:09:00.230+0000] {processor.py:840} INFO - DAG(s) 'ecommerce_analytics_pipeline' retrieved from /opt/airflow/dags/ecommerce_pipeline.py
[2026-04-22T06:09:00.345+0000] {logging_mixin.py:188} INFO - [2026-04-22T06:09:00.344+0000] {dag.py:3036} INFO - Sync 1 DAGs
[2026-04-22T06:09:00.407+0000] {logging_mixin.py:188} INFO - [2026-04-22T06:09:00.406+0000] {dag.py:3823} INFO - Setting next_dagrun for ecommerce_analytics_pipeline to 2026-04-21 00:00:00+00:00, run_after=2026-04-22 00:00:00+00:00
[2026-04-22T06:09:00.457+0000] {processor.py:183} INFO - Processing /opt/airflow/dags/ecommerce_pipeline.py took 0.350 seconds
[2026-04-22T06:09:30.979+0000] {processor.py:161} INFO - Started process (PID=673) to work on /opt/airflow/dags/ecommerce_pipeline.py
[2026-04-22T06:09:30.987+0000] {processor.py:830} INFO - Processing file /opt/airflow/dags/ecommerce_pipeline.py for tasks to queue
[2026-04-22T06:09:30.994+0000] {logging_mixin.py:188} INFO - [2026-04-22T06:09:30.992+0000] {dagbag.py:538} INFO - Filling up the DagBag from /opt/airflow/dags/ecommerce_pipeline.py
[2026-04-22T06:09:31.183+0000] {processor.py:840} INFO - DAG(s) 'ecommerce_analytics_pipeline' retrieved from /opt/airflow/dags/ecommerce_pipeline.py
[2026-04-22T06:09:31.373+0000] {logging_mixin.py:188} INFO - [2026-04-22T06:09:31.372+0000] {dag.py:3036} INFO - Sync 1 DAGs
[2026-04-22T06:09:31.438+0000] {logging_mixin.py:188} INFO - [2026-04-22T06:09:31.436+0000] {dag.py:3823} INFO - Setting next_dagrun for ecommerce_analytics_pipeline to 2026-04-21 00:00:00+00:00, run_after=2026-04-22 00:00:00+00:00
[2026-04-22T06:09:31.501+0000] {processor.py:183} INFO - Processing /opt/airflow/dags/ecommerce_pipeline.py took 0.545 seconds
[2026-04-22T06:10:01.808+0000] {processor.py:161} INFO - Started process (PID=678) to work on /opt/airflow/dags/ecommerce_pipeline.py
[2026-04-22T06:10:01.816+0000] {processor.py:830} INFO - Processing file /opt/airflow/dags/ecommerce_pipeline.py for tasks to queue
[2026-04-22T06:10:01.823+0000] {logging_mixin.py:188} INFO - [2026-04-22T06:10:01.821+0000] {dagbag.py:538} INFO - Filling up the DagBag from /opt/airflow/dags/ecommerce_pipeline.py
[2026-04-22T06:10:02.014+0000] {processor.py:840} INFO - DAG(s) 'ecommerce_analytics_pipeline' retrieved from /opt/airflow/dags/ecommerce_pipeline.py
[2026-04-22T06:10:02.218+0000] {logging_mixin.py:188} INFO - [2026-04-22T06:10:02.217+0000] {dag.py:3036} INFO - Sync 1 DAGs
[2026-04-22T06:10:02.313+0000] {logging_mixin.py:188} INFO - [2026-04-22T06:10:02.312+0000] {dag.py:3823} INFO - Setting next_dagrun for ecommerce_analytics_pipeline to 2026-04-21 00:00:00+00:00, run_after=2026-04-22 00:00:00+00:00
[2026-04-22T06:10:02.398+0000] {processor.py:183} INFO - Processing /opt/airflow/dags/ecommerce_pipeline.py took 0.609 seconds
[2026-04-22T06:10:32.856+0000] {processor.py:161} INFO - Started process (PID=683) to work on /opt/airflow/dags/ecommerce_pipeline.py
[2026-04-22T06:10:32.862+0000] {processor.py:830} INFO - Processing file /opt/airflow/dags/ecommerce_pipeline.py for tasks to queue
[2026-04-22T06:10:32.869+0000] {logging_mixin.py:188} INFO - [2026-04-22T06:10:32.868+0000] {dagbag.py:538} INFO - Filling up the DagBag from /opt/airflow/dags/ecommerce_pipeline.py
[2026-04-22T06:10:33.028+0000] {processor.py:840} INFO - DAG(s) 'ecommerce_analytics_pipeline' retrieved from /opt/airflow/dags/ecommerce_pipeline.py
[2026-04-22T06:10:33.091+0000] {logging_mixin.py:188} INFO - [2026-04-22T06:10:33.090+0000] {dag.py:3036} INFO - Sync 1 DAGs
[2026-04-22T06:10:33.143+0000] {logging_mixin.py:188} INFO - [2026-04-22T06:10:33.142+0000] {dag.py:3823} INFO - Setting next_dagrun for ecommerce_analytics_pipeline to 2026-04-21 00:00:00+00:00, run_after=2026-04-22 00:00:00+00:00
[2026-04-22T06:10:33.206+0000] {processor.py:183} INFO - Processing /opt/airflow/dags/ecommerce_pipeline.py took 0.374 seconds
[2026-04-22T06:11:03.771+0000] {processor.py:161} INFO - Started process (PID=688) to work on /opt/airflow/dags/ecommerce_pipeline.py
[2026-04-22T06:11:03.780+0000] {processor.py:830} INFO - Processing file /opt/airflow/dags/ecommerce_pipeline.py for tasks to queue
[2026-04-22T06:11:03.787+0000] {logging_mixin.py:188} INFO - [2026-04-22T06:11:03.785+0000] {dagbag.py:538} INFO - Filling up the DagBag from /opt/airflow/dags/ecommerce_pipeline.py
[2026-04-22T06:11:03.975+0000] {processor.py:840} INFO - DAG(s) 'ecommerce_analytics_pipeline' retrieved from /opt/airflow/dags/ecommerce_pipeline.py
[2026-04-22T06:11:04.106+0000] {logging_mixin.py:188} INFO - [2026-04-22T06:11:04.106+0000] {dag.py:3036} INFO - Sync 1 DAGs
[2026-04-22T06:11:04.180+0000] {logging_mixin.py:188} INFO - [2026-04-22T06:11:04.179+0000] {dag.py:3823} INFO - Setting next_dagrun for ecommerce_analytics_pipeline to 2026-04-21 00:00:00+00:00, run_after=2026-04-22 00:00:00+00:00
[2026-04-22T06:11:04.242+0000] {processor.py:183} INFO - Processing /opt/airflow/dags/ecommerce_pipeline.py took 0.492 seconds
[2026-04-22T06:11:34.607+0000] {processor.py:161} INFO - Started process (PID=693) to work on /opt/airflow/dags/ecommerce_pipeline.py
[2026-04-22T06:11:34.616+0000] {processor.py:830} INFO - Processing file /opt/airflow/dags/ecommerce_pipeline.py for tasks to queue
[2026-04-22T06:11:34.623+0000] {logging_mixin.py:188} INFO - [2026-04-22T06:11:34.621+0000] {dagbag.py:538} INFO - Filling up the DagBag from /opt/airflow/dags/ecommerce_pipeline.py
[2026-04-22T06:11:34.785+0000] {processor.py:840} INFO - DAG(s) 'ecommerce_analytics_pipeline' retrieved from /opt/airflow/dags/ecommerce_pipeline.py
[2026-04-22T06:11:34.862+0000] {logging_mixin.py:188} INFO - [2026-04-22T06:11:34.861+0000] {dag.py:3036} INFO - Sync 1 DAGs
[2026-04-22T06:11:34.908+0000] {logging_mixin.py:188} INFO - [2026-04-22T06:11:34.907+0000] {dag.py:3823} INFO - Setting next_dagrun for ecommerce_analytics_pipeline to 2026-04-21 00:00:00+00:00, run_after=2026-04-22 00:00:00+00:00
[2026-04-22T06:11:34.966+0000] {processor.py:183} INFO - Processing /opt/airflow/dags/ecommerce_pipeline.py took 0.386 seconds
[2026-04-22T06:12:05.645+0000] {processor.py:161} INFO - Started process (PID=698) to work on /opt/airflow/dags/ecommerce_pipeline.py
[2026-04-22T06:12:05.648+0000] {processor.py:830} INFO - Processing file /opt/airflow/dags/ecommerce_pipeline.py for tasks to queue
[2026-04-22T06:12:05.650+0000] {logging_mixin.py:188} INFO - [2026-04-22T06:12:05.650+0000] {dagbag.py:538} INFO - Filling up the DagBag from /opt/airflow/dags/ecommerce_pipeline.py
[2026-04-22T06:12:05.714+0000] {processor.py:840} INFO - DAG(s) 'ecommerce_analytics_pipeline' retrieved from /opt/airflow/dags/ecommerce_pipeline.py
[2026-04-22T06:12:05.775+0000] {logging_mixin.py:188} INFO - [2026-04-22T06:12:05.774+0000] {dag.py:3036} INFO - Sync 1 DAGs
[2026-04-22T06:12:05.820+0000] {logging_mixin.py:188} INFO - [2026-04-22T06:12:05.820+0000] {dag.py:3823} INFO - Setting next_dagrun for ecommerce_analytics_pipeline to 2026-04-21 00:00:00+00:00, run_after=2026-04-22 00:00:00+00:00
[2026-04-22T06:12:05.871+0000] {processor.py:183} INFO - Processing /opt/airflow/dags/ecommerce_pipeline.py took 0.233 seconds
[2026-04-22T06:12:36.413+0000] {processor.py:161} INFO - Started process (PID=703) to work on /opt/airflow/dags/ecommerce_pipeline.py
[2026-04-22T06:12:36.423+0000] {processor.py:830} INFO - Processing file /opt/airflow/dags/ecommerce_pipeline.py for tasks to queue
[2026-04-22T06:12:36.431+0000] {logging_mixin.py:188} INFO - [2026-04-22T06:12:36.429+0000] {dagbag.py:538} INFO - Filling up the DagBag from /opt/airflow/dags/ecommerce_pipeline.py
[2026-04-22T06:12:36.636+0000] {processor.py:840} INFO - DAG(s) 'ecommerce_analytics_pipeline' retrieved from /opt/airflow/dags/ecommerce_pipeline.py
[2026-04-22T06:12:36.835+0000] {logging_mixin.py:188} INFO - [2026-04-22T06:12:36.835+0000] {dag.py:3036} INFO - Sync 1 DAGs
[2026-04-22T06:12:36.890+0000] {logging_mixin.py:188} INFO - [2026-04-22T06:12:36.889+0000] {dag.py:3823} INFO - Setting next_dagrun for ecommerce_analytics_pipeline to 2026-04-21 00:00:00+00:00, run_after=2026-04-22 00:00:00+00:00
[2026-04-22T06:12:36.942+0000] {processor.py:183} INFO - Processing /opt/airflow/dags/ecommerce_pipeline.py took 0.567 seconds
[2026-04-22T06:13:07.182+0000] {processor.py:161} INFO - Started process (PID=708) to work on /opt/airflow/dags/ecommerce_pipeline.py
[2026-04-22T06:13:07.187+0000] {processor.py:830} INFO - Processing file /opt/airflow/dags/ecommerce_pipeline.py for tasks to queue
[2026-04-22T06:13:07.191+0000] {logging_mixin.py:188} INFO - [2026-04-22T06:13:07.191+0000] {dagbag.py:538} INFO - Filling up the DagBag from /opt/airflow/dags/ecommerce_pipeline.py
[2026-04-22T06:13:07.270+0000] {processor.py:840} INFO - DAG(s) 'ecommerce_analytics_pipeline' retrieved from /opt/airflow/dags/ecommerce_pipeline.py
[2026-04-22T06:13:07.376+0000] {logging_mixin.py:188} INFO - [2026-04-22T06:13:07.375+0000] {dag.py:3036} INFO - Sync 1 DAGs
[2026-04-22T06:13:07.456+0000] {logging_mixin.py:188} INFO - [2026-04-22T06:13:07.456+0000] {dag.py:3823} INFO - Setting next_dagrun for ecommerce_analytics_pipeline to 2026-04-21 00:00:00+00:00, run_after=2026-04-22 00:00:00+00:00
[2026-04-22T06:13:07.536+0000] {processor.py:183} INFO - Processing /opt/airflow/dags/ecommerce_pipeline.py took 0.362 seconds
[2026-04-22T06:13:38.033+0000] {processor.py:161} INFO - Started process (PID=713) to work on /opt/airflow/dags/ecommerce_pipeline.py
[2026-04-22T06:13:38.035+0000] {processor.py:830} INFO - Processing file /opt/airflow/dags/ecommerce_pipeline.py for tasks to queue
[2026-04-22T06:13:38.039+0000] {logging_mixin.py:188} INFO - [2026-04-22T06:13:38.038+0000] {dagbag.py:538} INFO - Filling up the DagBag from /opt/airflow/dags/ecommerce_pipeline.py
[2026-04-22T06:13:38.090+0000] {processor.py:840} INFO - DAG(s) 'ecommerce_analytics_pipeline' retrieved from /opt/airflow/dags/ecommerce_pipeline.py
[2026-04-22T06:13:38.146+0000] {logging_mixin.py:188} INFO - [2026-04-22T06:13:38.145+0000] {dag.py:3036} INFO - Sync 1 DAGs
[2026-04-22T06:13:38.190+0000] {logging_mixin.py:188} INFO - [2026-04-22T06:13:38.189+0000] {dag.py:3823} INFO - Setting next_dagrun for ecommerce_analytics_pipeline to 2026-04-21 00:00:00+00:00, run_after=2026-04-22 00:00:00+00:00
[2026-04-22T06:13:38.234+0000] {processor.py:183} INFO - Processing /opt/airflow/dags/ecommerce_pipeline.py took 0.206 seconds
[2026-04-22T06:14:08.411+0000] {processor.py:161} INFO - Started process (PID=718) to work on /opt/airflow/dags/ecommerce_pipeline.py
[2026-04-22T06:14:08.414+0000] {processor.py:830} INFO - Processing file /opt/airflow/dags/ecommerce_pipeline.py for tasks to queue
[2026-04-22T06:14:08.416+0000] {logging_mixin.py:188} INFO - [2026-04-22T06:14:08.415+0000] {dagbag.py:538} INFO - Filling up the DagBag from /opt/airflow/dags/ecommerce_pipeline.py
[2026-04-22T06:14:08.467+0000] {processor.py:840} INFO - DAG(s) 'ecommerce_analytics_pipeline' retrieved from /opt/airflow/dags/ecommerce_pipeline.py
[2026-04-22T06:14:08.527+0000] {logging_mixin.py:188} INFO - [2026-04-22T06:14:08.526+0000] {dag.py:3036} INFO - Sync 1 DAGs
[2026-04-22T06:14:08.570+0000] {logging_mixin.py:188} INFO - [2026-04-22T06:14:08.569+0000] {dag.py:3823} INFO - Setting next_dagrun for ecommerce_analytics_pipeline to 2026-04-21 00:00:00+00:00, run_after=2026-04-22 00:00:00+00:00
[2026-04-22T06:14:08.607+0000] {processor.py:183} INFO - Processing /opt/airflow/dags/ecommerce_pipeline.py took 0.201 seconds
[2026-04-22T06:14:38.900+0000] {processor.py:161} INFO - Started process (PID=723) to work on /opt/airflow/dags/ecommerce_pipeline.py
[2026-04-22T06:14:38.903+0000] {processor.py:830} INFO - Processing file /opt/airflow/dags/ecommerce_pipeline.py for tasks to queue
[2026-04-22T06:14:38.905+0000] {logging_mixin.py:188} INFO - [2026-04-22T06:14:38.904+0000] {dagbag.py:538} INFO - Filling up the DagBag from /opt/airflow/dags/ecommerce_pipeline.py
[2026-04-22T06:14:38.966+0000] {processor.py:840} INFO - DAG(s) 'ecommerce_analytics_pipeline' retrieved from /opt/airflow/dags/ecommerce_pipeline.py
[2026-04-22T06:14:39.034+0000] {logging_mixin.py:188} INFO - [2026-04-22T06:14:39.033+0000] {dag.py:3036} INFO - Sync 1 DAGs
[2026-04-22T06:14:39.079+0000] {logging_mixin.py:188} INFO - [2026-04-22T06:14:39.079+0000] {dag.py:3823} INFO - Setting next_dagrun for ecommerce_analytics_pipeline to 2026-04-21 00:00:00+00:00, run_after=2026-04-22 00:00:00+00:00
[2026-04-22T06:14:39.118+0000] {processor.py:183} INFO - Processing /opt/airflow/dags/ecommerce_pipeline.py took 0.226 seconds
[2026-04-22T06:15:09.351+0000] {processor.py:161} INFO - Started process (PID=728) to work on /opt/airflow/dags/ecommerce_pipeline.py
[2026-04-22T06:15:09.354+0000] {processor.py:830} INFO - Processing file /opt/airflow/dags/ecommerce_pipeline.py for tasks to queue
[2026-04-22T06:15:09.356+0000] {logging_mixin.py:188} INFO - [2026-04-22T06:15:09.356+0000] {dagbag.py:538} INFO - Filling up the DagBag from /opt/airflow/dags/ecommerce_pipeline.py
[2026-04-22T06:15:09.421+0000] {processor.py:840} INFO - DAG(s) 'ecommerce_analytics_pipeline' retrieved from /opt/airflow/dags/ecommerce_pipeline.py
[2026-04-22T06:15:09.486+0000] {logging_mixin.py:188} INFO - [2026-04-22T06:15:09.486+0000] {dag.py:3036} INFO - Sync 1 DAGs
[2026-04-22T06:15:09.530+0000] {logging_mixin.py:188} INFO - [2026-04-22T06:15:09.530+0000] {dag.py:3823} INFO - Setting next_dagrun for ecommerce_analytics_pipeline to 2026-04-21 00:00:00+00:00, run_after=2026-04-22 00:00:00+00:00
[2026-04-22T06:15:09.581+0000] {processor.py:183} INFO - Processing /opt/airflow/dags/ecommerce_pipeline.py took 0.238 seconds
[2026-04-22T06:15:39.855+0000] {processor.py:161} INFO - Started process (PID=733) to work on /opt/airflow/dags/ecommerce_pipeline.py
[2026-04-22T06:15:39.857+0000] {processor.py:830} INFO - Processing file /opt/airflow/dags/ecommerce_pipeline.py for tasks to queue
[2026-04-22T06:15:39.859+0000] {logging_mixin.py:188} INFO - [2026-04-22T06:15:39.859+0000] {dagbag.py:538} INFO - Filling up the DagBag from /opt/airflow/dags/ecommerce_pipeline.py
[2026-04-22T06:15:39.946+0000] {processor.py:840} INFO - DAG(s) 'ecommerce_analytics_pipeline' retrieved from /opt/airflow/dags/ecommerce_pipeline.py
[2026-04-22T06:15:40.054+0000] {logging_mixin.py:188} INFO - [2026-04-22T06:15:40.053+0000] {dag.py:3036} INFO - Sync 1 DAGs
[2026-04-22T06:15:40.127+0000] {logging_mixin.py:188} INFO - [2026-04-22T06:15:40.126+0000] {dag.py:3823} INFO - Setting next_dagrun for ecommerce_analytics_pipeline to 2026-04-21 00:00:00+00:00, run_after=2026-04-22 00:00:00+00:00
[2026-04-22T06:15:40.201+0000] {processor.py:183} INFO - Processing /opt/airflow/dags/ecommerce_pipeline.py took 0.354 seconds
[2026-04-22T06:16:10.678+0000] {processor.py:161} INFO - Started process (PID=738) to work on /opt/airflow/dags/ecommerce_pipeline.py
[2026-04-22T06:16:10.682+0000] {processor.py:830} INFO - Processing file /opt/airflow/dags/ecommerce_pipeline.py for tasks to queue
[2026-04-22T06:16:10.685+0000] {logging_mixin.py:188} INFO - [2026-04-22T06:16:10.684+0000] {dagbag.py:538} INFO - Filling up the DagBag from /opt/airflow/dags/ecommerce_pipeline.py
[2026-04-22T06:16:10.759+0000] {processor.py:840} INFO - DAG(s) 'ecommerce_analytics_pipeline' retrieved from /opt/airflow/dags/ecommerce_pipeline.py
[2026-04-22T06:16:10.810+0000] {logging_mixin.py:188} INFO - [2026-04-22T06:16:10.810+0000] {dag.py:3036} INFO - Sync 1 DAGs
[2026-04-22T06:16:10.854+0000] {logging_mixin.py:188} INFO - [2026-04-22T06:16:10.853+0000] {dag.py:3823} INFO - Setting next_dagrun for ecommerce_analytics_pipeline to 2026-04-21 00:00:00+00:00, run_after=2026-04-22 00:00:00+00:00
[2026-04-22T06:16:10.895+0000] {processor.py:183} INFO - Processing /opt/airflow/dags/ecommerce_pipeline.py took 0.228 seconds
[2026-04-22T06:16:41.038+0000] {processor.py:161} INFO - Started process (PID=743) to work on /opt/airflow/dags/ecommerce_pipeline.py
[2026-04-22T06:16:41.041+0000] {processor.py:830} INFO - Processing file /opt/airflow/dags/ecommerce_pipeline.py for tasks to queue
[2026-04-22T06:16:41.044+0000] {logging_mixin.py:188} INFO - [2026-04-22T06:16:41.043+0000] {dagbag.py:538} INFO - Filling up the DagBag from /opt/airflow/dags/ecommerce_pipeline.py
[2026-04-22T06:16:41.100+0000] {processor.py:840} INFO - DAG(s) 'ecommerce_analytics_pipeline' retrieved from /opt/airflow/dags/ecommerce_pipeline.py
[2026-04-22T06:16:41.168+0000] {logging_mixin.py:188} INFO - [2026-04-22T06:16:41.167+0000] {dag.py:3036} INFO - Sync 1 DAGs
[2026-04-22T06:16:41.217+0000] {logging_mixin.py:188} INFO - [2026-04-22T06:16:41.217+0000] {dag.py:3823} INFO - Setting next_dagrun for ecommerce_analytics_pipeline to 2026-04-21 00:00:00+00:00, run_after=2026-04-22 00:00:00+00:00
[2026-04-22T06:16:41.264+0000] {processor.py:183} INFO - Processing /opt/airflow/dags/ecommerce_pipeline.py took 0.234 seconds
[2026-04-22T06:17:11.402+0000] {processor.py:161} INFO - Started process (PID=748) to work on /opt/airflow/dags/ecommerce_pipeline.py
[2026-04-22T06:17:11.404+0000] {processor.py:830} INFO - Processing file /opt/airflow/dags/ecommerce_pipeline.py for tasks to queue
[2026-04-22T06:17:11.406+0000] {logging_mixin.py:188} INFO - [2026-04-22T06:17:11.406+0000] {dagbag.py:538} INFO - Filling up the DagBag from /opt/airflow/dags/ecommerce_pipeline.py
[2026-04-22T06:17:11.456+0000] {processor.py:840} INFO - DAG(s) 'ecommerce_analytics_pipeline' retrieved from /opt/airflow/dags/ecommerce_pipeline.py
[2026-04-22T06:17:11.629+0000] {logging_mixin.py:188} INFO - [2026-04-22T06:17:11.628+0000] {dag.py:3036} INFO - Sync 1 DAGs
[2026-04-22T06:17:11.746+0000] {logging_mixin.py:188} INFO - [2026-04-22T06:17:11.745+0000] {dag.py:3823} INFO - Setting next_dagrun for ecommerce_analytics_pipeline to 2026-04-21 00:00:00+00:00, run_after=2026-04-22 00:00:00+00:00
[2026-04-22T06:17:11.775+0000] {processor.py:183} INFO - Processing /opt/airflow/dags/ecommerce_pipeline.py took 0.377 seconds
[2026-04-22T06:17:41.901+0000] {processor.py:161} INFO - Started process (PID=753) to work on /opt/airflow/dags/ecommerce_pipeline.py
[2026-04-22T06:17:41.903+0000] {processor.py:830} INFO - Processing file /opt/airflow/dags/ecommerce_pipeline.py for tasks to queue
[2026-04-22T06:17:41.905+0000] {logging_mixin.py:188} INFO - [2026-04-22T06:17:41.904+0000] {dagbag.py:538} INFO - Filling up the DagBag from /opt/airflow/dags/ecommerce_pipeline.py
[2026-04-22T06:17:41.949+0000] {processor.py:840} INFO - DAG(s) 'ecommerce_analytics_pipeline' retrieved from /opt/airflow/dags/ecommerce_pipeline.py
[2026-04-22T06:17:41.996+0000] {logging_mixin.py:188} INFO - [2026-04-22T06:17:41.996+0000] {dag.py:3036} INFO - Sync 1 DAGs
[2026-04-22T06:17:42.029+0000] {logging_mixin.py:188} INFO - [2026-04-22T06:17:42.029+0000] {dag.py:3823} INFO - Setting next_dagrun for ecommerce_analytics_pipeline to 2026-04-21 00:00:00+00:00, run_after=2026-04-22 00:00:00+00:00
[2026-04-22T06:17:42.060+0000] {processor.py:183} INFO - Processing /opt/airflow/dags/ecommerce_pipeline.py took 0.166 seconds
[2026-04-22T06:18:12.279+0000] {processor.py:161} INFO - Started process (PID=758) to work on /opt/airflow/dags/ecommerce_pipeline.py
[2026-04-22T06:18:12.281+0000] {processor.py:830} INFO - Processing file /opt/airflow/dags/ecommerce_pipeline.py for tasks to queue
[2026-04-22T06:18:12.283+0000] {logging_mixin.py:188} INFO - [2026-04-22T06:18:12.283+0000] {dagbag.py:538} INFO - Filling up the DagBag from /opt/airflow/dags/ecommerce_pipeline.py
[2026-04-22T06:18:12.327+0000] {processor.py:840} INFO - DAG(s) 'ecommerce_analytics_pipeline' retrieved from /opt/airflow/dags/ecommerce_pipeline.py
[2026-04-22T06:18:12.380+0000] {logging_mixin.py:188} INFO - [2026-04-22T06:18:12.380+0000] {dag.py:3036} INFO - Sync 1 DAGs
[2026-04-22T06:18:12.415+0000] {logging_mixin.py:188} INFO - [2026-04-22T06:18:12.415+0000] {dag.py:3823} INFO - Setting next_dagrun for ecommerce_analytics_pipeline to 2026-04-21 00:00:00+00:00, run_after=2026-04-22 00:00:00+00:00
[2026-04-22T06:18:12.454+0000] {processor.py:183} INFO - Processing /opt/airflow/dags/ecommerce_pipeline.py took 0.181 seconds
[2026-04-22T06:18:42.740+0000] {processor.py:161} INFO - Started process (PID=763) to work on /opt/airflow/dags/ecommerce_pipeline.py
[2026-04-22T06:18:42.742+0000] {processor.py:830} INFO - Processing file /opt/airflow/dags/ecommerce_pipeline.py for tasks to queue
[2026-04-22T06:18:42.744+0000] {logging_mixin.py:188} INFO - [2026-04-22T06:18:42.743+0000] {dagbag.py:538} INFO - Filling up the DagBag from /opt/airflow/dags/ecommerce_pipeline.py
[2026-04-22T06:18:42.794+0000] {processor.py:840} INFO - DAG(s) 'ecommerce_analytics_pipeline' retrieved from /opt/airflow/dags/ecommerce_pipeline.py
[2026-04-22T06:18:42.852+0000] {logging_mixin.py:188} INFO - [2026-04-22T06:18:42.852+0000] {dag.py:3036} INFO - Sync 1 DAGs
[2026-04-22T06:18:42.883+0000] {logging_mixin.py:188} INFO - [2026-04-22T06:18:42.882+0000] {dag.py:3823} INFO - Setting next_dagrun for ecommerce_analytics_pipeline to 2026-04-21 00:00:00+00:00, run_after=2026-04-22 00:00:00+00:00
[2026-04-22T06:18:42.909+0000] {processor.py:183} INFO - Processing /opt/airflow/dags/ecommerce_pipeline.py took 0.178 seconds
[2026-04-22T06:19:13.149+0000] {processor.py:161} INFO - Started process (PID=768) to work on /opt/airflow/dags/ecommerce_pipeline.py
[2026-04-22T06:19:13.151+0000] {processor.py:830} INFO - Processing file /opt/airflow/dags/ecommerce_pipeline.py for tasks to queue
[2026-04-22T06:19:13.153+0000] {logging_mixin.py:188} INFO - [2026-04-22T06:19:13.153+0000] {dagbag.py:538} INFO - Filling up the DagBag from /opt/airflow/dags/ecommerce_pipeline.py
[2026-04-22T06:19:13.199+0000] {processor.py:840} INFO - DAG(s) 'ecommerce_analytics_pipeline' retrieved from /opt/airflow/dags/ecommerce_pipeline.py
[2026-04-22T06:19:13.242+0000] {logging_mixin.py:188} INFO - [2026-04-22T06:19:13.242+0000] {dag.py:3036} INFO - Sync 1 DAGs
[2026-04-22T06:19:13.274+0000] {logging_mixin.py:188} INFO - [2026-04-22T06:19:13.274+0000] {dag.py:3823} INFO - Setting next_dagrun for ecommerce_analytics_pipeline to 2026-04-21 00:00:00+00:00, run_after=2026-04-22 00:00:00+00:00
[2026-04-22T06:19:13.307+0000] {processor.py:183} INFO - Processing /opt/airflow/dags/ecommerce_pipeline.py took 0.164 seconds
[2026-04-22T06:19:43.487+0000] {processor.py:161} INFO - Started process (PID=773) to work on /opt/airflow/dags/ecommerce_pipeline.py
[2026-04-22T06:19:43.488+0000] {processor.py:830} INFO - Processing file /opt/airflow/dags/ecommerce_pipeline.py for tasks to queue
[2026-04-22T06:19:43.490+0000] {logging_mixin.py:188} INFO - [2026-04-22T06:19:43.489+0000] {dagbag.py:538} INFO - Filling up the DagBag from /opt/airflow/dags/ecommerce_pipeline.py
[2026-04-22T06:19:43.525+0000] {processor.py:840} INFO - DAG(s) 'ecommerce_analytics_pipeline' retrieved from /opt/airflow/dags/ecommerce_pipeline.py
[2026-04-22T06:19:43.572+0000] {logging_mixin.py:188} INFO - [2026-04-22T06:19:43.571+0000] {dag.py:3036} INFO - Sync 1 DAGs
[2026-04-22T06:19:43.602+0000] {logging_mixin.py:188} INFO - [2026-04-22T06:19:43.602+0000] {dag.py:3823} INFO - Setting next_dagrun for ecommerce_analytics_pipeline to 2026-04-21 00:00:00+00:00, run_after=2026-04-22 00:00:00+00:00
[2026-04-22T06:19:43.627+0000] {processor.py:183} INFO - Processing /opt/airflow/dags/ecommerce_pipeline.py took 0.145 seconds
[2026-04-22T06:20:13.969+0000] {processor.py:161} INFO - Started process (PID=778) to work on /opt/airflow/dags/ecommerce_pipeline.py
[2026-04-22T06:20:13.971+0000] {processor.py:830} INFO - Processing file /opt/airflow/dags/ecommerce_pipeline.py for tasks to queue
[2026-04-22T06:20:13.973+0000] {logging_mixin.py:188} INFO - [2026-04-22T06:20:13.973+0000] {dagbag.py:538} INFO - Filling up the DagBag from /opt/airflow/dags/ecommerce_pipeline.py
[2026-04-22T06:20:14.009+0000] {processor.py:840} INFO - DAG(s) 'ecommerce_analytics_pipeline' retrieved from /opt/airflow/dags/ecommerce_pipeline.py
[2026-04-22T06:20:14.052+0000] {logging_mixin.py:188} INFO - [2026-04-22T06:20:14.051+0000] {dag.py:3036} INFO - Sync 1 DAGs
[2026-04-22T06:20:14.084+0000] {logging_mixin.py:188} INFO - [2026-04-22T06:20:14.084+0000] {dag.py:3823} INFO - Setting next_dagrun for ecommerce_analytics_pipeline to 2026-04-21 00:00:00+00:00, run_after=2026-04-22 00:00:00+00:00
[2026-04-22T06:20:14.115+0000] {processor.py:183} INFO - Processing /opt/airflow/dags/ecommerce_pipeline.py took 0.150 seconds
[2026-04-22T06:20:44.308+0000] {processor.py:161} INFO - Started process (PID=783) to work on /opt/airflow/dags/ecommerce_pipeline.py
[2026-04-22T06:20:44.310+0000] {processor.py:830} INFO - Processing file /opt/airflow/dags/ecommerce_pipeline.py for tasks to queue
[2026-04-22T06:20:44.312+0000] {logging_mixin.py:188} INFO - [2026-04-22T06:20:44.311+0000] {dagbag.py:538} INFO - Filling up the DagBag from /opt/airflow/dags/ecommerce_pipeline.py
[2026-04-22T06:20:44.352+0000] {processor.py:840} INFO - DAG(s) 'ecommerce_analytics_pipeline' retrieved from /opt/airflow/dags/ecommerce_pipeline.py
[2026-04-22T06:20:44.396+0000] {logging_mixin.py:188} INFO - [2026-04-22T06:20:44.395+0000] {dag.py:3036} INFO - Sync 1 DAGs
[2026-04-22T06:20:44.427+0000] {logging_mixin.py:188} INFO - [2026-04-22T06:20:44.426+0000] {dag.py:3823} INFO - Setting next_dagrun for ecommerce_analytics_pipeline to 2026-04-21 00:00:00+00:00, run_after=2026-04-22 00:00:00+00:00
[2026-04-22T06:20:44.459+0000] {processor.py:183} INFO - Processing /opt/airflow/dags/ecommerce_pipeline.py took 0.156 seconds
[2026-04-22T06:21:14.857+0000] {processor.py:161} INFO - Started process (PID=788) to work on /opt/airflow/dags/ecommerce_pipeline.py
[2026-04-22T06:21:14.859+0000] {processor.py:830} INFO - Processing file /opt/airflow/dags/ecommerce_pipeline.py for tasks to queue
[2026-04-22T06:21:14.861+0000] {logging_mixin.py:188} INFO - [2026-04-22T06:21:14.860+0000] {dagbag.py:538} INFO - Filling up the DagBag from /opt/airflow/dags/ecommerce_pipeline.py
[2026-04-22T06:21:14.898+0000] {processor.py:840} INFO - DAG(s) 'ecommerce_analytics_pipeline' retrieved from /opt/airflow/dags/ecommerce_pipeline.py
[2026-04-22T06:21:14.937+0000] {logging_mixin.py:188} INFO - [2026-04-22T06:21:14.937+0000] {dag.py:3036} INFO - Sync 1 DAGs
[2026-04-22T06:21:14.966+0000] {logging_mixin.py:188} INFO - [2026-04-22T06:21:14.966+0000] {dag.py:3823} INFO - Setting next_dagrun for ecommerce_analytics_pipeline to 2026-04-21 00:00:00+00:00, run_after=2026-04-22 00:00:00+00:00
[2026-04-22T06:21:14.997+0000] {processor.py:183} INFO - Processing /opt/airflow/dags/ecommerce_pipeline.py took 0.143 seconds
[2026-04-22T06:21:45.212+0000] {processor.py:161} INFO - Started process (PID=793) to work on /opt/airflow/dags/ecommerce_pipeline.py
[2026-04-22T06:21:45.215+0000] {processor.py:830} INFO - Processing file /opt/airflow/dags/ecommerce_pipeline.py for tasks to queue
[2026-04-22T06:21:45.217+0000] {logging_mixin.py:188} INFO - [2026-04-22T06:21:45.216+0000] {dagbag.py:538} INFO - Filling up the DagBag from /opt/airflow/dags/ecommerce_pipeline.py
[2026-04-22T06:21:45.255+0000] {processor.py:840} INFO - DAG(s) 'ecommerce_analytics_pipeline' retrieved from /opt/airflow/dags/ecommerce_pipeline.py
[2026-04-22T06:21:45.296+0000] {logging_mixin.py:188} INFO - [2026-04-22T06:21:45.296+0000] {dag.py:3036} INFO - Sync 1 DAGs
[2026-04-22T06:21:45.328+0000] {logging_mixin.py:188} INFO - [2026-04-22T06:21:45.328+0000] {dag.py:3823} INFO - Setting next_dagrun for ecommerce_analytics_pipeline to 2026-04-21 00:00:00+00:00, run_after=2026-04-22 00:00:00+00:00
[2026-04-22T06:21:45.359+0000] {processor.py:183} INFO - Processing /opt/airflow/dags/ecommerce_pipeline.py took 0.153 seconds
[2026-04-22T06:22:15.815+0000] {processor.py:161} INFO - Started process (PID=798) to work on /opt/airflow/dags/ecommerce_pipeline.py
[2026-04-22T06:22:15.817+0000] {processor.py:830} INFO - Processing file /opt/airflow/dags/ecommerce_pipeline.py for tasks to queue
[2026-04-22T06:22:15.818+0000] {logging_mixin.py:188} INFO - [2026-04-22T06:22:15.818+0000] {dagbag.py:538} INFO - Filling up the DagBag from /opt/airflow/dags/ecommerce_pipeline.py
[2026-04-22T06:22:15.857+0000] {processor.py:840} INFO - DAG(s) 'ecommerce_analytics_pipeline' retrieved from /opt/airflow/dags/ecommerce_pipeline.py
[2026-04-22T06:22:15.898+0000] {logging_mixin.py:188} INFO - [2026-04-22T06:22:15.898+0000] {dag.py:3036} INFO - Sync 1 DAGs
[2026-04-22T06:22:15.936+0000] {logging_mixin.py:188} INFO - [2026-04-22T06:22:15.936+0000] {dag.py:3823} INFO - Setting next_dagrun for ecommerce_analytics_pipeline to 2026-04-21 00:00:00+00:00, run_after=2026-04-22 00:00:00+00:00
[2026-04-22T06:22:15.982+0000] {processor.py:183} INFO - Processing /opt/airflow/dags/ecommerce_pipeline.py took 0.170 seconds
[2026-04-22T06:22:46.167+0000] {processor.py:161} INFO - Started process (PID=803) to work on /opt/airflow/dags/ecommerce_pipeline.py
[2026-04-22T06:22:46.168+0000] {processor.py:830} INFO - Processing file /opt/airflow/dags/ecommerce_pipeline.py for tasks to queue
[2026-04-22T06:22:46.170+0000] {logging_mixin.py:188} INFO - [2026-04-22T06:22:46.170+0000] {dagbag.py:538} INFO - Filling up the DagBag from /opt/airflow/dags/ecommerce_pipeline.py
[2026-04-22T06:22:46.211+0000] {processor.py:840} INFO - DAG(s) 'ecommerce_analytics_pipeline' retrieved from /opt/airflow/dags/ecommerce_pipeline.py
[2026-04-22T06:22:46.252+0000] {logging_mixin.py:188} INFO - [2026-04-22T06:22:46.252+0000] {dag.py:3036} INFO - Sync 1 DAGs
[2026-04-22T06:22:46.281+0000] {logging_mixin.py:188} INFO - [2026-04-22T06:22:46.280+0000] {dag.py:3823} INFO - Setting next_dagrun for ecommerce_analytics_pipeline to 2026-04-21 00:00:00+00:00, run_after=2026-04-22 00:00:00+00:00
[2026-04-22T06:22:46.312+0000] {processor.py:183} INFO - Processing /opt/airflow/dags/ecommerce_pipeline.py took 0.152 seconds
[2026-04-22T06:23:16.618+0000] {processor.py:161} INFO - Started process (PID=808) to work on /opt/airflow/dags/ecommerce_pipeline.py
[2026-04-22T06:23:16.620+0000] {processor.py:830} INFO - Processing file /opt/airflow/dags/ecommerce_pipeline.py for tasks to queue
[2026-04-22T06:23:16.622+0000] {logging_mixin.py:188} INFO - [2026-04-22T06:23:16.621+0000] {dagbag.py:538} INFO - Filling up the DagBag from /opt/airflow/dags/ecommerce_pipeline.py
[2026-04-22T06:23:16.660+0000] {processor.py:840} INFO - DAG(s) 'ecommerce_analytics_pipeline' retrieved from /opt/airflow/dags/ecommerce_pipeline.py
[2026-04-22T06:23:16.697+0000] {logging_mixin.py:188} INFO - [2026-04-22T06:23:16.697+0000] {dag.py:3036} INFO - Sync 1 DAGs
[2026-04-22T06:23:16.726+0000] {logging_mixin.py:188} INFO - [2026-04-22T06:23:16.726+0000] {dag.py:3823} INFO - Setting next_dagrun for ecommerce_analytics_pipeline to 2026-04-21 00:00:00+00:00, run_after=2026-04-22 00:00:00+00:00
[2026-04-22T06:23:16.764+0000] {processor.py:183} INFO - Processing /opt/airflow/dags/ecommerce_pipeline.py took 0.149 seconds
[2026-04-22T06:23:46.988+0000] {processor.py:161} INFO - Started process (PID=813) to work on /opt/airflow/dags/ecommerce_pipeline.py
[2026-04-22T06:23:46.991+0000] {processor.py:830} INFO - Processing file /opt/airflow/dags/ecommerce_pipeline.py for tasks to queue
[2026-04-22T06:23:46.993+0000] {logging_mixin.py:188} INFO - [2026-04-22T06:23:46.992+0000] {dagbag.py:538} INFO - Filling up the DagBag from /opt/airflow/dags/ecommerce_pipeline.py
[2026-04-22T06:23:47.049+0000] {processor.py:840} INFO - DAG(s) 'ecommerce_analytics_pipeline' retrieved from /opt/airflow/dags/ecommerce_pipeline.py
[2026-04-22T06:23:47.111+0000] {logging_mixin.py:188} INFO - [2026-04-22T06:23:47.110+0000] {dag.py:3036} INFO - Sync 1 DAGs
[2026-04-22T06:23:47.167+0000] {logging_mixin.py:188} INFO - [2026-04-22T06:23:47.167+0000] {dag.py:3823} INFO - Setting next_dagrun for ecommerce_analytics_pipeline to 2026-04-21 00:00:00+00:00, run_after=2026-04-22 00:00:00+00:00
[2026-04-22T06:23:47.216+0000] {processor.py:183} INFO - Processing /opt/airflow/dags/ecommerce_pipeline.py took 0.234 seconds
[2026-04-22T06:24:17.388+0000] {processor.py:161} INFO - Started process (PID=818) to work on /opt/airflow/dags/ecommerce_pipeline.py
[2026-04-22T06:24:17.390+0000] {processor.py:830} INFO - Processing file /opt/airflow/dags/ecommerce_pipeline.py for tasks to queue
[2026-04-22T06:24:17.393+0000] {logging_mixin.py:188} INFO - [2026-04-22T06:24:17.392+0000] {dagbag.py:538} INFO - Filling up the DagBag from /opt/airflow/dags/ecommerce_pipeline.py
[2026-04-22T06:24:17.443+0000] {processor.py:840} INFO - DAG(s) 'ecommerce_analytics_pipeline' retrieved from /opt/airflow/dags/ecommerce_pipeline.py
[2026-04-22T06:24:17.509+0000] {logging_mixin.py:188} INFO - [2026-04-22T06:24:17.509+0000] {dag.py:3036} INFO - Sync 1 DAGs
[2026-04-22T06:24:17.548+0000] {logging_mixin.py:188} INFO - [2026-04-22T06:24:17.548+0000] {dag.py:3823} INFO - Setting next_dagrun for ecommerce_analytics_pipeline to 2026-04-21 00:00:00+00:00, run_after=2026-04-22 00:00:00+00:00
[2026-04-22T06:24:17.584+0000] {processor.py:183} INFO - Processing /opt/airflow/dags/ecommerce_pipeline.py took 0.203 seconds
[2026-04-22T06:24:47.918+0000] {processor.py:161} INFO - Started process (PID=823) to work on /opt/airflow/dags/ecommerce_pipeline.py
[2026-04-22T06:24:47.920+0000] {processor.py:830} INFO - Processing file /opt/airflow/dags/ecommerce_pipeline.py for tasks to queue
[2026-04-22T06:24:47.921+0000] {logging_mixin.py:188} INFO - [2026-04-22T06:24:47.921+0000] {dagbag.py:538} INFO - Filling up the DagBag from /opt/airflow/dags/ecommerce_pipeline.py
[2026-04-22T06:24:47.965+0000] {processor.py:840} INFO - DAG(s) 'ecommerce_analytics_pipeline' retrieved from /opt/airflow/dags/ecommerce_pipeline.py
[2026-04-22T06:24:48.011+0000] {logging_mixin.py:188} INFO - [2026-04-22T06:24:48.011+0000] {dag.py:3036} INFO - Sync 1 DAGs
[2026-04-22T06:24:48.043+0000] {logging_mixin.py:188} INFO - [2026-04-22T06:24:48.043+0000] {dag.py:3823} INFO - Setting next_dagrun for ecommerce_analytics_pipeline to 2026-04-21 00:00:00+00:00, run_after=2026-04-22 00:00:00+00:00
[2026-04-22T06:24:48.073+0000] {processor.py:183} INFO - Processing /opt/airflow/dags/ecommerce_pipeline.py took 0.160 seconds
[2026-04-22T06:25:18.245+0000] {processor.py:161} INFO - Started process (PID=828) to work on /opt/airflow/dags/ecommerce_pipeline.py
[2026-04-22T06:25:18.246+0000] {processor.py:830} INFO - Processing file /opt/airflow/dags/ecommerce_pipeline.py for tasks to queue
[2026-04-22T06:25:18.248+0000] {logging_mixin.py:188} INFO - [2026-04-22T06:25:18.248+0000] {dagbag.py:538} INFO - Filling up the DagBag from /opt/airflow/dags/ecommerce_pipeline.py
[2026-04-22T06:25:18.299+0000] {processor.py:840} INFO - DAG(s) 'ecommerce_analytics_pipeline' retrieved from /opt/airflow/dags/ecommerce_pipeline.py
[2026-04-22T06:25:18.346+0000] {logging_mixin.py:188} INFO - [2026-04-22T06:25:18.345+0000] {dag.py:3036} INFO - Sync 1 DAGs
[2026-04-22T06:25:18.377+0000] {logging_mixin.py:188} INFO - [2026-04-22T06:25:18.377+0000] {dag.py:3823} INFO - Setting next_dagrun for ecommerce_analytics_pipeline to 2026-04-21 00:00:00+00:00, run_after=2026-04-22 00:00:00+00:00
[2026-04-22T06:25:18.410+0000] {processor.py:183} INFO - Processing /opt/airflow/dags/ecommerce_pipeline.py took 0.171 seconds
[2026-04-22T06:25:48.752+0000] {processor.py:161} INFO - Started process (PID=833) to work on /opt/airflow/dags/ecommerce_pipeline.py
[2026-04-22T06:25:48.754+0000] {processor.py:830} INFO - Processing file /opt/airflow/dags/ecommerce_pipeline.py for tasks to queue
[2026-04-22T06:25:48.757+0000] {logging_mixin.py:188} INFO - [2026-04-22T06:25:48.756+0000] {dagbag.py:538} INFO - Filling up the DagBag from /opt/airflow/dags/ecommerce_pipeline.py
[2026-04-22T06:25:48.815+0000] {processor.py:840} INFO - DAG(s) 'ecommerce_analytics_pipeline' retrieved from /opt/airflow/dags/ecommerce_pipeline.py
[2026-04-22T06:25:48.878+0000] {logging_mixin.py:188} INFO - [2026-04-22T06:25:48.878+0000] {dag.py:3036} INFO - Sync 1 DAGs
[2026-04-22T06:25:48.919+0000] {logging_mixin.py:188} INFO - [2026-04-22T06:25:48.919+0000] {dag.py:3823} INFO - Setting next_dagrun for ecommerce_analytics_pipeline to 2026-04-21 00:00:00+00:00, run_after=2026-04-22 00:00:00+00:00
[2026-04-22T06:25:48.956+0000] {processor.py:183} INFO - Processing /opt/airflow/dags/ecommerce_pipeline.py took 0.210 seconds
[2026-04-22T06:26:19.400+0000] {processor.py:161} INFO - Started process (PID=838) to work on /opt/airflow/dags/ecommerce_pipeline.py
[2026-04-22T06:26:19.403+0000] {processor.py:830} INFO - Processing file /opt/airflow/dags/ecommerce_pipeline.py for tasks to queue
[2026-04-22T06:26:19.405+0000] {logging_mixin.py:188} INFO - [2026-04-22T06:26:19.405+0000] {dagbag.py:538} INFO - Filling up the DagBag from /opt/airflow/dags/ecommerce_pipeline.py
[2026-04-22T06:26:19.452+0000] {processor.py:840} INFO - DAG(s) 'ecommerce_analytics_pipeline' retrieved from /opt/airflow/dags/ecommerce_pipeline.py
[2026-04-22T06:26:19.511+0000] {logging_mixin.py:188} INFO - [2026-04-22T06:26:19.510+0000] {dag.py:3036} INFO - Sync 1 DAGs
[2026-04-22T06:26:19.548+0000] {logging_mixin.py:188} INFO - [2026-04-22T06:26:19.548+0000] {dag.py:3823} INFO - Setting next_dagrun for ecommerce_analytics_pipeline to 2026-04-21 00:00:00+00:00, run_after=2026-04-22 00:00:00+00:00
[2026-04-22T06:26:19.583+0000] {processor.py:183} INFO - Processing /opt/airflow/dags/ecommerce_pipeline.py took 0.192 seconds
[2026-04-22T06:26:49.777+0000] {processor.py:161} INFO - Started process (PID=843) to work on /opt/airflow/dags/ecommerce_pipeline.py
[2026-04-22T06:26:49.778+0000] {processor.py:830} INFO - Processing file /opt/airflow/dags/ecommerce_pipeline.py for tasks to queue
[2026-04-22T06:26:49.780+0000] {logging_mixin.py:188} INFO - [2026-04-22T06:26:49.780+0000] {dagbag.py:538} INFO - Filling up the DagBag from /opt/airflow/dags/ecommerce_pipeline.py
[2026-04-22T06:26:49.829+0000] {processor.py:840} INFO - DAG(s) 'ecommerce_analytics_pipeline' retrieved from /opt/airflow/dags/ecommerce_pipeline.py
[2026-04-22T06:26:49.907+0000] {logging_mixin.py:188} INFO - [2026-04-22T06:26:49.906+0000] {dag.py:3036} INFO - Sync 1 DAGs
[2026-04-22T06:26:49.943+0000] {logging_mixin.py:188} INFO - [2026-04-22T06:26:49.942+0000] {dag.py:3823} INFO - Setting next_dagrun for ecommerce_analytics_pipeline to 2026-04-21 00:00:00+00:00, run_after=2026-04-22 00:00:00+00:00
[2026-04-22T06:26:49.973+0000] {processor.py:183} INFO - Processing /opt/airflow/dags/ecommerce_pipeline.py took 0.203 seconds
[2026-04-22T06:27:20.348+0000] {processor.py:161} INFO - Started process (PID=848) to work on /opt/airflow/dags/ecommerce_pipeline.py
[2026-04-22T06:27:20.350+0000] {processor.py:830} INFO - Processing file /opt/airflow/dags/ecommerce_pipeline.py for tasks to queue
[2026-04-22T06:27:20.352+0000] {logging_mixin.py:188} INFO - [2026-04-22T06:27:20.352+0000] {dagbag.py:538} INFO - Filling up the DagBag from /opt/airflow/dags/ecommerce_pipeline.py
[2026-04-22T06:27:20.397+0000] {processor.py:840} INFO - DAG(s) 'ecommerce_analytics_pipeline' retrieved from /opt/airflow/dags/ecommerce_pipeline.py
[2026-04-22T06:27:20.442+0000] {logging_mixin.py:188} INFO - [2026-04-22T06:27:20.442+0000] {dag.py:3036} INFO - Sync 1 DAGs
[2026-04-22T06:27:20.477+0000] {logging_mixin.py:188} INFO - [2026-04-22T06:27:20.476+0000] {dag.py:3823} INFO - Setting next_dagrun for ecommerce_analytics_pipeline to 2026-04-21 00:00:00+00:00, run_after=2026-04-22 00:00:00+00:00
[2026-04-22T06:27:20.509+0000] {processor.py:183} INFO - Processing /opt/airflow/dags/ecommerce_pipeline.py took 0.167 seconds
[2026-04-22T06:27:50.654+0000] {processor.py:161} INFO - Started process (PID=853) to work on /opt/airflow/dags/ecommerce_pipeline.py
[2026-04-22T06:27:50.657+0000] {processor.py:830} INFO - Processing file /opt/airflow/dags/ecommerce_pipeline.py for tasks to queue
[2026-04-22T06:27:50.659+0000] {logging_mixin.py:188} INFO - [2026-04-22T06:27:50.659+0000] {dagbag.py:538} INFO - Filling up the DagBag from /opt/airflow/dags/ecommerce_pipeline.py
[2026-04-22T06:27:50.701+0000] {processor.py:840} INFO - DAG(s) 'ecommerce_analytics_pipeline' retrieved from /opt/airflow/dags/ecommerce_pipeline.py
[2026-04-22T06:27:50.766+0000] {logging_mixin.py:188} INFO - [2026-04-22T06:27:50.765+0000] {dag.py:3036} INFO - Sync 1 DAGs
[2026-04-22T06:27:50.872+0000] {logging_mixin.py:188} INFO - [2026-04-22T06:27:50.871+0000] {dag.py:3823} INFO - Setting next_dagrun for ecommerce_analytics_pipeline to 2026-04-21 00:00:00+00:00, run_after=2026-04-22 00:00:00+00:00
[2026-04-22T06:27:50.939+0000] {processor.py:183} INFO - Processing /opt/airflow/dags/ecommerce_pipeline.py took 0.290 seconds
[2026-04-22T06:28:21.155+0000] {processor.py:161} INFO - Started process (PID=858) to work on /opt/airflow/dags/ecommerce_pipeline.py
[2026-04-22T06:28:21.157+0000] {processor.py:830} INFO - Processing file /opt/airflow/dags/ecommerce_pipeline.py for tasks to queue
[2026-04-22T06:28:21.160+0000] {logging_mixin.py:188} INFO - [2026-04-22T06:28:21.159+0000] {dagbag.py:538} INFO - Filling up the DagBag from /opt/airflow/dags/ecommerce_pipeline.py
[2026-04-22T06:28:21.222+0000] {processor.py:840} INFO - DAG(s) 'ecommerce_analytics_pipeline' retrieved from /opt/airflow/dags/ecommerce_pipeline.py
[2026-04-22T06:28:21.306+0000] {logging_mixin.py:188} INFO - [2026-04-22T06:28:21.305+0000] {dag.py:3036} INFO - Sync 1 DAGs
[2026-04-22T06:28:21.342+0000] {logging_mixin.py:188} INFO - [2026-04-22T06:28:21.342+0000] {dag.py:3823} INFO - Setting next_dagrun for ecommerce_analytics_pipeline to 2026-04-21 00:00:00+00:00, run_after=2026-04-22 00:00:00+00:00
[2026-04-22T06:28:21.373+0000] {processor.py:183} INFO - Processing /opt/airflow/dags/ecommerce_pipeline.py took 0.225 seconds
[2026-04-22T06:28:51.625+0000] {processor.py:161} INFO - Started process (PID=863) to work on /opt/airflow/dags/ecommerce_pipeline.py
[2026-04-22T06:28:51.627+0000] {processor.py:830} INFO - Processing file /opt/airflow/dags/ecommerce_pipeline.py for tasks to queue
[2026-04-22T06:28:51.628+0000] {logging_mixin.py:188} INFO - [2026-04-22T06:28:51.628+0000] {dagbag.py:538} INFO - Filling up the DagBag from /opt/airflow/dags/ecommerce_pipeline.py
[2026-04-22T06:28:51.668+0000] {processor.py:840} INFO - DAG(s) 'ecommerce_analytics_pipeline' retrieved from /opt/airflow/dags/ecommerce_pipeline.py
[2026-04-22T06:28:51.723+0000] {logging_mixin.py:188} INFO - [2026-04-22T06:28:51.722+0000] {dag.py:3036} INFO - Sync 1 DAGs
[2026-04-22T06:28:51.755+0000] {logging_mixin.py:188} INFO - [2026-04-22T06:28:51.755+0000] {dag.py:3823} INFO - Setting next_dagrun for ecommerce_analytics_pipeline to 2026-04-21 00:00:00+00:00, run_after=2026-04-22 00:00:00+00:00
[2026-04-22T06:28:51.788+0000] {processor.py:183} INFO - Processing /opt/airflow/dags/ecommerce_pipeline.py took 0.169 seconds
[2026-04-22T06:29:22.125+0000] {processor.py:161} INFO - Started process (PID=868) to work on /opt/airflow/dags/ecommerce_pipeline.py
[2026-04-22T06:29:22.127+0000] {processor.py:830} INFO - Processing file /opt/airflow/dags/ecommerce_pipeline.py for tasks to queue
[2026-04-22T06:29:22.129+0000] {logging_mixin.py:188} INFO - [2026-04-22T06:29:22.128+0000] {dagbag.py:538} INFO - Filling up the DagBag from /opt/airflow/dags/ecommerce_pipeline.py
[2026-04-22T06:29:22.184+0000] {processor.py:840} INFO - DAG(s) 'ecommerce_analytics_pipeline' retrieved from /opt/airflow/dags/ecommerce_pipeline.py
[2026-04-22T06:29:22.235+0000] {logging_mixin.py:188} INFO - [2026-04-22T06:29:22.234+0000] {dag.py:3036} INFO - Sync 1 DAGs
[2026-04-22T06:29:22.273+0000] {logging_mixin.py:188} INFO - [2026-04-22T06:29:22.273+0000] {dag.py:3823} INFO - Setting next_dagrun for ecommerce_analytics_pipeline to 2026-04-21 00:00:00+00:00, run_after=2026-04-22 00:00:00+00:00
[2026-04-22T06:29:22.319+0000] {processor.py:183} INFO - Processing /opt/airflow/dags/ecommerce_pipeline.py took 0.199 seconds
[2026-04-22T06:29:52.436+0000] {processor.py:161} INFO - Started process (PID=873) to work on /opt/airflow/dags/ecommerce_pipeline.py
[2026-04-22T06:29:52.438+0000] {processor.py:830} INFO - Processing file /opt/airflow/dags/ecommerce_pipeline.py for tasks to queue
[2026-04-22T06:29:52.439+0000] {logging_mixin.py:188} INFO - [2026-04-22T06:29:52.439+0000] {dagbag.py:538} INFO - Filling up the DagBag from /opt/airflow/dags/ecommerce_pipeline.py
[2026-04-22T06:29:52.480+0000] {processor.py:840} INFO - DAG(s) 'ecommerce_analytics_pipeline' retrieved from /opt/airflow/dags/ecommerce_pipeline.py
[2026-04-22T06:29:52.531+0000] {logging_mixin.py:188} INFO - [2026-04-22T06:29:52.531+0000] {dag.py:3036} INFO - Sync 1 DAGs
[2026-04-22T06:29:52.575+0000] {logging_mixin.py:188} INFO - [2026-04-22T06:29:52.575+0000] {dag.py:3823} INFO - Setting next_dagrun for ecommerce_analytics_pipeline to 2026-04-21 00:00:00+00:00, run_after=2026-04-22 00:00:00+00:00
[2026-04-22T06:29:52.620+0000] {processor.py:183} INFO - Processing /opt/airflow/dags/ecommerce_pipeline.py took 0.190 seconds
[2026-04-22T06:30:22.843+0000] {processor.py:161} INFO - Started process (PID=878) to work on /opt/airflow/dags/ecommerce_pipeline.py
[2026-04-22T06:30:22.845+0000] {processor.py:830} INFO - Processing file /opt/airflow/dags/ecommerce_pipeline.py for tasks to queue
[2026-04-22T06:30:22.847+0000] {logging_mixin.py:188} INFO - [2026-04-22T06:30:22.846+0000] {dagbag.py:538} INFO - Filling up the DagBag from /opt/airflow/dags/ecommerce_pipeline.py
[2026-04-22T06:30:22.902+0000] {processor.py:840} INFO - DAG(s) 'ecommerce_analytics_pipeline' retrieved from /opt/airflow/dags/ecommerce_pipeline.py
[2026-04-22T06:30:22.993+0000] {logging_mixin.py:188} INFO - [2026-04-22T06:30:22.993+0000] {dag.py:3036} INFO - Sync 1 DAGs
[2026-04-22T06:30:23.044+0000] {logging_mixin.py:188} INFO - [2026-04-22T06:30:23.043+0000] {dag.py:3823} INFO - Setting next_dagrun for ecommerce_analytics_pipeline to 2026-04-21 00:00:00+00:00, run_after=2026-04-22 00:00:00+00:00
[2026-04-22T06:30:23.093+0000] {processor.py:183} INFO - Processing /opt/airflow/dags/ecommerce_pipeline.py took 0.259 seconds
[2026-04-22T06:30:53.483+0000] {processor.py:161} INFO - Started process (PID=883) to work on /opt/airflow/dags/ecommerce_pipeline.py
[2026-04-22T06:30:53.485+0000] {processor.py:830} INFO - Processing file /opt/airflow/dags/ecommerce_pipeline.py for tasks to queue
[2026-04-22T06:30:53.488+0000] {logging_mixin.py:188} INFO - [2026-04-22T06:30:53.487+0000] {dagbag.py:538} INFO - Filling up the DagBag from /opt/airflow/dags/ecommerce_pipeline.py
[2026-04-22T06:30:53.549+0000] {processor.py:840} INFO - DAG(s) 'ecommerce_analytics_pipeline' retrieved from /opt/airflow/dags/ecommerce_pipeline.py
[2026-04-22T06:30:53.620+0000] {logging_mixin.py:188} INFO - [2026-04-22T06:30:53.619+0000] {dag.py:3036} INFO - Sync 1 DAGs
[2026-04-22T06:30:53.688+0000] {logging_mixin.py:188} INFO - [2026-04-22T06:30:53.687+0000] {dag.py:3823} INFO - Setting next_dagrun for ecommerce_analytics_pipeline to 2026-04-21 00:00:00+00:00, run_after=2026-04-22 00:00:00+00:00
[2026-04-22T06:30:53.744+0000] {processor.py:183} INFO - Processing /opt/airflow/dags/ecommerce_pipeline.py took 0.268 seconds
[2026-04-22T06:31:24.183+0000] {processor.py:161} INFO - Started process (PID=888) to work on /opt/airflow/dags/ecommerce_pipeline.py
[2026-04-22T06:31:24.185+0000] {processor.py:830} INFO - Processing file /opt/airflow/dags/ecommerce_pipeline.py for tasks to queue
[2026-04-22T06:31:24.188+0000] {logging_mixin.py:188} INFO - [2026-04-22T06:31:24.187+0000] {dagbag.py:538} INFO - Filling up the DagBag from /opt/airflow/dags/ecommerce_pipeline.py
[2026-04-22T06:31:24.262+0000] {processor.py:840} INFO - DAG(s) 'ecommerce_analytics_pipeline' retrieved from /opt/airflow/dags/ecommerce_pipeline.py
[2026-04-22T06:31:24.363+0000] {logging_mixin.py:188} INFO - [2026-04-22T06:31:24.362+0000] {dag.py:3036} INFO - Sync 1 DAGs
[2026-04-22T06:31:24.446+0000] {logging_mixin.py:188} INFO - [2026-04-22T06:31:24.446+0000] {dag.py:3823} INFO - Setting next_dagrun for ecommerce_analytics_pipeline to 2026-04-21 00:00:00+00:00, run_after=2026-04-22 00:00:00+00:00
[2026-04-22T06:31:24.506+0000] {processor.py:183} INFO - Processing /opt/airflow/dags/ecommerce_pipeline.py took 0.332 seconds
[2026-04-22T06:31:54.694+0000] {processor.py:161} INFO - Started process (PID=893) to work on /opt/airflow/dags/ecommerce_pipeline.py
[2026-04-22T06:31:54.697+0000] {processor.py:830} INFO - Processing file /opt/airflow/dags/ecommerce_pipeline.py for tasks to queue
[2026-04-22T06:31:54.699+0000] {logging_mixin.py:188} INFO - [2026-04-22T06:31:54.698+0000] {dagbag.py:538} INFO - Filling up the DagBag from /opt/airflow/dags/ecommerce_pipeline.py
[2026-04-22T06:31:54.759+0000] {processor.py:840} INFO - DAG(s) 'ecommerce_analytics_pipeline' retrieved from /opt/airflow/dags/ecommerce_pipeline.py
[2026-04-22T06:31:54.847+0000] {logging_mixin.py:188} INFO - [2026-04-22T06:31:54.847+0000] {dag.py:3036} INFO - Sync 1 DAGs
[2026-04-22T06:31:54.910+0000] {logging_mixin.py:188} INFO - [2026-04-22T06:31:54.910+0000] {dag.py:3823} INFO - Setting next_dagrun for ecommerce_analytics_pipeline to 2026-04-21 00:00:00+00:00, run_after=2026-04-22 00:00:00+00:00
[2026-04-22T06:31:54.956+0000] {processor.py:183} INFO - Processing /opt/airflow/dags/ecommerce_pipeline.py took 0.274 seconds
[2026-04-22T06:32:25.079+0000] {processor.py:161} INFO - Started process (PID=898) to work on /opt/airflow/dags/ecommerce_pipeline.py
[2026-04-22T06:32:25.081+0000] {processor.py:830} INFO - Processing file /opt/airflow/dags/ecommerce_pipeline.py for tasks to queue
[2026-04-22T06:32:25.082+0000] {logging_mixin.py:188} INFO - [2026-04-22T06:32:25.082+0000] {dagbag.py:538} INFO - Filling up the DagBag from /opt/airflow/dags/ecommerce_pipeline.py
[2026-04-22T06:32:25.141+0000] {processor.py:840} INFO - DAG(s) 'ecommerce_analytics_pipeline' retrieved from /opt/airflow/dags/ecommerce_pipeline.py
[2026-04-22T06:32:25.190+0000] {logging_mixin.py:188} INFO - [2026-04-22T06:32:25.190+0000] {dag.py:3036} INFO - Sync 1 DAGs
[2026-04-22T06:32:25.222+0000] {logging_mixin.py:188} INFO - [2026-04-22T06:32:25.222+0000] {dag.py:3823} INFO - Setting next_dagrun for ecommerce_analytics_pipeline to 2026-04-21 00:00:00+00:00, run_after=2026-04-22 00:00:00+00:00
[2026-04-22T06:32:25.253+0000] {processor.py:183} INFO - Processing /opt/airflow/dags/ecommerce_pipeline.py took 0.179 seconds
[2026-04-22T06:32:55.441+0000] {processor.py:161} INFO - Started process (PID=903) to work on /opt/airflow/dags/ecommerce_pipeline.py
[2026-04-22T06:32:55.444+0000] {processor.py:830} INFO - Processing file /opt/airflow/dags/ecommerce_pipeline.py for tasks to queue
[2026-04-22T06:32:55.446+0000] {logging_mixin.py:188} INFO - [2026-04-22T06:32:55.446+0000] {dagbag.py:538} INFO - Filling up the DagBag from /opt/airflow/dags/ecommerce_pipeline.py
[2026-04-22T06:32:55.486+0000] {processor.py:840} INFO - DAG(s) 'ecommerce_analytics_pipeline' retrieved from /opt/airflow/dags/ecommerce_pipeline.py
[2026-04-22T06:32:55.546+0000] {logging_mixin.py:188} INFO - [2026-04-22T06:32:55.546+0000] {dag.py:3036} INFO - Sync 1 DAGs
[2026-04-22T06:32:55.597+0000] {logging_mixin.py:188} INFO - [2026-04-22T06:32:55.596+0000] {dag.py:3823} INFO - Setting next_dagrun for ecommerce_analytics_pipeline to 2026-04-21 00:00:00+00:00, run_after=2026-04-22 00:00:00+00:00
[2026-04-22T06:32:55.632+0000] {processor.py:183} INFO - Processing /opt/airflow/dags/ecommerce_pipeline.py took 0.196 seconds
[2026-04-22T06:33:25.935+0000] {processor.py:161} INFO - Started process (PID=908) to work on /opt/airflow/dags/ecommerce_pipeline.py
[2026-04-22T06:33:25.937+0000] {processor.py:830} INFO - Processing file /opt/airflow/dags/ecommerce_pipeline.py for tasks to queue
[2026-04-22T06:33:25.939+0000] {logging_mixin.py:188} INFO - [2026-04-22T06:33:25.938+0000] {dagbag.py:538} INFO - Filling up the DagBag from /opt/airflow/dags/ecommerce_pipeline.py
[2026-04-22T06:33:25.977+0000] {processor.py:840} INFO - DAG(s) 'ecommerce_analytics_pipeline' retrieved from /opt/airflow/dags/ecommerce_pipeline.py
[2026-04-22T06:33:26.026+0000] {logging_mixin.py:188} INFO - [2026-04-22T06:33:26.026+0000] {dag.py:3036} INFO - Sync 1 DAGs
[2026-04-22T06:33:26.077+0000] {logging_mixin.py:188} INFO - [2026-04-22T06:33:26.076+0000] {dag.py:3823} INFO - Setting next_dagrun for ecommerce_analytics_pipeline to 2026-04-21 00:00:00+00:00, run_after=2026-04-22 00:00:00+00:00
[2026-04-22T06:33:26.126+0000] {processor.py:183} INFO - Processing /opt/airflow/dags/ecommerce_pipeline.py took 0.195 seconds
[2026-04-22T06:33:56.302+0000] {processor.py:161} INFO - Started process (PID=913) to work on /opt/airflow/dags/ecommerce_pipeline.py
[2026-04-22T06:33:56.304+0000] {processor.py:830} INFO - Processing file /opt/airflow/dags/ecommerce_pipeline.py for tasks to queue
[2026-04-22T06:33:56.306+0000] {logging_mixin.py:188} INFO - [2026-04-22T06:33:56.305+0000] {dagbag.py:538} INFO - Filling up the DagBag from /opt/airflow/dags/ecommerce_pipeline.py
[2026-04-22T06:33:56.346+0000] {processor.py:840} INFO - DAG(s) 'ecommerce_analytics_pipeline' retrieved from /opt/airflow/dags/ecommerce_pipeline.py
[2026-04-22T06:33:56.400+0000] {logging_mixin.py:188} INFO - [2026-04-22T06:33:56.399+0000] {dag.py:3036} INFO - Sync 1 DAGs
[2026-04-22T06:33:56.438+0000] {logging_mixin.py:188} INFO - [2026-04-22T06:33:56.438+0000] {dag.py:3823} INFO - Setting next_dagrun for ecommerce_analytics_pipeline to 2026-04-21 00:00:00+00:00, run_after=2026-04-22 00:00:00+00:00
[2026-04-22T06:33:56.467+0000] {processor.py:183} INFO - Processing /opt/airflow/dags/ecommerce_pipeline.py took 0.169 seconds
[2026-04-22T06:34:26.810+0000] {processor.py:161} INFO - Started process (PID=918) to work on /opt/airflow/dags/ecommerce_pipeline.py
[2026-04-22T06:34:26.813+0000] {processor.py:830} INFO - Processing file /opt/airflow/dags/ecommerce_pipeline.py for tasks to queue
[2026-04-22T06:34:26.815+0000] {logging_mixin.py:188} INFO - [2026-04-22T06:34:26.814+0000] {dagbag.py:538} INFO - Filling up the DagBag from /opt/airflow/dags/ecommerce_pipeline.py
[2026-04-22T06:34:26.858+0000] {processor.py:840} INFO - DAG(s) 'ecommerce_analytics_pipeline' retrieved from /opt/airflow/dags/ecommerce_pipeline.py
[2026-04-22T06:34:26.907+0000] {logging_mixin.py:188} INFO - [2026-04-22T06:34:26.906+0000] {dag.py:3036} INFO - Sync 1 DAGs
[2026-04-22T06:34:26.942+0000] {logging_mixin.py:188} INFO - [2026-04-22T06:34:26.942+0000] {dag.py:3823} INFO - Setting next_dagrun for ecommerce_analytics_pipeline to 2026-04-21 00:00:00+00:00, run_after=2026-04-22 00:00:00+00:00
[2026-04-22T06:34:26.976+0000] {processor.py:183} INFO - Processing /opt/airflow/dags/ecommerce_pipeline.py took 0.172 seconds
[2026-04-22T06:34:57.137+0000] {processor.py:161} INFO - Started process (PID=923) to work on /opt/airflow/dags/ecommerce_pipeline.py
[2026-04-22T06:34:57.139+0000] {processor.py:830} INFO - Processing file /opt/airflow/dags/ecommerce_pipeline.py for tasks to queue
[2026-04-22T06:34:57.141+0000] {logging_mixin.py:188} INFO - [2026-04-22T06:34:57.141+0000] {dagbag.py:538} INFO - Filling up the DagBag from /opt/airflow/dags/ecommerce_pipeline.py
[2026-04-22T06:34:57.188+0000] {processor.py:840} INFO - DAG(s) 'ecommerce_analytics_pipeline' retrieved from /opt/airflow/dags/ecommerce_pipeline.py
[2026-04-22T06:34:57.258+0000] {logging_mixin.py:188} INFO - [2026-04-22T06:34:57.258+0000] {dag.py:3036} INFO - Sync 1 DAGs
[2026-04-22T06:34:57.332+0000] {logging_mixin.py:188} INFO - [2026-04-22T06:34:57.331+0000] {dag.py:3823} INFO - Setting next_dagrun for ecommerce_analytics_pipeline to 2026-04-21 00:00:00+00:00, run_after=2026-04-22 00:00:00+00:00
[2026-04-22T06:34:57.436+0000] {processor.py:183} INFO - Processing /opt/airflow/dags/ecommerce_pipeline.py took 0.305 seconds
[2026-04-22T06:35:27.603+0000] {processor.py:161} INFO - Started process (PID=928) to work on /opt/airflow/dags/ecommerce_pipeline.py
[2026-04-22T06:35:27.606+0000] {processor.py:830} INFO - Processing file /opt/airflow/dags/ecommerce_pipeline.py for tasks to queue
[2026-04-22T06:35:27.608+0000] {logging_mixin.py:188} INFO - [2026-04-22T06:35:27.607+0000] {dagbag.py:538} INFO - Filling up the DagBag from /opt/airflow/dags/ecommerce_pipeline.py
[2026-04-22T06:35:27.653+0000] {processor.py:840} INFO - DAG(s) 'ecommerce_analytics_pipeline' retrieved from /opt/airflow/dags/ecommerce_pipeline.py
[2026-04-22T06:35:27.720+0000] {logging_mixin.py:188} INFO - [2026-04-22T06:35:27.719+0000] {dag.py:3036} INFO - Sync 1 DAGs
[2026-04-22T06:35:27.754+0000] {logging_mixin.py:188} INFO - [2026-04-22T06:35:27.754+0000] {dag.py:3823} INFO - Setting next_dagrun for ecommerce_analytics_pipeline to 2026-04-21 00:00:00+00:00, run_after=2026-04-22 00:00:00+00:00
[2026-04-22T06:35:27.784+0000] {processor.py:183} INFO - Processing /opt/airflow/dags/ecommerce_pipeline.py took 0.187 seconds
[2026-04-22T06:35:58.081+0000] {processor.py:161} INFO - Started process (PID=933) to work on /opt/airflow/dags/ecommerce_pipeline.py
[2026-04-22T06:35:58.082+0000] {processor.py:830} INFO - Processing file /opt/airflow/dags/ecommerce_pipeline.py for tasks to queue
[2026-04-22T06:35:58.084+0000] {logging_mixin.py:188} INFO - [2026-04-22T06:35:58.083+0000] {dagbag.py:538} INFO - Filling up the DagBag from /opt/airflow/dags/ecommerce_pipeline.py
[2026-04-22T06:35:58.122+0000] {processor.py:840} INFO - DAG(s) 'ecommerce_analytics_pipeline' retrieved from /opt/airflow/dags/ecommerce_pipeline.py
[2026-04-22T06:35:58.170+0000] {logging_mixin.py:188} INFO - [2026-04-22T06:35:58.170+0000] {dag.py:3036} INFO - Sync 1 DAGs
[2026-04-22T06:35:58.202+0000] {logging_mixin.py:188} INFO - [2026-04-22T06:35:58.201+0000] {dag.py:3823} INFO - Setting next_dagrun for ecommerce_analytics_pipeline to 2026-04-21 00:00:00+00:00, run_after=2026-04-22 00:00:00+00:00
[2026-04-22T06:35:58.236+0000] {processor.py:183} INFO - Processing /opt/airflow/dags/ecommerce_pipeline.py took 0.159 seconds
[2026-04-22T06:36:28.460+0000] {processor.py:161} INFO - Started process (PID=938) to work on /opt/airflow/dags/ecommerce_pipeline.py
[2026-04-22T06:36:28.462+0000] {processor.py:830} INFO - Processing file /opt/airflow/dags/ecommerce_pipeline.py for tasks to queue
[2026-04-22T06:36:28.463+0000] {logging_mixin.py:188} INFO - [2026-04-22T06:36:28.463+0000] {dagbag.py:538} INFO - Filling up the DagBag from /opt/airflow/dags/ecommerce_pipeline.py
[2026-04-22T06:36:28.505+0000] {processor.py:840} INFO - DAG(s) 'ecommerce_analytics_pipeline' retrieved from /opt/airflow/dags/ecommerce_pipeline.py
[2026-04-22T06:36:28.546+0000] {logging_mixin.py:188} INFO - [2026-04-22T06:36:28.546+0000] {dag.py:3036} INFO - Sync 1 DAGs
[2026-04-22T06:36:28.575+0000] {logging_mixin.py:188} INFO - [2026-04-22T06:36:28.575+0000] {dag.py:3823} INFO - Setting next_dagrun for ecommerce_analytics_pipeline to 2026-04-21 00:00:00+00:00, run_after=2026-04-22 00:00:00+00:00
[2026-04-22T06:36:28.605+0000] {processor.py:183} INFO - Processing /opt/airflow/dags/ecommerce_pipeline.py took 0.151 seconds
[2026-04-22T06:36:58.968+0000] {processor.py:161} INFO - Started process (PID=943) to work on /opt/airflow/dags/ecommerce_pipeline.py
[2026-04-22T06:36:58.970+0000] {processor.py:830} INFO - Processing file /opt/airflow/dags/ecommerce_pipeline.py for tasks to queue
[2026-04-22T06:36:58.973+0000] {logging_mixin.py:188} INFO - [2026-04-22T06:36:58.972+0000] {dagbag.py:538} INFO - Filling up the DagBag from /opt/airflow/dags/ecommerce_pipeline.py
[2026-04-22T06:36:59.018+0000] {processor.py:840} INFO - DAG(s) 'ecommerce_analytics_pipeline' retrieved from /opt/airflow/dags/ecommerce_pipeline.py
[2026-04-22T06:36:59.082+0000] {logging_mixin.py:188} INFO - [2026-04-22T06:36:59.081+0000] {dag.py:3036} INFO - Sync 1 DAGs
[2026-04-22T06:36:59.141+0000] {logging_mixin.py:188} INFO - [2026-04-22T06:36:59.140+0000] {dag.py:3823} INFO - Setting next_dagrun for ecommerce_analytics_pipeline to 2026-04-21 00:00:00+00:00, run_after=2026-04-22 00:00:00+00:00
[2026-04-22T06:36:59.205+0000] {processor.py:183} INFO - Processing /opt/airflow/dags/ecommerce_pipeline.py took 0.242 seconds
[2026-04-22T09:03:41.784+0000] {processor.py:161} INFO - Started process (PID=167) to work on /opt/airflow/dags/ecommerce_pipeline.py
[2026-04-22T09:03:41.786+0000] {processor.py:830} INFO - Processing file /opt/airflow/dags/ecommerce_pipeline.py for tasks to queue
[2026-04-22T09:03:41.788+0000] {logging_mixin.py:188} INFO - [2026-04-22T09:03:41.787+0000] {dagbag.py:538} INFO - Filling up the DagBag from /opt/airflow/dags/ecommerce_pipeline.py
[2026-04-22T09:03:41.837+0000] {processor.py:840} INFO - DAG(s) 'ecommerce_analytics_pipeline' retrieved from /opt/airflow/dags/ecommerce_pipeline.py
[2026-04-22T09:03:41.884+0000] {logging_mixin.py:188} INFO - [2026-04-22T09:03:41.884+0000] {dag.py:3036} INFO - Sync 1 DAGs
[2026-04-22T09:03:41.922+0000] {logging_mixin.py:188} INFO - [2026-04-22T09:03:41.922+0000] {dag.py:3823} INFO - Setting next_dagrun for ecommerce_analytics_pipeline to 2026-04-21 00:00:00+00:00, run_after=2026-04-22 00:00:00+00:00
[2026-04-22T09:03:41.951+0000] {processor.py:183} INFO - Processing /opt/airflow/dags/ecommerce_pipeline.py took 0.172 seconds
[2026-04-22T09:04:12.078+0000] {processor.py:161} INFO - Started process (PID=172) to work on /opt/airflow/dags/ecommerce_pipeline.py
[2026-04-22T09:04:12.080+0000] {processor.py:830} INFO - Processing file /opt/airflow/dags/ecommerce_pipeline.py for tasks to queue
[2026-04-22T09:04:12.082+0000] {logging_mixin.py:188} INFO - [2026-04-22T09:04:12.081+0000] {dagbag.py:538} INFO - Filling up the DagBag from /opt/airflow/dags/ecommerce_pipeline.py
[2026-04-22T09:04:12.173+0000] {processor.py:840} INFO - DAG(s) 'ecommerce_analytics_pipeline' retrieved from /opt/airflow/dags/ecommerce_pipeline.py
[2026-04-22T09:04:12.756+0000] {logging_mixin.py:188} INFO - [2026-04-22T09:04:12.756+0000] {dag.py:3036} INFO - Sync 1 DAGs
[2026-04-22T09:04:12.823+0000] {logging_mixin.py:188} INFO - [2026-04-22T09:04:12.823+0000] {dag.py:3823} INFO - Setting next_dagrun for ecommerce_analytics_pipeline to 2026-04-21 00:00:00+00:00, run_after=2026-04-22 00:00:00+00:00
[2026-04-22T09:04:12.882+0000] {processor.py:183} INFO - Processing /opt/airflow/dags/ecommerce_pipeline.py took 0.809 seconds
[2026-04-22T09:04:43.243+0000] {processor.py:161} INFO - Started process (PID=177) to work on /opt/airflow/dags/ecommerce_pipeline.py
[2026-04-22T09:04:43.244+0000] {processor.py:830} INFO - Processing file /opt/airflow/dags/ecommerce_pipeline.py for tasks to queue
[2026-04-22T09:04:43.246+0000] {logging_mixin.py:188} INFO - [2026-04-22T09:04:43.245+0000] {dagbag.py:538} INFO - Filling up the DagBag from /opt/airflow/dags/ecommerce_pipeline.py
[2026-04-22T09:04:43.279+0000] {processor.py:840} INFO - DAG(s) 'ecommerce_analytics_pipeline' retrieved from /opt/airflow/dags/ecommerce_pipeline.py
[2026-04-22T09:04:43.324+0000] {logging_mixin.py:188} INFO - [2026-04-22T09:04:43.323+0000] {dag.py:3036} INFO - Sync 1 DAGs
[2026-04-22T09:04:43.352+0000] {logging_mixin.py:188} INFO - [2026-04-22T09:04:43.352+0000] {dag.py:3823} INFO - Setting next_dagrun for ecommerce_analytics_pipeline to 2026-04-21 00:00:00+00:00, run_after=2026-04-22 00:00:00+00:00
[2026-04-22T09:04:43.378+0000] {processor.py:183} INFO - Processing /opt/airflow/dags/ecommerce_pipeline.py took 0.139 seconds
[2026-04-22T09:05:13.729+0000] {processor.py:161} INFO - Started process (PID=182) to work on /opt/airflow/dags/ecommerce_pipeline.py
[2026-04-22T09:05:13.730+0000] {processor.py:830} INFO - Processing file /opt/airflow/dags/ecommerce_pipeline.py for tasks to queue
[2026-04-22T09:05:13.732+0000] {logging_mixin.py:188} INFO - [2026-04-22T09:05:13.731+0000] {dagbag.py:538} INFO - Filling up the DagBag from /opt/airflow/dags/ecommerce_pipeline.py
[2026-04-22T09:05:13.771+0000] {processor.py:840} INFO - DAG(s) 'ecommerce_analytics_pipeline' retrieved from /opt/airflow/dags/ecommerce_pipeline.py
[2026-04-22T09:05:13.813+0000] {logging_mixin.py:188} INFO - [2026-04-22T09:05:13.813+0000] {dag.py:3036} INFO - Sync 1 DAGs
[2026-04-22T09:05:13.842+0000] {logging_mixin.py:188} INFO - [2026-04-22T09:05:13.842+0000] {dag.py:3823} INFO - Setting next_dagrun for ecommerce_analytics_pipeline to 2026-04-21 00:00:00+00:00, run_after=2026-04-22 00:00:00+00:00
[2026-04-22T09:05:13.894+0000] {processor.py:183} INFO - Processing /opt/airflow/dags/ecommerce_pipeline.py took 0.169 seconds
[2026-04-22T09:05:44.199+0000] {processor.py:161} INFO - Started process (PID=187) to work on /opt/airflow/dags/ecommerce_pipeline.py
[2026-04-22T09:05:44.201+0000] {processor.py:830} INFO - Processing file /opt/airflow/dags/ecommerce_pipeline.py for tasks to queue
[2026-04-22T09:05:44.203+0000] {logging_mixin.py:188} INFO - [2026-04-22T09:05:44.203+0000] {dagbag.py:538} INFO - Filling up the DagBag from /opt/airflow/dags/ecommerce_pipeline.py
[2026-04-22T09:05:44.244+0000] {processor.py:840} INFO - DAG(s) 'ecommerce_analytics_pipeline' retrieved from /opt/airflow/dags/ecommerce_pipeline.py
[2026-04-22T09:05:44.328+0000] {logging_mixin.py:188} INFO - [2026-04-22T09:05:44.328+0000] {dag.py:3036} INFO - Sync 1 DAGs
[2026-04-22T09:05:44.380+0000] {logging_mixin.py:188} INFO - [2026-04-22T09:05:44.380+0000] {dag.py:3823} INFO - Setting next_dagrun for ecommerce_analytics_pipeline to 2026-04-21 00:00:00+00:00, run_after=2026-04-22 00:00:00+00:00
[2026-04-22T09:05:44.410+0000] {processor.py:183} INFO - Processing /opt/airflow/dags/ecommerce_pipeline.py took 0.217 seconds
[2026-04-22T09:06:14.634+0000] {processor.py:161} INFO - Started process (PID=192) to work on /opt/airflow/dags/ecommerce_pipeline.py
[2026-04-22T09:06:14.635+0000] {processor.py:830} INFO - Processing file /opt/airflow/dags/ecommerce_pipeline.py for tasks to queue
[2026-04-22T09:06:14.637+0000] {logging_mixin.py:188} INFO - [2026-04-22T09:06:14.636+0000] {dagbag.py:538} INFO - Filling up the DagBag from /opt/airflow/dags/ecommerce_pipeline.py
[2026-04-22T09:06:14.668+0000] {processor.py:840} INFO - DAG(s) 'ecommerce_analytics_pipeline' retrieved from /opt/airflow/dags/ecommerce_pipeline.py
[2026-04-22T09:06:14.710+0000] {logging_mixin.py:188} INFO - [2026-04-22T09:06:14.709+0000] {dag.py:3036} INFO - Sync 1 DAGs
[2026-04-22T09:06:14.742+0000] {logging_mixin.py:188} INFO - [2026-04-22T09:06:14.742+0000] {dag.py:3823} INFO - Setting next_dagrun for ecommerce_analytics_pipeline to 2026-04-21 00:00:00+00:00, run_after=2026-04-22 00:00:00+00:00
[2026-04-22T09:06:14.775+0000] {processor.py:183} INFO - Processing /opt/airflow/dags/ecommerce_pipeline.py took 0.145 seconds
[2026-04-22T09:06:45.058+0000] {processor.py:161} INFO - Started process (PID=197) to work on /opt/airflow/dags/ecommerce_pipeline.py
[2026-04-22T09:06:45.059+0000] {processor.py:830} INFO - Processing file /opt/airflow/dags/ecommerce_pipeline.py for tasks to queue
[2026-04-22T09:06:45.061+0000] {logging_mixin.py:188} INFO - [2026-04-22T09:06:45.060+0000] {dagbag.py:538} INFO - Filling up the DagBag from /opt/airflow/dags/ecommerce_pipeline.py
[2026-04-22T09:06:45.096+0000] {processor.py:840} INFO - DAG(s) 'ecommerce_analytics_pipeline' retrieved from /opt/airflow/dags/ecommerce_pipeline.py
[2026-04-22T09:06:45.143+0000] {logging_mixin.py:188} INFO - [2026-04-22T09:06:45.143+0000] {dag.py:3036} INFO - Sync 1 DAGs
[2026-04-22T09:06:45.175+0000] {logging_mixin.py:188} INFO - [2026-04-22T09:06:45.175+0000] {dag.py:3823} INFO - Setting next_dagrun for ecommerce_analytics_pipeline to 2026-04-21 00:00:00+00:00, run_after=2026-04-22 00:00:00+00:00
[2026-04-22T09:06:45.204+0000] {processor.py:183} INFO - Processing /opt/airflow/dags/ecommerce_pipeline.py took 0.151 seconds
[2026-04-22T09:07:15.572+0000] {processor.py:161} INFO - Started process (PID=202) to work on /opt/airflow/dags/ecommerce_pipeline.py
[2026-04-22T09:07:15.574+0000] {processor.py:830} INFO - Processing file /opt/airflow/dags/ecommerce_pipeline.py for tasks to queue
[2026-04-22T09:07:15.576+0000] {logging_mixin.py:188} INFO - [2026-04-22T09:07:15.576+0000] {dagbag.py:538} INFO - Filling up the DagBag from /opt/airflow/dags/ecommerce_pipeline.py
[2026-04-22T09:07:15.616+0000] {processor.py:840} INFO - DAG(s) 'ecommerce_analytics_pipeline' retrieved from /opt/airflow/dags/ecommerce_pipeline.py
[2026-04-22T09:07:15.661+0000] {logging_mixin.py:188} INFO - [2026-04-22T09:07:15.661+0000] {dag.py:3036} INFO - Sync 1 DAGs
[2026-04-22T09:07:15.690+0000] {logging_mixin.py:188} INFO - [2026-04-22T09:07:15.689+0000] {dag.py:3823} INFO - Setting next_dagrun for ecommerce_analytics_pipeline to 2026-04-21 00:00:00+00:00, run_after=2026-04-22 00:00:00+00:00
[2026-04-22T09:07:15.717+0000] {processor.py:183} INFO - Processing /opt/airflow/dags/ecommerce_pipeline.py took 0.150 seconds
[2026-04-22T09:07:45.909+0000] {processor.py:161} INFO - Started process (PID=207) to work on /opt/airflow/dags/ecommerce_pipeline.py
[2026-04-22T09:07:45.910+0000] {processor.py:830} INFO - Processing file /opt/airflow/dags/ecommerce_pipeline.py for tasks to queue
[2026-04-22T09:07:45.912+0000] {logging_mixin.py:188} INFO - [2026-04-22T09:07:45.912+0000] {dagbag.py:538} INFO - Filling up the DagBag from /opt/airflow/dags/ecommerce_pipeline.py
[2026-04-22T09:07:45.947+0000] {processor.py:840} INFO - DAG(s) 'ecommerce_analytics_pipeline' retrieved from /opt/airflow/dags/ecommerce_pipeline.py
[2026-04-22T09:07:45.992+0000] {logging_mixin.py:188} INFO - [2026-04-22T09:07:45.991+0000] {dag.py:3036} INFO - Sync 1 DAGs
[2026-04-22T09:07:46.023+0000] {logging_mixin.py:188} INFO - [2026-04-22T09:07:46.023+0000] {dag.py:3823} INFO - Setting next_dagrun for ecommerce_analytics_pipeline to 2026-04-21 00:00:00+00:00, run_after=2026-04-22 00:00:00+00:00
[2026-04-22T09:07:46.058+0000] {processor.py:183} INFO - Processing /opt/airflow/dags/ecommerce_pipeline.py took 0.153 seconds
[2026-04-22T09:08:16.257+0000] {processor.py:161} INFO - Started process (PID=212) to work on /opt/airflow/dags/ecommerce_pipeline.py
[2026-04-22T09:08:16.259+0000] {processor.py:830} INFO - Processing file /opt/airflow/dags/ecommerce_pipeline.py for tasks to queue
[2026-04-22T09:08:16.260+0000] {logging_mixin.py:188} INFO - [2026-04-22T09:08:16.260+0000] {dagbag.py:538} INFO - Filling up the DagBag from /opt/airflow/dags/ecommerce_pipeline.py
[2026-04-22T09:08:16.289+0000] {processor.py:840} INFO - DAG(s) 'ecommerce_analytics_pipeline' retrieved from /opt/airflow/dags/ecommerce_pipeline.py
[2026-04-22T09:08:16.329+0000] {logging_mixin.py:188} INFO - [2026-04-22T09:08:16.329+0000] {dag.py:3036} INFO - Sync 1 DAGs
[2026-04-22T09:08:16.360+0000] {logging_mixin.py:188} INFO - [2026-04-22T09:08:16.360+0000] {dag.py:3823} INFO - Setting next_dagrun for ecommerce_analytics_pipeline to 2026-04-21 00:00:00+00:00, run_after=2026-04-22 00:00:00+00:00
[2026-04-22T09:08:16.389+0000] {processor.py:183} INFO - Processing /opt/airflow/dags/ecommerce_pipeline.py took 0.137 seconds
[2026-04-22T09:08:46.669+0000] {processor.py:161} INFO - Started process (PID=217) to work on /opt/airflow/dags/ecommerce_pipeline.py
[2026-04-22T09:08:46.670+0000] {processor.py:830} INFO - Processing file /opt/airflow/dags/ecommerce_pipeline.py for tasks to queue
[2026-04-22T09:08:46.672+0000] {logging_mixin.py:188} INFO - [2026-04-22T09:08:46.671+0000] {dagbag.py:538} INFO - Filling up the DagBag from /opt/airflow/dags/ecommerce_pipeline.py
[2026-04-22T09:08:46.705+0000] {processor.py:840} INFO - DAG(s) 'ecommerce_analytics_pipeline' retrieved from /opt/airflow/dags/ecommerce_pipeline.py
[2026-04-22T09:08:46.748+0000] {logging_mixin.py:188} INFO - [2026-04-22T09:08:46.748+0000] {dag.py:3036} INFO - Sync 1 DAGs
[2026-04-22T09:08:46.778+0000] {logging_mixin.py:188} INFO - [2026-04-22T09:08:46.778+0000] {dag.py:3823} INFO - Setting next_dagrun for ecommerce_analytics_pipeline to 2026-04-21 00:00:00+00:00, run_after=2026-04-22 00:00:00+00:00
[2026-04-22T09:08:46.809+0000] {processor.py:183} INFO - Processing /opt/airflow/dags/ecommerce_pipeline.py took 0.145 seconds
[2026-04-22T09:09:16.974+0000] {processor.py:161} INFO - Started process (PID=222) to work on /opt/airflow/dags/ecommerce_pipeline.py
[2026-04-22T09:09:16.976+0000] {processor.py:830} INFO - Processing file /opt/airflow/dags/ecommerce_pipeline.py for tasks to queue
[2026-04-22T09:09:16.978+0000] {logging_mixin.py:188} INFO - [2026-04-22T09:09:16.977+0000] {dagbag.py:538} INFO - Filling up the DagBag from /opt/airflow/dags/ecommerce_pipeline.py
[2026-04-22T09:09:17.011+0000] {processor.py:840} INFO - DAG(s) 'ecommerce_analytics_pipeline' retrieved from /opt/airflow/dags/ecommerce_pipeline.py
[2026-04-22T09:09:17.063+0000] {logging_mixin.py:188} INFO - [2026-04-22T09:09:17.062+0000] {dag.py:3036} INFO - Sync 1 DAGs
[2026-04-22T09:09:17.095+0000] {logging_mixin.py:188} INFO - [2026-04-22T09:09:17.094+0000] {dag.py:3823} INFO - Setting next_dagrun for ecommerce_analytics_pipeline to 2026-04-21 00:00:00+00:00, run_after=2026-04-22 00:00:00+00:00
[2026-04-22T09:09:17.124+0000] {processor.py:183} INFO - Processing /opt/airflow/dags/ecommerce_pipeline.py took 0.155 seconds
[2026-04-22T09:09:47.383+0000] {processor.py:161} INFO - Started process (PID=227) to work on /opt/airflow/dags/ecommerce_pipeline.py
[2026-04-22T09:09:47.385+0000] {processor.py:830} INFO - Processing file /opt/airflow/dags/ecommerce_pipeline.py for tasks to queue
[2026-04-22T09:09:47.386+0000] {logging_mixin.py:188} INFO - [2026-04-22T09:09:47.386+0000] {dagbag.py:538} INFO - Filling up the DagBag from /opt/airflow/dags/ecommerce_pipeline.py
[2026-04-22T09:09:47.422+0000] {processor.py:840} INFO - DAG(s) 'ecommerce_analytics_pipeline' retrieved from /opt/airflow/dags/ecommerce_pipeline.py
[2026-04-22T09:09:47.465+0000] {logging_mixin.py:188} INFO - [2026-04-22T09:09:47.464+0000] {dag.py:3036} INFO - Sync 1 DAGs
[2026-04-22T09:09:47.497+0000] {logging_mixin.py:188} INFO - [2026-04-22T09:09:47.497+0000] {dag.py:3823} INFO - Setting next_dagrun for ecommerce_analytics_pipeline to 2026-04-21 00:00:00+00:00, run_after=2026-04-22 00:00:00+00:00
[2026-04-22T09:09:47.523+0000] {processor.py:183} INFO - Processing /opt/airflow/dags/ecommerce_pipeline.py took 0.144 seconds
[2026-04-22T09:10:17.935+0000] {processor.py:161} INFO - Started process (PID=232) to work on /opt/airflow/dags/ecommerce_pipeline.py
[2026-04-22T09:10:17.936+0000] {processor.py:830} INFO - Processing file /opt/airflow/dags/ecommerce_pipeline.py for tasks to queue
[2026-04-22T09:10:17.938+0000] {logging_mixin.py:188} INFO - [2026-04-22T09:10:17.938+0000] {dagbag.py:538} INFO - Filling up the DagBag from /opt/airflow/dags/ecommerce_pipeline.py
[2026-04-22T09:10:17.969+0000] {processor.py:840} INFO - DAG(s) 'ecommerce_analytics_pipeline' retrieved from /opt/airflow/dags/ecommerce_pipeline.py
[2026-04-22T09:10:18.006+0000] {logging_mixin.py:188} INFO - [2026-04-22T09:10:18.006+0000] {dag.py:3036} INFO - Sync 1 DAGs
[2026-04-22T09:10:18.033+0000] {logging_mixin.py:188} INFO - [2026-04-22T09:10:18.033+0000] {dag.py:3823} INFO - Setting next_dagrun for ecommerce_analytics_pipeline to 2026-04-21 00:00:00+00:00, run_after=2026-04-22 00:00:00+00:00
[2026-04-22T09:10:18.061+0000] {processor.py:183} INFO - Processing /opt/airflow/dags/ecommerce_pipeline.py took 0.130 seconds
[2026-04-22T09:10:48.336+0000] {processor.py:161} INFO - Started process (PID=237) to work on /opt/airflow/dags/ecommerce_pipeline.py
[2026-04-22T09:10:48.338+0000] {processor.py:830} INFO - Processing file /opt/airflow/dags/ecommerce_pipeline.py for tasks to queue
[2026-04-22T09:10:48.340+0000] {logging_mixin.py:188} INFO - [2026-04-22T09:10:48.339+0000] {dagbag.py:538} INFO - Filling up the DagBag from /opt/airflow/dags/ecommerce_pipeline.py
[2026-04-22T09:10:48.375+0000] {processor.py:840} INFO - DAG(s) 'ecommerce_analytics_pipeline' retrieved from /opt/airflow/dags/ecommerce_pipeline.py
[2026-04-22T09:10:48.420+0000] {logging_mixin.py:188} INFO - [2026-04-22T09:10:48.419+0000] {dag.py:3036} INFO - Sync 1 DAGs
[2026-04-22T09:10:48.451+0000] {logging_mixin.py:188} INFO - [2026-04-22T09:10:48.450+0000] {dag.py:3823} INFO - Setting next_dagrun for ecommerce_analytics_pipeline to 2026-04-21 00:00:00+00:00, run_after=2026-04-22 00:00:00+00:00
[2026-04-22T09:10:48.480+0000] {processor.py:183} INFO - Processing /opt/airflow/dags/ecommerce_pipeline.py took 0.148 seconds
[2026-04-22T09:11:18.917+0000] {processor.py:161} INFO - Started process (PID=242) to work on /opt/airflow/dags/ecommerce_pipeline.py
[2026-04-22T09:11:18.919+0000] {processor.py:830} INFO - Processing file /opt/airflow/dags/ecommerce_pipeline.py for tasks to queue
[2026-04-22T09:11:18.920+0000] {logging_mixin.py:188} INFO - [2026-04-22T09:11:18.920+0000] {dagbag.py:538} INFO - Filling up the DagBag from /opt/airflow/dags/ecommerce_pipeline.py
[2026-04-22T09:11:18.952+0000] {processor.py:840} INFO - DAG(s) 'ecommerce_analytics_pipeline' retrieved from /opt/airflow/dags/ecommerce_pipeline.py
[2026-04-22T09:11:18.991+0000] {logging_mixin.py:188} INFO - [2026-04-22T09:11:18.991+0000] {dag.py:3036} INFO - Sync 1 DAGs
[2026-04-22T09:11:19.022+0000] {logging_mixin.py:188} INFO - [2026-04-22T09:11:19.021+0000] {dag.py:3823} INFO - Setting next_dagrun for ecommerce_analytics_pipeline to 2026-04-21 00:00:00+00:00, run_after=2026-04-22 00:00:00+00:00
[2026-04-22T09:11:19.051+0000] {processor.py:183} INFO - Processing /opt/airflow/dags/ecommerce_pipeline.py took 0.138 seconds
[2026-04-22T09:11:49.416+0000] {processor.py:161} INFO - Started process (PID=247) to work on /opt/airflow/dags/ecommerce_pipeline.py
[2026-04-22T09:11:49.417+0000] {processor.py:830} INFO - Processing file /opt/airflow/dags/ecommerce_pipeline.py for tasks to queue
[2026-04-22T09:11:49.419+0000] {logging_mixin.py:188} INFO - [2026-04-22T09:11:49.418+0000] {dagbag.py:538} INFO - Filling up the DagBag from /opt/airflow/dags/ecommerce_pipeline.py
[2026-04-22T09:11:49.449+0000] {processor.py:840} INFO - DAG(s) 'ecommerce_analytics_pipeline' retrieved from /opt/airflow/dags/ecommerce_pipeline.py
[2026-04-22T09:11:49.493+0000] {logging_mixin.py:188} INFO - [2026-04-22T09:11:49.492+0000] {dag.py:3036} INFO - Sync 1 DAGs
[2026-04-22T09:11:49.524+0000] {logging_mixin.py:188} INFO - [2026-04-22T09:11:49.524+0000] {dag.py:3823} INFO - Setting next_dagrun for ecommerce_analytics_pipeline to 2026-04-21 00:00:00+00:00, run_after=2026-04-22 00:00:00+00:00
[2026-04-22T09:11:49.553+0000] {processor.py:183} INFO - Processing /opt/airflow/dags/ecommerce_pipeline.py took 0.142 seconds
[2026-04-22T09:12:19.928+0000] {processor.py:161} INFO - Started process (PID=252) to work on /opt/airflow/dags/ecommerce_pipeline.py
[2026-04-22T09:12:19.929+0000] {processor.py:830} INFO - Processing file /opt/airflow/dags/ecommerce_pipeline.py for tasks to queue
[2026-04-22T09:12:19.930+0000] {logging_mixin.py:188} INFO - [2026-04-22T09:12:19.930+0000] {dagbag.py:538} INFO - Filling up the DagBag from /opt/airflow/dags/ecommerce_pipeline.py
[2026-04-22T09:12:19.961+0000] {processor.py:840} INFO - DAG(s) 'ecommerce_analytics_pipeline' retrieved from /opt/airflow/dags/ecommerce_pipeline.py
[2026-04-22T09:12:20.002+0000] {logging_mixin.py:188} INFO - [2026-04-22T09:12:20.001+0000] {dag.py:3036} INFO - Sync 1 DAGs
[2026-04-22T09:12:20.035+0000] {logging_mixin.py:188} INFO - [2026-04-22T09:12:20.034+0000] {dag.py:3823} INFO - Setting next_dagrun for ecommerce_analytics_pipeline to 2026-04-21 00:00:00+00:00, run_after=2026-04-22 00:00:00+00:00
[2026-04-22T09:12:20.064+0000] {processor.py:183} INFO - Processing /opt/airflow/dags/ecommerce_pipeline.py took 0.140 seconds
[2026-04-22T09:12:50.414+0000] {processor.py:161} INFO - Started process (PID=257) to work on /opt/airflow/dags/ecommerce_pipeline.py
[2026-04-22T09:12:50.416+0000] {processor.py:830} INFO - Processing file /opt/airflow/dags/ecommerce_pipeline.py for tasks to queue
[2026-04-22T09:12:50.418+0000] {logging_mixin.py:188} INFO - [2026-04-22T09:12:50.417+0000] {dagbag.py:538} INFO - Filling up the DagBag from /opt/airflow/dags/ecommerce_pipeline.py
[2026-04-22T09:12:50.454+0000] {processor.py:840} INFO - DAG(s) 'ecommerce_analytics_pipeline' retrieved from /opt/airflow/dags/ecommerce_pipeline.py
[2026-04-22T09:12:50.504+0000] {logging_mixin.py:188} INFO - [2026-04-22T09:12:50.504+0000] {dag.py:3036} INFO - Sync 1 DAGs
[2026-04-22T09:12:50.534+0000] {logging_mixin.py:188} INFO - [2026-04-22T09:12:50.534+0000] {dag.py:3823} INFO - Setting next_dagrun for ecommerce_analytics_pipeline to 2026-04-21 00:00:00+00:00, run_after=2026-04-22 00:00:00+00:00
[2026-04-22T09:12:50.566+0000] {processor.py:183} INFO - Processing /opt/airflow/dags/ecommerce_pipeline.py took 0.157 seconds
[2026-04-22T09:13:20.929+0000] {processor.py:161} INFO - Started process (PID=262) to work on /opt/airflow/dags/ecommerce_pipeline.py
[2026-04-22T09:13:20.930+0000] {processor.py:830} INFO - Processing file /opt/airflow/dags/ecommerce_pipeline.py for tasks to queue
[2026-04-22T09:13:20.932+0000] {logging_mixin.py:188} INFO - [2026-04-22T09:13:20.931+0000] {dagbag.py:538} INFO - Filling up the DagBag from /opt/airflow/dags/ecommerce_pipeline.py
[2026-04-22T09:13:20.962+0000] {processor.py:840} INFO - DAG(s) 'ecommerce_analytics_pipeline' retrieved from /opt/airflow/dags/ecommerce_pipeline.py
[2026-04-22T09:13:21.004+0000] {logging_mixin.py:188} INFO - [2026-04-22T09:13:21.004+0000] {dag.py:3036} INFO - Sync 1 DAGs
[2026-04-22T09:13:21.036+0000] {logging_mixin.py:188} INFO - [2026-04-22T09:13:21.036+0000] {dag.py:3823} INFO - Setting next_dagrun for ecommerce_analytics_pipeline to 2026-04-21 00:00:00+00:00, run_after=2026-04-22 00:00:00+00:00
[2026-04-22T09:13:21.064+0000] {processor.py:183} INFO - Processing /opt/airflow/dags/ecommerce_pipeline.py took 0.140 seconds
[2026-04-22T09:13:51.424+0000] {processor.py:161} INFO - Started process (PID=267) to work on /opt/airflow/dags/ecommerce_pipeline.py
[2026-04-22T09:13:51.426+0000] {processor.py:830} INFO - Processing file /opt/airflow/dags/ecommerce_pipeline.py for tasks to queue
[2026-04-22T09:13:51.428+0000] {logging_mixin.py:188} INFO - [2026-04-22T09:13:51.427+0000] {dagbag.py:538} INFO - Filling up the DagBag from /opt/airflow/dags/ecommerce_pipeline.py
[2026-04-22T09:13:51.458+0000] {processor.py:840} INFO - DAG(s) 'ecommerce_analytics_pipeline' retrieved from /opt/airflow/dags/ecommerce_pipeline.py
[2026-04-22T09:13:51.497+0000] {logging_mixin.py:188} INFO - [2026-04-22T09:13:51.497+0000] {dag.py:3036} INFO - Sync 1 DAGs
[2026-04-22T09:13:51.523+0000] {logging_mixin.py:188} INFO - [2026-04-22T09:13:51.523+0000] {dag.py:3823} INFO - Setting next_dagrun for ecommerce_analytics_pipeline to 2026-04-21 00:00:00+00:00, run_after=2026-04-22 00:00:00+00:00
[2026-04-22T09:13:51.551+0000] {processor.py:183} INFO - Processing /opt/airflow/dags/ecommerce_pipeline.py took 0.130 seconds
[2026-04-22T09:14:22.034+0000] {processor.py:161} INFO - Started process (PID=272) to work on /opt/airflow/dags/ecommerce_pipeline.py
[2026-04-22T09:14:22.043+0000] {processor.py:830} INFO - Processing file /opt/airflow/dags/ecommerce_pipeline.py for tasks to queue
[2026-04-22T09:14:22.048+0000] {logging_mixin.py:188} INFO - [2026-04-22T09:14:22.047+0000] {dagbag.py:538} INFO - Filling up the DagBag from /opt/airflow/dags/ecommerce_pipeline.py
[2026-04-22T09:14:22.156+0000] {processor.py:840} INFO - DAG(s) 'ecommerce_analytics_pipeline' retrieved from /opt/airflow/dags/ecommerce_pipeline.py
[2026-04-22T09:14:22.312+0000] {logging_mixin.py:188} INFO - [2026-04-22T09:14:22.311+0000] {dag.py:3036} INFO - Sync 1 DAGs
[2026-04-22T09:14:22.463+0000] {logging_mixin.py:188} INFO - [2026-04-22T09:14:22.462+0000] {dag.py:3823} INFO - Setting next_dagrun for ecommerce_analytics_pipeline to 2026-04-21 00:00:00+00:00, run_after=2026-04-22 00:00:00+00:00
[2026-04-22T09:14:22.538+0000] {processor.py:183} INFO - Processing /opt/airflow/dags/ecommerce_pipeline.py took 0.517 seconds
[2026-04-22T09:21:19.561+0000] {processor.py:161} INFO - Started process (PID=279) to work on /opt/airflow/dags/ecommerce_pipeline.py
[2026-04-22T09:21:19.578+0000] {processor.py:830} INFO - Processing file /opt/airflow/dags/ecommerce_pipeline.py for tasks to queue
[2026-04-22T09:21:19.593+0000] {logging_mixin.py:188} INFO - [2026-04-22T09:21:19.585+0000] {dagbag.py:538} INFO - Filling up the DagBag from /opt/airflow/dags/ecommerce_pipeline.py
[2026-04-22T09:21:19.722+0000] {processor.py:840} INFO - DAG(s) 'ecommerce_analytics_pipeline' retrieved from /opt/airflow/dags/ecommerce_pipeline.py
[2026-04-22T09:21:19.833+0000] {logging_mixin.py:188} INFO - [2026-04-22T09:21:19.832+0000] {dag.py:3036} INFO - Sync 1 DAGs
[2026-04-22T09:21:19.905+0000] {logging_mixin.py:188} INFO - [2026-04-22T09:21:19.904+0000] {dag.py:3823} INFO - Setting next_dagrun for ecommerce_analytics_pipeline to 2026-04-21 00:00:00+00:00, run_after=2026-04-22 00:00:00+00:00
[2026-04-22T09:21:19.954+0000] {processor.py:183} INFO - Processing /opt/airflow/dags/ecommerce_pipeline.py took 0.454 seconds
[2026-04-22T09:21:50.267+0000] {processor.py:161} INFO - Started process (PID=284) to work on /opt/airflow/dags/ecommerce_pipeline.py
[2026-04-22T09:21:50.269+0000] {processor.py:830} INFO - Processing file /opt/airflow/dags/ecommerce_pipeline.py for tasks to queue
[2026-04-22T09:21:50.272+0000] {logging_mixin.py:188} INFO - [2026-04-22T09:21:50.271+0000] {dagbag.py:538} INFO - Filling up the DagBag from /opt/airflow/dags/ecommerce_pipeline.py
[2026-04-22T09:21:50.309+0000] {processor.py:840} INFO - DAG(s) 'ecommerce_analytics_pipeline' retrieved from /opt/airflow/dags/ecommerce_pipeline.py
[2026-04-22T09:21:50.438+0000] {logging_mixin.py:188} INFO - [2026-04-22T09:21:50.438+0000] {dag.py:3036} INFO - Sync 1 DAGs
[2026-04-22T09:21:50.676+0000] {logging_mixin.py:188} INFO - [2026-04-22T09:21:50.670+0000] {dag.py:3823} INFO - Setting next_dagrun for ecommerce_analytics_pipeline to 2026-04-21 00:00:00+00:00, run_after=2026-04-22 00:00:00+00:00
[2026-04-22T09:21:50.826+0000] {processor.py:183} INFO - Processing /opt/airflow/dags/ecommerce_pipeline.py took 0.565 seconds
[2026-04-22T09:22:21.294+0000] {processor.py:161} INFO - Started process (PID=289) to work on /opt/airflow/dags/ecommerce_pipeline.py
[2026-04-22T09:22:21.297+0000] {processor.py:830} INFO - Processing file /opt/airflow/dags/ecommerce_pipeline.py for tasks to queue
[2026-04-22T09:22:21.299+0000] {logging_mixin.py:188} INFO - [2026-04-22T09:22:21.299+0000] {dagbag.py:538} INFO - Filling up the DagBag from /opt/airflow/dags/ecommerce_pipeline.py
[2026-04-22T09:22:21.335+0000] {processor.py:840} INFO - DAG(s) 'ecommerce_analytics_pipeline' retrieved from /opt/airflow/dags/ecommerce_pipeline.py
[2026-04-22T09:22:21.418+0000] {logging_mixin.py:188} INFO - [2026-04-22T09:22:21.417+0000] {dag.py:3036} INFO - Sync 1 DAGs
[2026-04-22T09:22:21.574+0000] {logging_mixin.py:188} INFO - [2026-04-22T09:22:21.573+0000] {dag.py:3823} INFO - Setting next_dagrun for ecommerce_analytics_pipeline to 2026-04-21 00:00:00+00:00, run_after=2026-04-22 00:00:00+00:00
[2026-04-22T09:22:21.623+0000] {processor.py:183} INFO - Processing /opt/airflow/dags/ecommerce_pipeline.py took 0.334 seconds
[2026-04-22T09:22:52.017+0000] {processor.py:161} INFO - Started process (PID=294) to work on /opt/airflow/dags/ecommerce_pipeline.py
[2026-04-22T09:22:52.025+0000] {processor.py:830} INFO - Processing file /opt/airflow/dags/ecommerce_pipeline.py for tasks to queue
[2026-04-22T09:22:52.029+0000] {logging_mixin.py:188} INFO - [2026-04-22T09:22:52.028+0000] {dagbag.py:538} INFO - Filling up the DagBag from /opt/airflow/dags/ecommerce_pipeline.py
[2026-04-22T09:22:52.116+0000] {processor.py:840} INFO - DAG(s) 'ecommerce_analytics_pipeline' retrieved from /opt/airflow/dags/ecommerce_pipeline.py
[2026-04-22T09:22:52.273+0000] {logging_mixin.py:188} INFO - [2026-04-22T09:22:52.272+0000] {dag.py:3036} INFO - Sync 1 DAGs
[2026-04-22T09:22:52.357+0000] {logging_mixin.py:188} INFO - [2026-04-22T09:22:52.357+0000] {dag.py:3823} INFO - Setting next_dagrun for ecommerce_analytics_pipeline to 2026-04-21 00:00:00+00:00, run_after=2026-04-22 00:00:00+00:00
[2026-04-22T09:22:52.426+0000] {processor.py:183} INFO - Processing /opt/airflow/dags/ecommerce_pipeline.py took 0.440 seconds
[2026-04-22T09:23:22.912+0000] {processor.py:161} INFO - Started process (PID=299) to work on /opt/airflow/dags/ecommerce_pipeline.py
[2026-04-22T09:23:22.914+0000] {processor.py:830} INFO - Processing file /opt/airflow/dags/ecommerce_pipeline.py for tasks to queue
[2026-04-22T09:23:22.915+0000] {logging_mixin.py:188} INFO - [2026-04-22T09:23:22.915+0000] {dagbag.py:538} INFO - Filling up the DagBag from /opt/airflow/dags/ecommerce_pipeline.py
[2026-04-22T09:23:22.953+0000] {processor.py:840} INFO - DAG(s) 'ecommerce_analytics_pipeline' retrieved from /opt/airflow/dags/ecommerce_pipeline.py
[2026-04-22T09:23:23.003+0000] {logging_mixin.py:188} INFO - [2026-04-22T09:23:23.003+0000] {dag.py:3036} INFO - Sync 1 DAGs
[2026-04-22T09:23:23.040+0000] {logging_mixin.py:188} INFO - [2026-04-22T09:23:23.039+0000] {dag.py:3823} INFO - Setting next_dagrun for ecommerce_analytics_pipeline to 2026-04-21 00:00:00+00:00, run_after=2026-04-22 00:00:00+00:00
[2026-04-22T09:23:23.068+0000] {processor.py:183} INFO - Processing /opt/airflow/dags/ecommerce_pipeline.py took 0.162 seconds
[2026-04-22T09:23:53.256+0000] {processor.py:161} INFO - Started process (PID=304) to work on /opt/airflow/dags/ecommerce_pipeline.py
[2026-04-22T09:23:53.258+0000] {processor.py:830} INFO - Processing file /opt/airflow/dags/ecommerce_pipeline.py for tasks to queue
[2026-04-22T09:23:53.260+0000] {logging_mixin.py:188} INFO - [2026-04-22T09:23:53.259+0000] {dagbag.py:538} INFO - Filling up the DagBag from /opt/airflow/dags/ecommerce_pipeline.py
[2026-04-22T09:23:53.310+0000] {processor.py:840} INFO - DAG(s) 'ecommerce_analytics_pipeline' retrieved from /opt/airflow/dags/ecommerce_pipeline.py
[2026-04-22T09:23:53.357+0000] {logging_mixin.py:188} INFO - [2026-04-22T09:23:53.357+0000] {dag.py:3036} INFO - Sync 1 DAGs
[2026-04-22T09:23:53.388+0000] {logging_mixin.py:188} INFO - [2026-04-22T09:23:53.387+0000] {dag.py:3823} INFO - Setting next_dagrun for ecommerce_analytics_pipeline to 2026-04-21 00:00:00+00:00, run_after=2026-04-22 00:00:00+00:00
[2026-04-22T09:23:53.414+0000] {processor.py:183} INFO - Processing /opt/airflow/dags/ecommerce_pipeline.py took 0.167 seconds
[2026-04-22T09:24:23.989+0000] {processor.py:161} INFO - Started process (PID=309) to work on /opt/airflow/dags/ecommerce_pipeline.py
[2026-04-22T09:24:23.991+0000] {processor.py:830} INFO - Processing file /opt/airflow/dags/ecommerce_pipeline.py for tasks to queue
[2026-04-22T09:24:23.992+0000] {logging_mixin.py:188} INFO - [2026-04-22T09:24:23.992+0000] {dagbag.py:538} INFO - Filling up the DagBag from /opt/airflow/dags/ecommerce_pipeline.py
[2026-04-22T09:24:24.033+0000] {processor.py:840} INFO - DAG(s) 'ecommerce_analytics_pipeline' retrieved from /opt/airflow/dags/ecommerce_pipeline.py
[2026-04-22T09:24:24.073+0000] {logging_mixin.py:188} INFO - [2026-04-22T09:24:24.073+0000] {dag.py:3036} INFO - Sync 1 DAGs
[2026-04-22T09:24:24.105+0000] {logging_mixin.py:188} INFO - [2026-04-22T09:24:24.105+0000] {dag.py:3823} INFO - Setting next_dagrun for ecommerce_analytics_pipeline to 2026-04-21 00:00:00+00:00, run_after=2026-04-22 00:00:00+00:00
[2026-04-22T09:24:24.140+0000] {processor.py:183} INFO - Processing /opt/airflow/dags/ecommerce_pipeline.py took 0.157 seconds
[2026-04-22T09:24:54.400+0000] {processor.py:161} INFO - Started process (PID=314) to work on /opt/airflow/dags/ecommerce_pipeline.py
[2026-04-22T09:24:54.402+0000] {processor.py:830} INFO - Processing file /opt/airflow/dags/ecommerce_pipeline.py for tasks to queue
[2026-04-22T09:24:54.403+0000] {logging_mixin.py:188} INFO - [2026-04-22T09:24:54.403+0000] {dagbag.py:538} INFO - Filling up the DagBag from /opt/airflow/dags/ecommerce_pipeline.py
[2026-04-22T09:24:54.429+0000] {processor.py:840} INFO - DAG(s) 'ecommerce_analytics_pipeline' retrieved from /opt/airflow/dags/ecommerce_pipeline.py
[2026-04-22T09:24:54.471+0000] {logging_mixin.py:188} INFO - [2026-04-22T09:24:54.471+0000] {dag.py:3036} INFO - Sync 1 DAGs
[2026-04-22T09:24:54.500+0000] {logging_mixin.py:188} INFO - [2026-04-22T09:24:54.499+0000] {dag.py:3823} INFO - Setting next_dagrun for ecommerce_analytics_pipeline to 2026-04-21 00:00:00+00:00, run_after=2026-04-22 00:00:00+00:00
[2026-04-22T09:24:54.528+0000] {processor.py:183} INFO - Processing /opt/airflow/dags/ecommerce_pipeline.py took 0.132 seconds
[2026-04-22T09:25:24.964+0000] {processor.py:161} INFO - Started process (PID=319) to work on /opt/airflow/dags/ecommerce_pipeline.py
[2026-04-22T09:25:24.965+0000] {processor.py:830} INFO - Processing file /opt/airflow/dags/ecommerce_pipeline.py for tasks to queue
[2026-04-22T09:25:24.966+0000] {logging_mixin.py:188} INFO - [2026-04-22T09:25:24.966+0000] {dagbag.py:538} INFO - Filling up the DagBag from /opt/airflow/dags/ecommerce_pipeline.py
[2026-04-22T09:25:25.001+0000] {processor.py:840} INFO - DAG(s) 'ecommerce_analytics_pipeline' retrieved from /opt/airflow/dags/ecommerce_pipeline.py
[2026-04-22T09:25:25.040+0000] {logging_mixin.py:188} INFO - [2026-04-22T09:25:25.040+0000] {dag.py:3036} INFO - Sync 1 DAGs
[2026-04-22T09:25:25.071+0000] {logging_mixin.py:188} INFO - [2026-04-22T09:25:25.071+0000] {dag.py:3823} INFO - Setting next_dagrun for ecommerce_analytics_pipeline to 2026-04-21 00:00:00+00:00, run_after=2026-04-22 00:00:00+00:00
[2026-04-22T09:25:25.105+0000] {processor.py:183} INFO - Processing /opt/airflow/dags/ecommerce_pipeline.py took 0.146 seconds
[2026-04-22T09:25:55.377+0000] {processor.py:161} INFO - Started process (PID=324) to work on /opt/airflow/dags/ecommerce_pipeline.py
[2026-04-22T09:25:55.379+0000] {processor.py:830} INFO - Processing file /opt/airflow/dags/ecommerce_pipeline.py for tasks to queue
[2026-04-22T09:25:55.380+0000] {logging_mixin.py:188} INFO - [2026-04-22T09:25:55.380+0000] {dagbag.py:538} INFO - Filling up the DagBag from /opt/airflow/dags/ecommerce_pipeline.py
[2026-04-22T09:25:55.412+0000] {processor.py:840} INFO - DAG(s) 'ecommerce_analytics_pipeline' retrieved from /opt/airflow/dags/ecommerce_pipeline.py
[2026-04-22T09:25:55.448+0000] {logging_mixin.py:188} INFO - [2026-04-22T09:25:55.448+0000] {dag.py:3036} INFO - Sync 1 DAGs
[2026-04-22T09:25:55.474+0000] {logging_mixin.py:188} INFO - [2026-04-22T09:25:55.474+0000] {dag.py:3823} INFO - Setting next_dagrun for ecommerce_analytics_pipeline to 2026-04-21 00:00:00+00:00, run_after=2026-04-22 00:00:00+00:00
[2026-04-22T09:25:55.500+0000] {processor.py:183} INFO - Processing /opt/airflow/dags/ecommerce_pipeline.py took 0.127 seconds
[2026-04-22T09:26:25.939+0000] {processor.py:161} INFO - Started process (PID=329) to work on /opt/airflow/dags/ecommerce_pipeline.py
[2026-04-22T09:26:25.941+0000] {processor.py:830} INFO - Processing file /opt/airflow/dags/ecommerce_pipeline.py for tasks to queue
[2026-04-22T09:26:25.943+0000] {logging_mixin.py:188} INFO - [2026-04-22T09:26:25.942+0000] {dagbag.py:538} INFO - Filling up the DagBag from /opt/airflow/dags/ecommerce_pipeline.py
[2026-04-22T09:26:25.981+0000] {processor.py:840} INFO - DAG(s) 'ecommerce_analytics_pipeline' retrieved from /opt/airflow/dags/ecommerce_pipeline.py
[2026-04-22T09:26:26.026+0000] {logging_mixin.py:188} INFO - [2026-04-22T09:26:26.026+0000] {dag.py:3036} INFO - Sync 1 DAGs
[2026-04-22T09:26:26.063+0000] {logging_mixin.py:188} INFO - [2026-04-22T09:26:26.062+0000] {dag.py:3823} INFO - Setting next_dagrun for ecommerce_analytics_pipeline to 2026-04-21 00:00:00+00:00, run_after=2026-04-22 00:00:00+00:00
[2026-04-22T09:26:26.099+0000] {processor.py:183} INFO - Processing /opt/airflow/dags/ecommerce_pipeline.py took 0.164 seconds
[2026-04-22T09:26:56.334+0000] {processor.py:161} INFO - Started process (PID=334) to work on /opt/airflow/dags/ecommerce_pipeline.py
[2026-04-22T09:26:56.336+0000] {processor.py:830} INFO - Processing file /opt/airflow/dags/ecommerce_pipeline.py for tasks to queue
[2026-04-22T09:26:56.337+0000] {logging_mixin.py:188} INFO - [2026-04-22T09:26:56.337+0000] {dagbag.py:538} INFO - Filling up the DagBag from /opt/airflow/dags/ecommerce_pipeline.py
[2026-04-22T09:26:56.398+0000] {processor.py:840} INFO - DAG(s) 'ecommerce_analytics_pipeline' retrieved from /opt/airflow/dags/ecommerce_pipeline.py
[2026-04-22T09:26:56.446+0000] {logging_mixin.py:188} INFO - [2026-04-22T09:26:56.446+0000] {dag.py:3036} INFO - Sync 1 DAGs
[2026-04-22T09:26:56.476+0000] {logging_mixin.py:188} INFO - [2026-04-22T09:26:56.476+0000] {dag.py:3823} INFO - Setting next_dagrun for ecommerce_analytics_pipeline to 2026-04-21 00:00:00+00:00, run_after=2026-04-22 00:00:00+00:00
[2026-04-22T09:26:56.506+0000] {processor.py:183} INFO - Processing /opt/airflow/dags/ecommerce_pipeline.py took 0.177 seconds
[2026-04-22T09:27:26.784+0000] {processor.py:161} INFO - Started process (PID=339) to work on /opt/airflow/dags/ecommerce_pipeline.py
[2026-04-22T09:27:26.785+0000] {processor.py:830} INFO - Processing file /opt/airflow/dags/ecommerce_pipeline.py for tasks to queue
[2026-04-22T09:27:26.787+0000] {logging_mixin.py:188} INFO - [2026-04-22T09:27:26.786+0000] {dagbag.py:538} INFO - Filling up the DagBag from /opt/airflow/dags/ecommerce_pipeline.py
[2026-04-22T09:27:26.820+0000] {processor.py:840} INFO - DAG(s) 'ecommerce_analytics_pipeline' retrieved from /opt/airflow/dags/ecommerce_pipeline.py
[2026-04-22T09:27:26.859+0000] {logging_mixin.py:188} INFO - [2026-04-22T09:27:26.859+0000] {dag.py:3036} INFO - Sync 1 DAGs
[2026-04-22T09:27:26.888+0000] {logging_mixin.py:188} INFO - [2026-04-22T09:27:26.888+0000] {dag.py:3823} INFO - Setting next_dagrun for ecommerce_analytics_pipeline to 2026-04-21 00:00:00+00:00, run_after=2026-04-22 00:00:00+00:00
[2026-04-22T09:27:26.920+0000] {processor.py:183} INFO - Processing /opt/airflow/dags/ecommerce_pipeline.py took 0.140 seconds
[2026-04-22T09:27:57.309+0000] {processor.py:161} INFO - Started process (PID=344) to work on /opt/airflow/dags/ecommerce_pipeline.py
[2026-04-22T09:27:57.311+0000] {processor.py:830} INFO - Processing file /opt/airflow/dags/ecommerce_pipeline.py for tasks to queue
[2026-04-22T09:27:57.312+0000] {logging_mixin.py:188} INFO - [2026-04-22T09:27:57.312+0000] {dagbag.py:538} INFO - Filling up the DagBag from /opt/airflow/dags/ecommerce_pipeline.py
[2026-04-22T09:27:57.342+0000] {processor.py:840} INFO - DAG(s) 'ecommerce_analytics_pipeline' retrieved from /opt/airflow/dags/ecommerce_pipeline.py
[2026-04-22T09:27:57.378+0000] {logging_mixin.py:188} INFO - [2026-04-22T09:27:57.378+0000] {dag.py:3036} INFO - Sync 1 DAGs
[2026-04-22T09:27:57.408+0000] {logging_mixin.py:188} INFO - [2026-04-22T09:27:57.408+0000] {dag.py:3823} INFO - Setting next_dagrun for ecommerce_analytics_pipeline to 2026-04-21 00:00:00+00:00, run_after=2026-04-22 00:00:00+00:00
[2026-04-22T09:27:57.436+0000] {processor.py:183} INFO - Processing /opt/airflow/dags/ecommerce_pipeline.py took 0.129 seconds
[2026-04-22T09:28:27.747+0000] {processor.py:161} INFO - Started process (PID=349) to work on /opt/airflow/dags/ecommerce_pipeline.py
[2026-04-22T09:28:27.749+0000] {processor.py:830} INFO - Processing file /opt/airflow/dags/ecommerce_pipeline.py for tasks to queue
[2026-04-22T09:28:27.750+0000] {logging_mixin.py:188} INFO - [2026-04-22T09:28:27.750+0000] {dagbag.py:538} INFO - Filling up the DagBag from /opt/airflow/dags/ecommerce_pipeline.py
[2026-04-22T09:28:27.783+0000] {processor.py:840} INFO - DAG(s) 'ecommerce_analytics_pipeline' retrieved from /opt/airflow/dags/ecommerce_pipeline.py
[2026-04-22T09:28:27.823+0000] {logging_mixin.py:188} INFO - [2026-04-22T09:28:27.823+0000] {dag.py:3036} INFO - Sync 1 DAGs
[2026-04-22T09:28:27.852+0000] {logging_mixin.py:188} INFO - [2026-04-22T09:28:27.852+0000] {dag.py:3823} INFO - Setting next_dagrun for ecommerce_analytics_pipeline to 2026-04-21 00:00:00+00:00, run_after=2026-04-22 00:00:00+00:00
[2026-04-22T09:28:27.881+0000] {processor.py:183} INFO - Processing /opt/airflow/dags/ecommerce_pipeline.py took 0.139 seconds
[2026-04-22T09:28:58.281+0000] {processor.py:161} INFO - Started process (PID=354) to work on /opt/airflow/dags/ecommerce_pipeline.py
[2026-04-22T09:28:58.284+0000] {processor.py:830} INFO - Processing file /opt/airflow/dags/ecommerce_pipeline.py for tasks to queue
[2026-04-22T09:28:58.285+0000] {logging_mixin.py:188} INFO - [2026-04-22T09:28:58.285+0000] {dagbag.py:538} INFO - Filling up the DagBag from /opt/airflow/dags/ecommerce_pipeline.py
[2026-04-22T09:28:58.317+0000] {processor.py:840} INFO - DAG(s) 'ecommerce_analytics_pipeline' retrieved from /opt/airflow/dags/ecommerce_pipeline.py
[2026-04-22T09:28:58.358+0000] {logging_mixin.py:188} INFO - [2026-04-22T09:28:58.358+0000] {dag.py:3036} INFO - Sync 1 DAGs
[2026-04-22T09:28:58.386+0000] {logging_mixin.py:188} INFO - [2026-04-22T09:28:58.385+0000] {dag.py:3823} INFO - Setting next_dagrun for ecommerce_analytics_pipeline to 2026-04-21 00:00:00+00:00, run_after=2026-04-22 00:00:00+00:00
[2026-04-22T09:28:58.411+0000] {processor.py:183} INFO - Processing /opt/airflow/dags/ecommerce_pipeline.py took 0.133 seconds
[2026-04-22T09:29:28.750+0000] {processor.py:161} INFO - Started process (PID=359) to work on /opt/airflow/dags/ecommerce_pipeline.py
[2026-04-22T09:29:28.752+0000] {processor.py:830} INFO - Processing file /opt/airflow/dags/ecommerce_pipeline.py for tasks to queue
[2026-04-22T09:29:28.753+0000] {logging_mixin.py:188} INFO - [2026-04-22T09:29:28.753+0000] {dagbag.py:538} INFO - Filling up the DagBag from /opt/airflow/dags/ecommerce_pipeline.py
[2026-04-22T09:29:28.789+0000] {processor.py:840} INFO - DAG(s) 'ecommerce_analytics_pipeline' retrieved from /opt/airflow/dags/ecommerce_pipeline.py
[2026-04-22T09:29:28.832+0000] {logging_mixin.py:188} INFO - [2026-04-22T09:29:28.831+0000] {dag.py:3036} INFO - Sync 1 DAGs
[2026-04-22T09:29:28.859+0000] {logging_mixin.py:188} INFO - [2026-04-22T09:29:28.858+0000] {dag.py:3823} INFO - Setting next_dagrun for ecommerce_analytics_pipeline to 2026-04-21 00:00:00+00:00, run_after=2026-04-22 00:00:00+00:00
[2026-04-22T09:29:28.885+0000] {processor.py:183} INFO - Processing /opt/airflow/dags/ecommerce_pipeline.py took 0.139 seconds
[2026-04-22T09:29:59.316+0000] {processor.py:161} INFO - Started process (PID=364) to work on /opt/airflow/dags/ecommerce_pipeline.py
[2026-04-22T09:29:59.318+0000] {processor.py:830} INFO - Processing file /opt/airflow/dags/ecommerce_pipeline.py for tasks to queue
[2026-04-22T09:29:59.319+0000] {logging_mixin.py:188} INFO - [2026-04-22T09:29:59.319+0000] {dagbag.py:538} INFO - Filling up the DagBag from /opt/airflow/dags/ecommerce_pipeline.py
[2026-04-22T09:29:59.353+0000] {processor.py:840} INFO - DAG(s) 'ecommerce_analytics_pipeline' retrieved from /opt/airflow/dags/ecommerce_pipeline.py
[2026-04-22T09:29:59.390+0000] {logging_mixin.py:188} INFO - [2026-04-22T09:29:59.389+0000] {dag.py:3036} INFO - Sync 1 DAGs
[2026-04-22T09:29:59.420+0000] {logging_mixin.py:188} INFO - [2026-04-22T09:29:59.420+0000] {dag.py:3823} INFO - Setting next_dagrun for ecommerce_analytics_pipeline to 2026-04-21 00:00:00+00:00, run_after=2026-04-22 00:00:00+00:00
[2026-04-22T09:29:59.453+0000] {processor.py:183} INFO - Processing /opt/airflow/dags/ecommerce_pipeline.py took 0.140 seconds
[2026-04-22T09:30:29.808+0000] {processor.py:161} INFO - Started process (PID=369) to work on /opt/airflow/dags/ecommerce_pipeline.py
[2026-04-22T09:30:29.810+0000] {processor.py:830} INFO - Processing file /opt/airflow/dags/ecommerce_pipeline.py for tasks to queue
[2026-04-22T09:30:29.812+0000] {logging_mixin.py:188} INFO - [2026-04-22T09:30:29.811+0000] {dagbag.py:538} INFO - Filling up the DagBag from /opt/airflow/dags/ecommerce_pipeline.py
[2026-04-22T09:30:29.848+0000] {processor.py:840} INFO - DAG(s) 'ecommerce_analytics_pipeline' retrieved from /opt/airflow/dags/ecommerce_pipeline.py
[2026-04-22T09:30:29.887+0000] {logging_mixin.py:188} INFO - [2026-04-22T09:30:29.887+0000] {dag.py:3036} INFO - Sync 1 DAGs
[2026-04-22T09:30:29.916+0000] {logging_mixin.py:188} INFO - [2026-04-22T09:30:29.916+0000] {dag.py:3823} INFO - Setting next_dagrun for ecommerce_analytics_pipeline to 2026-04-21 00:00:00+00:00, run_after=2026-04-22 00:00:00+00:00
[2026-04-22T09:30:29.942+0000] {processor.py:183} INFO - Processing /opt/airflow/dags/ecommerce_pipeline.py took 0.138 seconds
[2026-04-22T09:31:00.273+0000] {processor.py:161} INFO - Started process (PID=374) to work on /opt/airflow/dags/ecommerce_pipeline.py
[2026-04-22T09:31:00.274+0000] {processor.py:830} INFO - Processing file /opt/airflow/dags/ecommerce_pipeline.py for tasks to queue
[2026-04-22T09:31:00.276+0000] {logging_mixin.py:188} INFO - [2026-04-22T09:31:00.276+0000] {dagbag.py:538} INFO - Filling up the DagBag from /opt/airflow/dags/ecommerce_pipeline.py
[2026-04-22T09:31:00.309+0000] {processor.py:840} INFO - DAG(s) 'ecommerce_analytics_pipeline' retrieved from /opt/airflow/dags/ecommerce_pipeline.py
[2026-04-22T09:31:00.348+0000] {logging_mixin.py:188} INFO - [2026-04-22T09:31:00.348+0000] {dag.py:3036} INFO - Sync 1 DAGs
[2026-04-22T09:31:00.378+0000] {logging_mixin.py:188} INFO - [2026-04-22T09:31:00.377+0000] {dag.py:3823} INFO - Setting next_dagrun for ecommerce_analytics_pipeline to 2026-04-21 00:00:00+00:00, run_after=2026-04-22 00:00:00+00:00
[2026-04-22T09:31:00.403+0000] {processor.py:183} INFO - Processing /opt/airflow/dags/ecommerce_pipeline.py took 0.136 seconds
[2026-04-22T09:31:30.874+0000] {processor.py:161} INFO - Started process (PID=379) to work on /opt/airflow/dags/ecommerce_pipeline.py
[2026-04-22T09:31:30.876+0000] {processor.py:830} INFO - Processing file /opt/airflow/dags/ecommerce_pipeline.py for tasks to queue
[2026-04-22T09:31:30.878+0000] {logging_mixin.py:188} INFO - [2026-04-22T09:31:30.878+0000] {dagbag.py:538} INFO - Filling up the DagBag from /opt/airflow/dags/ecommerce_pipeline.py
[2026-04-22T09:31:30.910+0000] {processor.py:840} INFO - DAG(s) 'ecommerce_analytics_pipeline' retrieved from /opt/airflow/dags/ecommerce_pipeline.py
[2026-04-22T09:31:30.950+0000] {logging_mixin.py:188} INFO - [2026-04-22T09:31:30.949+0000] {dag.py:3036} INFO - Sync 1 DAGs
[2026-04-22T09:31:30.985+0000] {logging_mixin.py:188} INFO - [2026-04-22T09:31:30.985+0000] {dag.py:3823} INFO - Setting next_dagrun for ecommerce_analytics_pipeline to 2026-04-21 00:00:00+00:00, run_after=2026-04-22 00:00:00+00:00
[2026-04-22T09:31:31.019+0000] {processor.py:183} INFO - Processing /opt/airflow/dags/ecommerce_pipeline.py took 0.149 seconds
[2026-04-22T09:32:01.293+0000] {processor.py:161} INFO - Started process (PID=384) to work on /opt/airflow/dags/ecommerce_pipeline.py
[2026-04-22T09:32:01.295+0000] {processor.py:830} INFO - Processing file /opt/airflow/dags/ecommerce_pipeline.py for tasks to queue
[2026-04-22T09:32:01.296+0000] {logging_mixin.py:188} INFO - [2026-04-22T09:32:01.296+0000] {dagbag.py:538} INFO - Filling up the DagBag from /opt/airflow/dags/ecommerce_pipeline.py
[2026-04-22T09:32:01.326+0000] {processor.py:840} INFO - DAG(s) 'ecommerce_analytics_pipeline' retrieved from /opt/airflow/dags/ecommerce_pipeline.py
[2026-04-22T09:32:01.363+0000] {logging_mixin.py:188} INFO - [2026-04-22T09:32:01.363+0000] {dag.py:3036} INFO - Sync 1 DAGs
[2026-04-22T09:32:01.393+0000] {logging_mixin.py:188} INFO - [2026-04-22T09:32:01.393+0000] {dag.py:3823} INFO - Setting next_dagrun for ecommerce_analytics_pipeline to 2026-04-21 00:00:00+00:00, run_after=2026-04-22 00:00:00+00:00
[2026-04-22T09:32:01.423+0000] {processor.py:183} INFO - Processing /opt/airflow/dags/ecommerce_pipeline.py took 0.134 seconds
[2026-04-22T09:32:31.771+0000] {processor.py:161} INFO - Started process (PID=389) to work on /opt/airflow/dags/ecommerce_pipeline.py
[2026-04-22T09:32:31.772+0000] {processor.py:830} INFO - Processing file /opt/airflow/dags/ecommerce_pipeline.py for tasks to queue
[2026-04-22T09:32:31.774+0000] {logging_mixin.py:188} INFO - [2026-04-22T09:32:31.773+0000] {dagbag.py:538} INFO - Filling up the DagBag from /opt/airflow/dags/ecommerce_pipeline.py
[2026-04-22T09:32:31.805+0000] {processor.py:840} INFO - DAG(s) 'ecommerce_analytics_pipeline' retrieved from /opt/airflow/dags/ecommerce_pipeline.py
[2026-04-22T09:32:31.845+0000] {logging_mixin.py:188} INFO - [2026-04-22T09:32:31.845+0000] {dag.py:3036} INFO - Sync 1 DAGs
[2026-04-22T09:32:31.878+0000] {logging_mixin.py:188} INFO - [2026-04-22T09:32:31.877+0000] {dag.py:3823} INFO - Setting next_dagrun for ecommerce_analytics_pipeline to 2026-04-21 00:00:00+00:00, run_after=2026-04-22 00:00:00+00:00
[2026-04-22T09:32:31.912+0000] {processor.py:183} INFO - Processing /opt/airflow/dags/ecommerce_pipeline.py took 0.145 seconds
[2026-04-22T09:33:02.185+0000] {processor.py:161} INFO - Started process (PID=394) to work on /opt/airflow/dags/ecommerce_pipeline.py
[2026-04-22T09:33:02.187+0000] {processor.py:830} INFO - Processing file /opt/airflow/dags/ecommerce_pipeline.py for tasks to queue
[2026-04-22T09:33:02.189+0000] {logging_mixin.py:188} INFO - [2026-04-22T09:33:02.188+0000] {dagbag.py:538} INFO - Filling up the DagBag from /opt/airflow/dags/ecommerce_pipeline.py
[2026-04-22T09:33:02.224+0000] {processor.py:840} INFO - DAG(s) 'ecommerce_analytics_pipeline' retrieved from /opt/airflow/dags/ecommerce_pipeline.py
[2026-04-22T09:33:02.264+0000] {logging_mixin.py:188} INFO - [2026-04-22T09:33:02.263+0000] {dag.py:3036} INFO - Sync 1 DAGs
[2026-04-22T09:33:02.296+0000] {logging_mixin.py:188} INFO - [2026-04-22T09:33:02.295+0000] {dag.py:3823} INFO - Setting next_dagrun for ecommerce_analytics_pipeline to 2026-04-21 00:00:00+00:00, run_after=2026-04-22 00:00:00+00:00
[2026-04-22T09:33:02.323+0000] {processor.py:183} INFO - Processing /opt/airflow/dags/ecommerce_pipeline.py took 0.143 seconds
[2026-04-22T09:33:32.736+0000] {processor.py:161} INFO - Started process (PID=399) to work on /opt/airflow/dags/ecommerce_pipeline.py
[2026-04-22T09:33:32.738+0000] {processor.py:830} INFO - Processing file /opt/airflow/dags/ecommerce_pipeline.py for tasks to queue
[2026-04-22T09:33:32.740+0000] {logging_mixin.py:188} INFO - [2026-04-22T09:33:32.740+0000] {dagbag.py:538} INFO - Filling up the DagBag from /opt/airflow/dags/ecommerce_pipeline.py
[2026-04-22T09:33:32.776+0000] {processor.py:840} INFO - DAG(s) 'ecommerce_analytics_pipeline' retrieved from /opt/airflow/dags/ecommerce_pipeline.py
[2026-04-22T09:33:32.814+0000] {logging_mixin.py:188} INFO - [2026-04-22T09:33:32.814+0000] {dag.py:3036} INFO - Sync 1 DAGs
[2026-04-22T09:33:32.842+0000] {logging_mixin.py:188} INFO - [2026-04-22T09:33:32.842+0000] {dag.py:3823} INFO - Setting next_dagrun for ecommerce_analytics_pipeline to 2026-04-21 00:00:00+00:00, run_after=2026-04-22 00:00:00+00:00
[2026-04-22T09:33:32.867+0000] {processor.py:183} INFO - Processing /opt/airflow/dags/ecommerce_pipeline.py took 0.136 seconds
[2026-04-22T09:34:03.136+0000] {processor.py:161} INFO - Started process (PID=404) to work on /opt/airflow/dags/ecommerce_pipeline.py
[2026-04-22T09:34:03.137+0000] {processor.py:830} INFO - Processing file /opt/airflow/dags/ecommerce_pipeline.py for tasks to queue
[2026-04-22T09:34:03.139+0000] {logging_mixin.py:188} INFO - [2026-04-22T09:34:03.138+0000] {dagbag.py:538} INFO - Filling up the DagBag from /opt/airflow/dags/ecommerce_pipeline.py
[2026-04-22T09:34:03.177+0000] {processor.py:840} INFO - DAG(s) 'ecommerce_analytics_pipeline' retrieved from /opt/airflow/dags/ecommerce_pipeline.py
[2026-04-22T09:34:03.226+0000] {logging_mixin.py:188} INFO - [2026-04-22T09:34:03.225+0000] {dag.py:3036} INFO - Sync 1 DAGs
[2026-04-22T09:34:03.259+0000] {logging_mixin.py:188} INFO - [2026-04-22T09:34:03.259+0000] {dag.py:3823} INFO - Setting next_dagrun for ecommerce_analytics_pipeline to 2026-04-21 00:00:00+00:00, run_after=2026-04-22 00:00:00+00:00
[2026-04-22T09:34:03.287+0000] {processor.py:183} INFO - Processing /opt/airflow/dags/ecommerce_pipeline.py took 0.157 seconds
[2026-04-22T09:34:33.691+0000] {processor.py:161} INFO - Started process (PID=409) to work on /opt/airflow/dags/ecommerce_pipeline.py
[2026-04-22T09:34:33.692+0000] {processor.py:830} INFO - Processing file /opt/airflow/dags/ecommerce_pipeline.py for tasks to queue
[2026-04-22T09:34:33.694+0000] {logging_mixin.py:188} INFO - [2026-04-22T09:34:33.693+0000] {dagbag.py:538} INFO - Filling up the DagBag from /opt/airflow/dags/ecommerce_pipeline.py
[2026-04-22T09:34:33.726+0000] {processor.py:840} INFO - DAG(s) 'ecommerce_analytics_pipeline' retrieved from /opt/airflow/dags/ecommerce_pipeline.py
[2026-04-22T09:34:33.767+0000] {logging_mixin.py:188} INFO - [2026-04-22T09:34:33.767+0000] {dag.py:3036} INFO - Sync 1 DAGs
[2026-04-22T09:34:33.795+0000] {logging_mixin.py:188} INFO - [2026-04-22T09:34:33.795+0000] {dag.py:3823} INFO - Setting next_dagrun for ecommerce_analytics_pipeline to 2026-04-21 00:00:00+00:00, run_after=2026-04-22 00:00:00+00:00
[2026-04-22T09:34:33.822+0000] {processor.py:183} INFO - Processing /opt/airflow/dags/ecommerce_pipeline.py took 0.134 seconds
[2026-04-22T09:35:04.102+0000] {processor.py:161} INFO - Started process (PID=414) to work on /opt/airflow/dags/ecommerce_pipeline.py
[2026-04-22T09:35:04.104+0000] {processor.py:830} INFO - Processing file /opt/airflow/dags/ecommerce_pipeline.py for tasks to queue
[2026-04-22T09:35:04.105+0000] {logging_mixin.py:188} INFO - [2026-04-22T09:35:04.104+0000] {dagbag.py:538} INFO - Filling up the DagBag from /opt/airflow/dags/ecommerce_pipeline.py
[2026-04-22T09:35:04.140+0000] {processor.py:840} INFO - DAG(s) 'ecommerce_analytics_pipeline' retrieved from /opt/airflow/dags/ecommerce_pipeline.py
[2026-04-22T09:35:04.192+0000] {logging_mixin.py:188} INFO - [2026-04-22T09:35:04.191+0000] {dag.py:3036} INFO - Sync 1 DAGs
[2026-04-22T09:35:04.256+0000] {logging_mixin.py:188} INFO - [2026-04-22T09:35:04.255+0000] {dag.py:3823} INFO - Setting next_dagrun for ecommerce_analytics_pipeline to 2026-04-21 00:00:00+00:00, run_after=2026-04-22 00:00:00+00:00
[2026-04-22T09:35:04.319+0000] {processor.py:183} INFO - Processing /opt/airflow/dags/ecommerce_pipeline.py took 0.221 seconds
[2026-04-22T09:35:34.676+0000] {processor.py:161} INFO - Started process (PID=419) to work on /opt/airflow/dags/ecommerce_pipeline.py
[2026-04-22T09:35:34.678+0000] {processor.py:830} INFO - Processing file /opt/airflow/dags/ecommerce_pipeline.py for tasks to queue
[2026-04-22T09:35:34.680+0000] {logging_mixin.py:188} INFO - [2026-04-22T09:35:34.680+0000] {dagbag.py:538} INFO - Filling up the DagBag from /opt/airflow/dags/ecommerce_pipeline.py
[2026-04-22T09:35:34.718+0000] {processor.py:840} INFO - DAG(s) 'ecommerce_analytics_pipeline' retrieved from /opt/airflow/dags/ecommerce_pipeline.py
[2026-04-22T09:35:34.758+0000] {logging_mixin.py:188} INFO - [2026-04-22T09:35:34.758+0000] {dag.py:3036} INFO - Sync 1 DAGs
[2026-04-22T09:35:34.793+0000] {logging_mixin.py:188} INFO - [2026-04-22T09:35:34.793+0000] {dag.py:3823} INFO - Setting next_dagrun for ecommerce_analytics_pipeline to 2026-04-21 00:00:00+00:00, run_after=2026-04-22 00:00:00+00:00
[2026-04-22T09:35:34.823+0000] {processor.py:183} INFO - Processing /opt/airflow/dags/ecommerce_pipeline.py took 0.152 seconds
[2026-04-22T09:36:05.257+0000] {processor.py:161} INFO - Started process (PID=424) to work on /opt/airflow/dags/ecommerce_pipeline.py
[2026-04-22T09:36:05.259+0000] {processor.py:830} INFO - Processing file /opt/airflow/dags/ecommerce_pipeline.py for tasks to queue
[2026-04-22T09:36:05.260+0000] {logging_mixin.py:188} INFO - [2026-04-22T09:36:05.260+0000] {dagbag.py:538} INFO - Filling up the DagBag from /opt/airflow/dags/ecommerce_pipeline.py
[2026-04-22T09:36:05.298+0000] {processor.py:840} INFO - DAG(s) 'ecommerce_analytics_pipeline' retrieved from /opt/airflow/dags/ecommerce_pipeline.py
[2026-04-22T09:36:05.336+0000] {logging_mixin.py:188} INFO - [2026-04-22T09:36:05.335+0000] {dag.py:3036} INFO - Sync 1 DAGs
[2026-04-22T09:36:05.363+0000] {logging_mixin.py:188} INFO - [2026-04-22T09:36:05.363+0000] {dag.py:3823} INFO - Setting next_dagrun for ecommerce_analytics_pipeline to 2026-04-21 00:00:00+00:00, run_after=2026-04-22 00:00:00+00:00
[2026-04-22T09:36:05.392+0000] {processor.py:183} INFO - Processing /opt/airflow/dags/ecommerce_pipeline.py took 0.140 seconds
[2026-04-22T09:36:35.679+0000] {processor.py:161} INFO - Started process (PID=429) to work on /opt/airflow/dags/ecommerce_pipeline.py
[2026-04-22T09:36:35.681+0000] {processor.py:830} INFO - Processing file /opt/airflow/dags/ecommerce_pipeline.py for tasks to queue
[2026-04-22T09:36:35.683+0000] {logging_mixin.py:188} INFO - [2026-04-22T09:36:35.683+0000] {dagbag.py:538} INFO - Filling up the DagBag from /opt/airflow/dags/ecommerce_pipeline.py
[2026-04-22T09:36:35.734+0000] {processor.py:840} INFO - DAG(s) 'ecommerce_analytics_pipeline' retrieved from /opt/airflow/dags/ecommerce_pipeline.py
[2026-04-22T09:36:35.801+0000] {logging_mixin.py:188} INFO - [2026-04-22T09:36:35.801+0000] {dag.py:3036} INFO - Sync 1 DAGs
[2026-04-22T09:36:35.848+0000] {logging_mixin.py:188} INFO - [2026-04-22T09:36:35.847+0000] {dag.py:3823} INFO - Setting next_dagrun for ecommerce_analytics_pipeline to 2026-04-21 00:00:00+00:00, run_after=2026-04-22 00:00:00+00:00
[2026-04-22T09:36:35.890+0000] {processor.py:183} INFO - Processing /opt/airflow/dags/ecommerce_pipeline.py took 0.217 seconds
[2026-04-22T09:37:06.272+0000] {processor.py:161} INFO - Started process (PID=434) to work on /opt/airflow/dags/ecommerce_pipeline.py
[2026-04-22T09:37:06.274+0000] {processor.py:830} INFO - Processing file /opt/airflow/dags/ecommerce_pipeline.py for tasks to queue
[2026-04-22T09:37:06.275+0000] {logging_mixin.py:188} INFO - [2026-04-22T09:37:06.275+0000] {dagbag.py:538} INFO - Filling up the DagBag from /opt/airflow/dags/ecommerce_pipeline.py
[2026-04-22T09:37:06.320+0000] {processor.py:840} INFO - DAG(s) 'ecommerce_analytics_pipeline' retrieved from /opt/airflow/dags/ecommerce_pipeline.py
[2026-04-22T09:37:06.373+0000] {logging_mixin.py:188} INFO - [2026-04-22T09:37:06.373+0000] {dag.py:3036} INFO - Sync 1 DAGs
[2026-04-22T09:37:06.437+0000] {logging_mixin.py:188} INFO - [2026-04-22T09:37:06.436+0000] {dag.py:3823} INFO - Setting next_dagrun for ecommerce_analytics_pipeline to 2026-04-21 00:00:00+00:00, run_after=2026-04-22 00:00:00+00:00
[2026-04-22T09:37:06.486+0000] {processor.py:183} INFO - Processing /opt/airflow/dags/ecommerce_pipeline.py took 0.219 seconds
[2026-04-22T09:37:36.581+0000] {processor.py:161} INFO - Started process (PID=439) to work on /opt/airflow/dags/ecommerce_pipeline.py
[2026-04-22T09:37:36.583+0000] {processor.py:830} INFO - Processing file /opt/airflow/dags/ecommerce_pipeline.py for tasks to queue
[2026-04-22T09:37:36.585+0000] {logging_mixin.py:188} INFO - [2026-04-22T09:37:36.584+0000] {dagbag.py:538} INFO - Filling up the DagBag from /opt/airflow/dags/ecommerce_pipeline.py
[2026-04-22T09:37:36.627+0000] {processor.py:840} INFO - DAG(s) 'ecommerce_analytics_pipeline' retrieved from /opt/airflow/dags/ecommerce_pipeline.py
[2026-04-22T09:37:36.675+0000] {logging_mixin.py:188} INFO - [2026-04-22T09:37:36.675+0000] {dag.py:3036} INFO - Sync 1 DAGs
[2026-04-22T09:37:36.723+0000] {logging_mixin.py:188} INFO - [2026-04-22T09:37:36.722+0000] {dag.py:3823} INFO - Setting next_dagrun for ecommerce_analytics_pipeline to 2026-04-21 00:00:00+00:00, run_after=2026-04-22 00:00:00+00:00
[2026-04-22T09:37:36.752+0000] {processor.py:183} INFO - Processing /opt/airflow/dags/ecommerce_pipeline.py took 0.176 seconds
[2026-04-22T09:38:07.159+0000] {processor.py:161} INFO - Started process (PID=444) to work on /opt/airflow/dags/ecommerce_pipeline.py
[2026-04-22T09:38:07.160+0000] {processor.py:830} INFO - Processing file /opt/airflow/dags/ecommerce_pipeline.py for tasks to queue
[2026-04-22T09:38:07.162+0000] {logging_mixin.py:188} INFO - [2026-04-22T09:38:07.162+0000] {dagbag.py:538} INFO - Filling up the DagBag from /opt/airflow/dags/ecommerce_pipeline.py
[2026-04-22T09:38:07.192+0000] {processor.py:840} INFO - DAG(s) 'ecommerce_analytics_pipeline' retrieved from /opt/airflow/dags/ecommerce_pipeline.py
[2026-04-22T09:38:07.763+0000] {logging_mixin.py:188} INFO - [2026-04-22T09:38:07.762+0000] {dag.py:3036} INFO - Sync 1 DAGs
[2026-04-22T09:38:07.791+0000] {logging_mixin.py:188} INFO - [2026-04-22T09:38:07.791+0000] {dag.py:3823} INFO - Setting next_dagrun for ecommerce_analytics_pipeline to 2026-04-21 00:00:00+00:00, run_after=2026-04-22 00:00:00+00:00
[2026-04-22T09:38:07.820+0000] {processor.py:183} INFO - Processing /opt/airflow/dags/ecommerce_pipeline.py took 0.665 seconds
[2026-04-22T09:38:38.314+0000] {processor.py:161} INFO - Started process (PID=449) to work on /opt/airflow/dags/ecommerce_pipeline.py
[2026-04-22T09:38:38.315+0000] {processor.py:830} INFO - Processing file /opt/airflow/dags/ecommerce_pipeline.py for tasks to queue
[2026-04-22T09:38:38.317+0000] {logging_mixin.py:188} INFO - [2026-04-22T09:38:38.316+0000] {dagbag.py:538} INFO - Filling up the DagBag from /opt/airflow/dags/ecommerce_pipeline.py
[2026-04-22T09:38:38.349+0000] {processor.py:840} INFO - DAG(s) 'ecommerce_analytics_pipeline' retrieved from /opt/airflow/dags/ecommerce_pipeline.py
[2026-04-22T09:38:38.392+0000] {logging_mixin.py:188} INFO - [2026-04-22T09:38:38.392+0000] {dag.py:3036} INFO - Sync 1 DAGs
[2026-04-22T09:38:38.423+0000] {logging_mixin.py:188} INFO - [2026-04-22T09:38:38.422+0000] {dag.py:3823} INFO - Setting next_dagrun for ecommerce_analytics_pipeline to 2026-04-21 00:00:00+00:00, run_after=2026-04-22 00:00:00+00:00
[2026-04-22T09:38:38.452+0000] {processor.py:183} INFO - Processing /opt/airflow/dags/ecommerce_pipeline.py took 0.142 seconds
[2026-04-22T09:39:08.756+0000] {processor.py:161} INFO - Started process (PID=454) to work on /opt/airflow/dags/ecommerce_pipeline.py
[2026-04-22T09:39:08.758+0000] {processor.py:830} INFO - Processing file /opt/airflow/dags/ecommerce_pipeline.py for tasks to queue
[2026-04-22T09:39:08.760+0000] {logging_mixin.py:188} INFO - [2026-04-22T09:39:08.760+0000] {dagbag.py:538} INFO - Filling up the DagBag from /opt/airflow/dags/ecommerce_pipeline.py
[2026-04-22T09:39:08.801+0000] {processor.py:840} INFO - DAG(s) 'ecommerce_analytics_pipeline' retrieved from /opt/airflow/dags/ecommerce_pipeline.py
[2026-04-22T09:39:08.840+0000] {logging_mixin.py:188} INFO - [2026-04-22T09:39:08.840+0000] {dag.py:3036} INFO - Sync 1 DAGs
[2026-04-22T09:39:08.872+0000] {logging_mixin.py:188} INFO - [2026-04-22T09:39:08.872+0000] {dag.py:3823} INFO - Setting next_dagrun for ecommerce_analytics_pipeline to 2026-04-21 00:00:00+00:00, run_after=2026-04-22 00:00:00+00:00
[2026-04-22T09:39:08.906+0000] {processor.py:183} INFO - Processing /opt/airflow/dags/ecommerce_pipeline.py took 0.155 seconds
[2026-04-22T09:39:39.092+0000] {processor.py:161} INFO - Started process (PID=459) to work on /opt/airflow/dags/ecommerce_pipeline.py
[2026-04-22T09:39:39.093+0000] {processor.py:830} INFO - Processing file /opt/airflow/dags/ecommerce_pipeline.py for tasks to queue
[2026-04-22T09:39:39.095+0000] {logging_mixin.py:188} INFO - [2026-04-22T09:39:39.094+0000] {dagbag.py:538} INFO - Filling up the DagBag from /opt/airflow/dags/ecommerce_pipeline.py
[2026-04-22T09:39:39.126+0000] {processor.py:840} INFO - DAG(s) 'ecommerce_analytics_pipeline' retrieved from /opt/airflow/dags/ecommerce_pipeline.py
[2026-04-22T09:39:39.172+0000] {logging_mixin.py:188} INFO - [2026-04-22T09:39:39.171+0000] {dag.py:3036} INFO - Sync 1 DAGs
[2026-04-22T09:39:39.210+0000] {logging_mixin.py:188} INFO - [2026-04-22T09:39:39.210+0000] {dag.py:3823} INFO - Setting next_dagrun for ecommerce_analytics_pipeline to 2026-04-21 00:00:00+00:00, run_after=2026-04-22 00:00:00+00:00
[2026-04-22T09:39:39.238+0000] {processor.py:183} INFO - Processing /opt/airflow/dags/ecommerce_pipeline.py took 0.151 seconds
[2026-04-22T09:40:09.608+0000] {processor.py:161} INFO - Started process (PID=464) to work on /opt/airflow/dags/ecommerce_pipeline.py
[2026-04-22T09:40:09.610+0000] {processor.py:830} INFO - Processing file /opt/airflow/dags/ecommerce_pipeline.py for tasks to queue
[2026-04-22T09:40:09.612+0000] {logging_mixin.py:188} INFO - [2026-04-22T09:40:09.612+0000] {dagbag.py:538} INFO - Filling up the DagBag from /opt/airflow/dags/ecommerce_pipeline.py
[2026-04-22T09:40:09.649+0000] {processor.py:840} INFO - DAG(s) 'ecommerce_analytics_pipeline' retrieved from /opt/airflow/dags/ecommerce_pipeline.py
[2026-04-22T09:40:09.687+0000] {logging_mixin.py:188} INFO - [2026-04-22T09:40:09.686+0000] {dag.py:3036} INFO - Sync 1 DAGs
[2026-04-22T09:40:09.714+0000] {logging_mixin.py:188} INFO - [2026-04-22T09:40:09.713+0000] {dag.py:3823} INFO - Setting next_dagrun for ecommerce_analytics_pipeline to 2026-04-21 00:00:00+00:00, run_after=2026-04-22 00:00:00+00:00
[2026-04-22T09:40:09.740+0000] {processor.py:183} INFO - Processing /opt/airflow/dags/ecommerce_pipeline.py took 0.136 seconds
[2026-04-22T09:40:40.125+0000] {processor.py:161} INFO - Started process (PID=469) to work on /opt/airflow/dags/ecommerce_pipeline.py
[2026-04-22T09:40:40.127+0000] {processor.py:830} INFO - Processing file /opt/airflow/dags/ecommerce_pipeline.py for tasks to queue
[2026-04-22T09:40:40.128+0000] {logging_mixin.py:188} INFO - [2026-04-22T09:40:40.127+0000] {dagbag.py:538} INFO - Filling up the DagBag from /opt/airflow/dags/ecommerce_pipeline.py
[2026-04-22T09:40:40.161+0000] {processor.py:840} INFO - DAG(s) 'ecommerce_analytics_pipeline' retrieved from /opt/airflow/dags/ecommerce_pipeline.py
[2026-04-22T09:40:40.199+0000] {logging_mixin.py:188} INFO - [2026-04-22T09:40:40.199+0000] {dag.py:3036} INFO - Sync 1 DAGs
[2026-04-22T09:40:40.230+0000] {logging_mixin.py:188} INFO - [2026-04-22T09:40:40.229+0000] {dag.py:3823} INFO - Setting next_dagrun for ecommerce_analytics_pipeline to 2026-04-21 00:00:00+00:00, run_after=2026-04-22 00:00:00+00:00
[2026-04-22T09:40:40.263+0000] {processor.py:183} INFO - Processing /opt/airflow/dags/ecommerce_pipeline.py took 0.142 seconds
[2026-04-22T09:41:10.652+0000] {processor.py:161} INFO - Started process (PID=474) to work on /opt/airflow/dags/ecommerce_pipeline.py
[2026-04-22T09:41:10.654+0000] {processor.py:830} INFO - Processing file /opt/airflow/dags/ecommerce_pipeline.py for tasks to queue
[2026-04-22T09:41:10.655+0000] {logging_mixin.py:188} INFO - [2026-04-22T09:41:10.655+0000] {dagbag.py:538} INFO - Filling up the DagBag from /opt/airflow/dags/ecommerce_pipeline.py
[2026-04-22T09:41:10.691+0000] {processor.py:840} INFO - DAG(s) 'ecommerce_analytics_pipeline' retrieved from /opt/airflow/dags/ecommerce_pipeline.py
[2026-04-22T09:41:10.734+0000] {logging_mixin.py:188} INFO - [2026-04-22T09:41:10.733+0000] {dag.py:3036} INFO - Sync 1 DAGs
[2026-04-22T09:41:10.761+0000] {logging_mixin.py:188} INFO - [2026-04-22T09:41:10.760+0000] {dag.py:3823} INFO - Setting next_dagrun for ecommerce_analytics_pipeline to 2026-04-21 00:00:00+00:00, run_after=2026-04-22 00:00:00+00:00
[2026-04-22T09:41:10.787+0000] {processor.py:183} INFO - Processing /opt/airflow/dags/ecommerce_pipeline.py took 0.140 seconds
[2026-04-22T09:41:41.229+0000] {processor.py:161} INFO - Started process (PID=479) to work on /opt/airflow/dags/ecommerce_pipeline.py
[2026-04-22T09:41:41.231+0000] {processor.py:830} INFO - Processing file /opt/airflow/dags/ecommerce_pipeline.py for tasks to queue
[2026-04-22T09:41:41.232+0000] {logging_mixin.py:188} INFO - [2026-04-22T09:41:41.232+0000] {dagbag.py:538} INFO - Filling up the DagBag from /opt/airflow/dags/ecommerce_pipeline.py
[2026-04-22T09:41:41.266+0000] {processor.py:840} INFO - DAG(s) 'ecommerce_analytics_pipeline' retrieved from /opt/airflow/dags/ecommerce_pipeline.py
[2026-04-22T09:41:41.305+0000] {logging_mixin.py:188} INFO - [2026-04-22T09:41:41.305+0000] {dag.py:3036} INFO - Sync 1 DAGs
[2026-04-22T09:41:41.333+0000] {logging_mixin.py:188} INFO - [2026-04-22T09:41:41.333+0000] {dag.py:3823} INFO - Setting next_dagrun for ecommerce_analytics_pipeline to 2026-04-21 00:00:00+00:00, run_after=2026-04-22 00:00:00+00:00
[2026-04-22T09:41:41.363+0000] {processor.py:183} INFO - Processing /opt/airflow/dags/ecommerce_pipeline.py took 0.137 seconds
[2026-04-22T09:42:11.776+0000] {processor.py:161} INFO - Started process (PID=484) to work on /opt/airflow/dags/ecommerce_pipeline.py
[2026-04-22T09:42:11.780+0000] {processor.py:830} INFO - Processing file /opt/airflow/dags/ecommerce_pipeline.py for tasks to queue
[2026-04-22T09:42:11.795+0000] {logging_mixin.py:188} INFO - [2026-04-22T09:42:11.794+0000] {dagbag.py:538} INFO - Filling up the DagBag from /opt/airflow/dags/ecommerce_pipeline.py
[2026-04-22T09:42:11.832+0000] {processor.py:840} INFO - DAG(s) 'ecommerce_analytics_pipeline' retrieved from /opt/airflow/dags/ecommerce_pipeline.py
[2026-04-22T09:42:11.875+0000] {logging_mixin.py:188} INFO - [2026-04-22T09:42:11.874+0000] {dag.py:3036} INFO - Sync 1 DAGs
[2026-04-22T09:42:11.912+0000] {logging_mixin.py:188} INFO - [2026-04-22T09:42:11.912+0000] {dag.py:3823} INFO - Setting next_dagrun for ecommerce_analytics_pipeline to 2026-04-21 00:00:00+00:00, run_after=2026-04-22 00:00:00+00:00
[2026-04-22T09:42:11.943+0000] {processor.py:183} INFO - Processing /opt/airflow/dags/ecommerce_pipeline.py took 0.179 seconds
[2026-04-22T09:42:42.199+0000] {processor.py:161} INFO - Started process (PID=489) to work on /opt/airflow/dags/ecommerce_pipeline.py
[2026-04-22T09:42:42.204+0000] {processor.py:830} INFO - Processing file /opt/airflow/dags/ecommerce_pipeline.py for tasks to queue
[2026-04-22T09:42:42.207+0000] {logging_mixin.py:188} INFO - [2026-04-22T09:42:42.206+0000] {dagbag.py:538} INFO - Filling up the DagBag from /opt/airflow/dags/ecommerce_pipeline.py
[2026-04-22T09:42:42.254+0000] {processor.py:840} INFO - DAG(s) 'ecommerce_analytics_pipeline' retrieved from /opt/airflow/dags/ecommerce_pipeline.py
[2026-04-22T09:42:42.313+0000] {logging_mixin.py:188} INFO - [2026-04-22T09:42:42.313+0000] {dag.py:3036} INFO - Sync 1 DAGs
[2026-04-22T09:42:42.347+0000] {logging_mixin.py:188} INFO - [2026-04-22T09:42:42.346+0000] {dag.py:3823} INFO - Setting next_dagrun for ecommerce_analytics_pipeline to 2026-04-21 00:00:00+00:00, run_after=2026-04-22 00:00:00+00:00
[2026-04-22T09:42:42.376+0000] {processor.py:183} INFO - Processing /opt/airflow/dags/ecommerce_pipeline.py took 0.183 seconds
[2026-04-22T09:43:12.782+0000] {processor.py:161} INFO - Started process (PID=494) to work on /opt/airflow/dags/ecommerce_pipeline.py
[2026-04-22T09:43:12.783+0000] {processor.py:830} INFO - Processing file /opt/airflow/dags/ecommerce_pipeline.py for tasks to queue
[2026-04-22T09:43:12.785+0000] {logging_mixin.py:188} INFO - [2026-04-22T09:43:12.784+0000] {dagbag.py:538} INFO - Filling up the DagBag from /opt/airflow/dags/ecommerce_pipeline.py
[2026-04-22T09:43:12.818+0000] {processor.py:840} INFO - DAG(s) 'ecommerce_analytics_pipeline' retrieved from /opt/airflow/dags/ecommerce_pipeline.py
[2026-04-22T09:43:12.859+0000] {logging_mixin.py:188} INFO - [2026-04-22T09:43:12.859+0000] {dag.py:3036} INFO - Sync 1 DAGs
[2026-04-22T09:43:12.884+0000] {logging_mixin.py:188} INFO - [2026-04-22T09:43:12.884+0000] {dag.py:3823} INFO - Setting next_dagrun for ecommerce_analytics_pipeline to 2026-04-21 00:00:00+00:00, run_after=2026-04-22 00:00:00+00:00
[2026-04-22T09:43:12.913+0000] {processor.py:183} INFO - Processing /opt/airflow/dags/ecommerce_pipeline.py took 0.135 seconds
[2026-04-22T09:43:43.193+0000] {processor.py:161} INFO - Started process (PID=499) to work on /opt/airflow/dags/ecommerce_pipeline.py
[2026-04-22T09:43:43.195+0000] {processor.py:830} INFO - Processing file /opt/airflow/dags/ecommerce_pipeline.py for tasks to queue
[2026-04-22T09:43:43.197+0000] {logging_mixin.py:188} INFO - [2026-04-22T09:43:43.196+0000] {dagbag.py:538} INFO - Filling up the DagBag from /opt/airflow/dags/ecommerce_pipeline.py
[2026-04-22T09:43:43.238+0000] {processor.py:840} INFO - DAG(s) 'ecommerce_analytics_pipeline' retrieved from /opt/airflow/dags/ecommerce_pipeline.py
[2026-04-22T09:43:43.283+0000] {logging_mixin.py:188} INFO - [2026-04-22T09:43:43.283+0000] {dag.py:3036} INFO - Sync 1 DAGs
[2026-04-22T09:43:43.316+0000] {logging_mixin.py:188} INFO - [2026-04-22T09:43:43.316+0000] {dag.py:3823} INFO - Setting next_dagrun for ecommerce_analytics_pipeline to 2026-04-21 00:00:00+00:00, run_after=2026-04-22 00:00:00+00:00
[2026-04-22T09:43:43.347+0000] {processor.py:183} INFO - Processing /opt/airflow/dags/ecommerce_pipeline.py took 0.158 seconds
[2026-04-22T09:44:13.713+0000] {processor.py:161} INFO - Started process (PID=504) to work on /opt/airflow/dags/ecommerce_pipeline.py
[2026-04-22T09:44:13.715+0000] {processor.py:830} INFO - Processing file /opt/airflow/dags/ecommerce_pipeline.py for tasks to queue
[2026-04-22T09:44:13.717+0000] {logging_mixin.py:188} INFO - [2026-04-22T09:44:13.717+0000] {dagbag.py:538} INFO - Filling up the DagBag from /opt/airflow/dags/ecommerce_pipeline.py
[2026-04-22T09:44:13.762+0000] {processor.py:840} INFO - DAG(s) 'ecommerce_analytics_pipeline' retrieved from /opt/airflow/dags/ecommerce_pipeline.py
[2026-04-22T09:44:13.800+0000] {logging_mixin.py:188} INFO - [2026-04-22T09:44:13.800+0000] {dag.py:3036} INFO - Sync 1 DAGs
[2026-04-22T09:44:13.831+0000] {logging_mixin.py:188} INFO - [2026-04-22T09:44:13.831+0000] {dag.py:3823} INFO - Setting next_dagrun for ecommerce_analytics_pipeline to 2026-04-21 00:00:00+00:00, run_after=2026-04-22 00:00:00+00:00
[2026-04-22T09:44:13.863+0000] {processor.py:183} INFO - Processing /opt/airflow/dags/ecommerce_pipeline.py took 0.156 seconds
[2026-04-22T09:44:44.108+0000] {processor.py:161} INFO - Started process (PID=509) to work on /opt/airflow/dags/ecommerce_pipeline.py
[2026-04-22T09:44:44.110+0000] {processor.py:830} INFO - Processing file /opt/airflow/dags/ecommerce_pipeline.py for tasks to queue
[2026-04-22T09:44:44.111+0000] {logging_mixin.py:188} INFO - [2026-04-22T09:44:44.111+0000] {dagbag.py:538} INFO - Filling up the DagBag from /opt/airflow/dags/ecommerce_pipeline.py
[2026-04-22T09:44:44.149+0000] {processor.py:840} INFO - DAG(s) 'ecommerce_analytics_pipeline' retrieved from /opt/airflow/dags/ecommerce_pipeline.py
[2026-04-22T09:44:44.193+0000] {logging_mixin.py:188} INFO - [2026-04-22T09:44:44.193+0000] {dag.py:3036} INFO - Sync 1 DAGs
[2026-04-22T09:44:44.228+0000] {logging_mixin.py:188} INFO - [2026-04-22T09:44:44.227+0000] {dag.py:3823} INFO - Setting next_dagrun for ecommerce_analytics_pipeline to 2026-04-21 00:00:00+00:00, run_after=2026-04-22 00:00:00+00:00
[2026-04-22T09:44:44.258+0000] {processor.py:183} INFO - Processing /opt/airflow/dags/ecommerce_pipeline.py took 0.155 seconds
[2026-04-22T09:45:14.673+0000] {processor.py:161} INFO - Started process (PID=514) to work on /opt/airflow/dags/ecommerce_pipeline.py
[2026-04-22T09:45:14.675+0000] {processor.py:830} INFO - Processing file /opt/airflow/dags/ecommerce_pipeline.py for tasks to queue
[2026-04-22T09:45:14.676+0000] {logging_mixin.py:188} INFO - [2026-04-22T09:45:14.676+0000] {dagbag.py:538} INFO - Filling up the DagBag from /opt/airflow/dags/ecommerce_pipeline.py
[2026-04-22T09:45:14.731+0000] {processor.py:840} INFO - DAG(s) 'ecommerce_analytics_pipeline' retrieved from /opt/airflow/dags/ecommerce_pipeline.py
[2026-04-22T09:45:14.811+0000] {logging_mixin.py:188} INFO - [2026-04-22T09:45:14.811+0000] {dag.py:3036} INFO - Sync 1 DAGs
[2026-04-22T09:45:14.869+0000] {logging_mixin.py:188} INFO - [2026-04-22T09:45:14.868+0000] {dag.py:3823} INFO - Setting next_dagrun for ecommerce_analytics_pipeline to 2026-04-21 00:00:00+00:00, run_after=2026-04-22 00:00:00+00:00
[2026-04-22T09:45:14.895+0000] {processor.py:183} INFO - Processing /opt/airflow/dags/ecommerce_pipeline.py took 0.227 seconds
[2026-04-22T09:45:44.998+0000] {processor.py:161} INFO - Started process (PID=519) to work on /opt/airflow/dags/ecommerce_pipeline.py
[2026-04-22T09:45:45.000+0000] {processor.py:830} INFO - Processing file /opt/airflow/dags/ecommerce_pipeline.py for tasks to queue
[2026-04-22T09:45:45.002+0000] {logging_mixin.py:188} INFO - [2026-04-22T09:45:45.001+0000] {dagbag.py:538} INFO - Filling up the DagBag from /opt/airflow/dags/ecommerce_pipeline.py
[2026-04-22T09:45:45.036+0000] {processor.py:840} INFO - DAG(s) 'ecommerce_analytics_pipeline' retrieved from /opt/airflow/dags/ecommerce_pipeline.py
[2026-04-22T09:45:45.075+0000] {logging_mixin.py:188} INFO - [2026-04-22T09:45:45.075+0000] {dag.py:3036} INFO - Sync 1 DAGs
[2026-04-22T09:45:45.112+0000] {logging_mixin.py:188} INFO - [2026-04-22T09:45:45.112+0000] {dag.py:3823} INFO - Setting next_dagrun for ecommerce_analytics_pipeline to 2026-04-21 00:00:00+00:00, run_after=2026-04-22 00:00:00+00:00
[2026-04-22T09:45:45.144+0000] {processor.py:183} INFO - Processing /opt/airflow/dags/ecommerce_pipeline.py took 0.151 seconds
[2026-04-22T09:46:15.427+0000] {processor.py:161} INFO - Started process (PID=524) to work on /opt/airflow/dags/ecommerce_pipeline.py
[2026-04-22T09:46:15.429+0000] {processor.py:830} INFO - Processing file /opt/airflow/dags/ecommerce_pipeline.py for tasks to queue
[2026-04-22T09:46:15.430+0000] {logging_mixin.py:188} INFO - [2026-04-22T09:46:15.430+0000] {dagbag.py:538} INFO - Filling up the DagBag from /opt/airflow/dags/ecommerce_pipeline.py
[2026-04-22T09:46:15.462+0000] {processor.py:840} INFO - DAG(s) 'ecommerce_analytics_pipeline' retrieved from /opt/airflow/dags/ecommerce_pipeline.py
[2026-04-22T09:46:15.500+0000] {logging_mixin.py:188} INFO - [2026-04-22T09:46:15.500+0000] {dag.py:3036} INFO - Sync 1 DAGs
[2026-04-22T09:46:15.528+0000] {logging_mixin.py:188} INFO - [2026-04-22T09:46:15.528+0000] {dag.py:3823} INFO - Setting next_dagrun for ecommerce_analytics_pipeline to 2026-04-21 00:00:00+00:00, run_after=2026-04-22 00:00:00+00:00
[2026-04-22T09:46:15.554+0000] {processor.py:183} INFO - Processing /opt/airflow/dags/ecommerce_pipeline.py took 0.131 seconds
[2026-04-22T09:46:45.961+0000] {processor.py:161} INFO - Started process (PID=529) to work on /opt/airflow/dags/ecommerce_pipeline.py
[2026-04-22T09:46:45.963+0000] {processor.py:830} INFO - Processing file /opt/airflow/dags/ecommerce_pipeline.py for tasks to queue
[2026-04-22T09:46:45.965+0000] {logging_mixin.py:188} INFO - [2026-04-22T09:46:45.964+0000] {dagbag.py:538} INFO - Filling up the DagBag from /opt/airflow/dags/ecommerce_pipeline.py
[2026-04-22T09:46:45.997+0000] {processor.py:840} INFO - DAG(s) 'ecommerce_analytics_pipeline' retrieved from /opt/airflow/dags/ecommerce_pipeline.py
[2026-04-22T09:46:46.036+0000] {logging_mixin.py:188} INFO - [2026-04-22T09:46:46.036+0000] {dag.py:3036} INFO - Sync 1 DAGs
[2026-04-22T09:46:46.069+0000] {logging_mixin.py:188} INFO - [2026-04-22T09:46:46.069+0000] {dag.py:3823} INFO - Setting next_dagrun for ecommerce_analytics_pipeline to 2026-04-21 00:00:00+00:00, run_after=2026-04-22 00:00:00+00:00
[2026-04-22T09:46:46.098+0000] {processor.py:183} INFO - Processing /opt/airflow/dags/ecommerce_pipeline.py took 0.141 seconds
[2026-04-22T09:47:16.355+0000] {processor.py:161} INFO - Started process (PID=534) to work on /opt/airflow/dags/ecommerce_pipeline.py
[2026-04-22T09:47:16.357+0000] {processor.py:830} INFO - Processing file /opt/airflow/dags/ecommerce_pipeline.py for tasks to queue
[2026-04-22T09:47:16.359+0000] {logging_mixin.py:188} INFO - [2026-04-22T09:47:16.358+0000] {dagbag.py:538} INFO - Filling up the DagBag from /opt/airflow/dags/ecommerce_pipeline.py
[2026-04-22T09:47:16.394+0000] {processor.py:840} INFO - DAG(s) 'ecommerce_analytics_pipeline' retrieved from /opt/airflow/dags/ecommerce_pipeline.py
[2026-04-22T09:47:16.437+0000] {logging_mixin.py:188} INFO - [2026-04-22T09:47:16.437+0000] {dag.py:3036} INFO - Sync 1 DAGs
[2026-04-22T09:47:16.470+0000] {logging_mixin.py:188} INFO - [2026-04-22T09:47:16.470+0000] {dag.py:3823} INFO - Setting next_dagrun for ecommerce_analytics_pipeline to 2026-04-21 00:00:00+00:00, run_after=2026-04-22 00:00:00+00:00
[2026-04-22T09:47:16.500+0000] {processor.py:183} INFO - Processing /opt/airflow/dags/ecommerce_pipeline.py took 0.151 seconds
[2026-04-22T09:47:46.898+0000] {processor.py:161} INFO - Started process (PID=539) to work on /opt/airflow/dags/ecommerce_pipeline.py
[2026-04-22T09:47:46.900+0000] {processor.py:830} INFO - Processing file /opt/airflow/dags/ecommerce_pipeline.py for tasks to queue
[2026-04-22T09:47:46.902+0000] {logging_mixin.py:188} INFO - [2026-04-22T09:47:46.901+0000] {dagbag.py:538} INFO - Filling up the DagBag from /opt/airflow/dags/ecommerce_pipeline.py
[2026-04-22T09:47:46.937+0000] {processor.py:840} INFO - DAG(s) 'ecommerce_analytics_pipeline' retrieved from /opt/airflow/dags/ecommerce_pipeline.py
[2026-04-22T09:47:46.973+0000] {logging_mixin.py:188} INFO - [2026-04-22T09:47:46.972+0000] {dag.py:3036} INFO - Sync 1 DAGs
[2026-04-22T09:47:46.999+0000] {logging_mixin.py:188} INFO - [2026-04-22T09:47:46.998+0000] {dag.py:3823} INFO - Setting next_dagrun for ecommerce_analytics_pipeline to 2026-04-21 00:00:00+00:00, run_after=2026-04-22 00:00:00+00:00
[2026-04-22T09:47:47.029+0000] {processor.py:183} INFO - Processing /opt/airflow/dags/ecommerce_pipeline.py took 0.134 seconds
[2026-04-22T10:00:39.467+0000] {processor.py:161} INFO - Started process (PID=544) to work on /opt/airflow/dags/ecommerce_pipeline.py
[2026-04-22T10:00:39.471+0000] {processor.py:830} INFO - Processing file /opt/airflow/dags/ecommerce_pipeline.py for tasks to queue
[2026-04-22T10:00:39.474+0000] {logging_mixin.py:188} INFO - [2026-04-22T10:00:39.473+0000] {dagbag.py:538} INFO - Filling up the DagBag from /opt/airflow/dags/ecommerce_pipeline.py
[2026-04-22T10:00:39.554+0000] {processor.py:840} INFO - DAG(s) 'ecommerce_analytics_pipeline' retrieved from /opt/airflow/dags/ecommerce_pipeline.py
[2026-04-22T10:00:39.635+0000] {logging_mixin.py:188} INFO - [2026-04-22T10:00:39.634+0000] {dag.py:3036} INFO - Sync 1 DAGs
[2026-04-22T10:00:39.692+0000] {logging_mixin.py:188} INFO - [2026-04-22T10:00:39.691+0000] {dag.py:3823} INFO - Setting next_dagrun for ecommerce_analytics_pipeline to 2026-04-21 00:00:00+00:00, run_after=2026-04-22 00:00:00+00:00
[2026-04-22T10:00:39.730+0000] {processor.py:183} INFO - Processing /opt/airflow/dags/ecommerce_pipeline.py took 0.279 seconds
[2026-04-22T10:01:10.080+0000] {processor.py:161} INFO - Started process (PID=551) to work on /opt/airflow/dags/ecommerce_pipeline.py
[2026-04-22T10:01:10.082+0000] {processor.py:830} INFO - Processing file /opt/airflow/dags/ecommerce_pipeline.py for tasks to queue
[2026-04-22T10:01:10.084+0000] {logging_mixin.py:188} INFO - [2026-04-22T10:01:10.084+0000] {dagbag.py:538} INFO - Filling up the DagBag from /opt/airflow/dags/ecommerce_pipeline.py
[2026-04-22T10:01:10.226+0000] {processor.py:840} INFO - DAG(s) 'ecommerce_analytics_pipeline' retrieved from /opt/airflow/dags/ecommerce_pipeline.py
[2026-04-22T10:01:10.380+0000] {logging_mixin.py:188} INFO - [2026-04-22T10:01:10.379+0000] {dag.py:3036} INFO - Sync 1 DAGs
[2026-04-22T10:01:10.471+0000] {logging_mixin.py:188} INFO - [2026-04-22T10:01:10.471+0000] {dag.py:3823} INFO - Setting next_dagrun for ecommerce_analytics_pipeline to 2026-04-21 00:00:00+00:00, run_after=2026-04-22 00:00:00+00:00
[2026-04-22T10:01:10.520+0000] {processor.py:183} INFO - Processing /opt/airflow/dags/ecommerce_pipeline.py took 0.448 seconds
[2026-04-22T10:01:41.014+0000] {processor.py:161} INFO - Started process (PID=556) to work on /opt/airflow/dags/ecommerce_pipeline.py
[2026-04-22T10:01:41.016+0000] {processor.py:830} INFO - Processing file /opt/airflow/dags/ecommerce_pipeline.py for tasks to queue
[2026-04-22T10:01:41.017+0000] {logging_mixin.py:188} INFO - [2026-04-22T10:01:41.017+0000] {dagbag.py:538} INFO - Filling up the DagBag from /opt/airflow/dags/ecommerce_pipeline.py
[2026-04-22T10:01:41.053+0000] {processor.py:840} INFO - DAG(s) 'ecommerce_analytics_pipeline' retrieved from /opt/airflow/dags/ecommerce_pipeline.py
[2026-04-22T10:01:41.098+0000] {logging_mixin.py:188} INFO - [2026-04-22T10:01:41.098+0000] {dag.py:3036} INFO - Sync 1 DAGs
[2026-04-22T10:01:41.131+0000] {logging_mixin.py:188} INFO - [2026-04-22T10:01:41.131+0000] {dag.py:3823} INFO - Setting next_dagrun for ecommerce_analytics_pipeline to 2026-04-21 00:00:00+00:00, run_after=2026-04-22 00:00:00+00:00
[2026-04-22T10:01:41.161+0000] {processor.py:183} INFO - Processing /opt/airflow/dags/ecommerce_pipeline.py took 0.153 seconds
[2026-04-22T10:02:11.457+0000] {processor.py:161} INFO - Started process (PID=561) to work on /opt/airflow/dags/ecommerce_pipeline.py
[2026-04-22T10:02:11.459+0000] {processor.py:830} INFO - Processing file /opt/airflow/dags/ecommerce_pipeline.py for tasks to queue
[2026-04-22T10:02:11.460+0000] {logging_mixin.py:188} INFO - [2026-04-22T10:02:11.460+0000] {dagbag.py:538} INFO - Filling up the DagBag from /opt/airflow/dags/ecommerce_pipeline.py
[2026-04-22T10:02:11.497+0000] {processor.py:840} INFO - DAG(s) 'ecommerce_analytics_pipeline' retrieved from /opt/airflow/dags/ecommerce_pipeline.py
[2026-04-22T10:02:11.546+0000] {logging_mixin.py:188} INFO - [2026-04-22T10:02:11.545+0000] {dag.py:3036} INFO - Sync 1 DAGs
[2026-04-22T10:02:11.577+0000] {logging_mixin.py:188} INFO - [2026-04-22T10:02:11.576+0000] {dag.py:3823} INFO - Setting next_dagrun for ecommerce_analytics_pipeline to 2026-04-21 00:00:00+00:00, run_after=2026-04-22 00:00:00+00:00
[2026-04-22T10:02:11.607+0000] {processor.py:183} INFO - Processing /opt/airflow/dags/ecommerce_pipeline.py took 0.155 seconds
[2026-04-22T10:02:42.101+0000] {processor.py:161} INFO - Started process (PID=566) to work on /opt/airflow/dags/ecommerce_pipeline.py
[2026-04-22T10:02:42.103+0000] {processor.py:830} INFO - Processing file /opt/airflow/dags/ecommerce_pipeline.py for tasks to queue
[2026-04-22T10:02:42.104+0000] {logging_mixin.py:188} INFO - [2026-04-22T10:02:42.104+0000] {dagbag.py:538} INFO - Filling up the DagBag from /opt/airflow/dags/ecommerce_pipeline.py
[2026-04-22T10:02:42.142+0000] {processor.py:840} INFO - DAG(s) 'ecommerce_analytics_pipeline' retrieved from /opt/airflow/dags/ecommerce_pipeline.py
[2026-04-22T10:02:42.186+0000] {logging_mixin.py:188} INFO - [2026-04-22T10:02:42.186+0000] {dag.py:3036} INFO - Sync 1 DAGs
[2026-04-22T10:02:42.220+0000] {logging_mixin.py:188} INFO - [2026-04-22T10:02:42.220+0000] {dag.py:3823} INFO - Setting next_dagrun for ecommerce_analytics_pipeline to 2026-04-21 00:00:00+00:00, run_after=2026-04-22 00:00:00+00:00
[2026-04-22T10:02:42.254+0000] {processor.py:183} INFO - Processing /opt/airflow/dags/ecommerce_pipeline.py took 0.156 seconds
[2026-04-22T10:03:12.572+0000] {processor.py:161} INFO - Started process (PID=571) to work on /opt/airflow/dags/ecommerce_pipeline.py
[2026-04-22T10:03:12.574+0000] {processor.py:830} INFO - Processing file /opt/airflow/dags/ecommerce_pipeline.py for tasks to queue
[2026-04-22T10:03:12.575+0000] {logging_mixin.py:188} INFO - [2026-04-22T10:03:12.575+0000] {dagbag.py:538} INFO - Filling up the DagBag from /opt/airflow/dags/ecommerce_pipeline.py
[2026-04-22T10:03:12.611+0000] {processor.py:840} INFO - DAG(s) 'ecommerce_analytics_pipeline' retrieved from /opt/airflow/dags/ecommerce_pipeline.py
[2026-04-22T10:03:12.657+0000] {logging_mixin.py:188} INFO - [2026-04-22T10:03:12.657+0000] {dag.py:3036} INFO - Sync 1 DAGs
[2026-04-22T10:03:12.687+0000] {logging_mixin.py:188} INFO - [2026-04-22T10:03:12.686+0000] {dag.py:3823} INFO - Setting next_dagrun for ecommerce_analytics_pipeline to 2026-04-21 00:00:00+00:00, run_after=2026-04-22 00:00:00+00:00
[2026-04-22T10:03:12.716+0000] {processor.py:183} INFO - Processing /opt/airflow/dags/ecommerce_pipeline.py took 0.149 seconds
[2026-04-22T10:03:43.251+0000] {processor.py:161} INFO - Started process (PID=576) to work on /opt/airflow/dags/ecommerce_pipeline.py
[2026-04-22T10:03:43.253+0000] {processor.py:830} INFO - Processing file /opt/airflow/dags/ecommerce_pipeline.py for tasks to queue
[2026-04-22T10:03:43.255+0000] {logging_mixin.py:188} INFO - [2026-04-22T10:03:43.255+0000] {dagbag.py:538} INFO - Filling up the DagBag from /opt/airflow/dags/ecommerce_pipeline.py
[2026-04-22T10:03:43.293+0000] {processor.py:840} INFO - DAG(s) 'ecommerce_analytics_pipeline' retrieved from /opt/airflow/dags/ecommerce_pipeline.py
[2026-04-22T10:03:43.337+0000] {logging_mixin.py:188} INFO - [2026-04-22T10:03:43.337+0000] {dag.py:3036} INFO - Sync 1 DAGs
[2026-04-22T10:03:43.369+0000] {logging_mixin.py:188} INFO - [2026-04-22T10:03:43.368+0000] {dag.py:3823} INFO - Setting next_dagrun for ecommerce_analytics_pipeline to 2026-04-21 00:00:00+00:00, run_after=2026-04-22 00:00:00+00:00
[2026-04-22T10:03:43.393+0000] {processor.py:183} INFO - Processing /opt/airflow/dags/ecommerce_pipeline.py took 0.147 seconds
[2026-04-22T10:04:13.744+0000] {processor.py:161} INFO - Started process (PID=581) to work on /opt/airflow/dags/ecommerce_pipeline.py
[2026-04-22T10:04:13.746+0000] {processor.py:830} INFO - Processing file /opt/airflow/dags/ecommerce_pipeline.py for tasks to queue
[2026-04-22T10:04:13.748+0000] {logging_mixin.py:188} INFO - [2026-04-22T10:04:13.747+0000] {dagbag.py:538} INFO - Filling up the DagBag from /opt/airflow/dags/ecommerce_pipeline.py
[2026-04-22T10:04:13.781+0000] {processor.py:840} INFO - DAG(s) 'ecommerce_analytics_pipeline' retrieved from /opt/airflow/dags/ecommerce_pipeline.py
[2026-04-22T10:04:13.817+0000] {logging_mixin.py:188} INFO - [2026-04-22T10:04:13.817+0000] {dag.py:3036} INFO - Sync 1 DAGs
[2026-04-22T10:04:13.845+0000] {logging_mixin.py:188} INFO - [2026-04-22T10:04:13.844+0000] {dag.py:3823} INFO - Setting next_dagrun for ecommerce_analytics_pipeline to 2026-04-21 00:00:00+00:00, run_after=2026-04-22 00:00:00+00:00
[2026-04-22T10:04:13.870+0000] {processor.py:183} INFO - Processing /opt/airflow/dags/ecommerce_pipeline.py took 0.130 seconds
[2026-04-22T10:04:44.227+0000] {processor.py:161} INFO - Started process (PID=586) to work on /opt/airflow/dags/ecommerce_pipeline.py
[2026-04-22T10:04:44.228+0000] {processor.py:830} INFO - Processing file /opt/airflow/dags/ecommerce_pipeline.py for tasks to queue
[2026-04-22T10:04:44.230+0000] {logging_mixin.py:188} INFO - [2026-04-22T10:04:44.229+0000] {dagbag.py:538} INFO - Filling up the DagBag from /opt/airflow/dags/ecommerce_pipeline.py
[2026-04-22T10:04:44.262+0000] {processor.py:840} INFO - DAG(s) 'ecommerce_analytics_pipeline' retrieved from /opt/airflow/dags/ecommerce_pipeline.py
[2026-04-22T10:04:44.302+0000] {logging_mixin.py:188} INFO - [2026-04-22T10:04:44.302+0000] {dag.py:3036} INFO - Sync 1 DAGs
[2026-04-22T10:04:44.334+0000] {logging_mixin.py:188} INFO - [2026-04-22T10:04:44.334+0000] {dag.py:3823} INFO - Setting next_dagrun for ecommerce_analytics_pipeline to 2026-04-21 00:00:00+00:00, run_after=2026-04-22 00:00:00+00:00
[2026-04-22T10:04:44.364+0000] {processor.py:183} INFO - Processing /opt/airflow/dags/ecommerce_pipeline.py took 0.141 seconds
[2026-04-22T10:05:14.630+0000] {processor.py:161} INFO - Started process (PID=591) to work on /opt/airflow/dags/ecommerce_pipeline.py
[2026-04-22T10:05:14.632+0000] {processor.py:830} INFO - Processing file /opt/airflow/dags/ecommerce_pipeline.py for tasks to queue
[2026-04-22T10:05:14.634+0000] {logging_mixin.py:188} INFO - [2026-04-22T10:05:14.633+0000] {dagbag.py:538} INFO - Filling up the DagBag from /opt/airflow/dags/ecommerce_pipeline.py
[2026-04-22T10:05:14.660+0000] {processor.py:840} INFO - DAG(s) 'ecommerce_analytics_pipeline' retrieved from /opt/airflow/dags/ecommerce_pipeline.py
[2026-04-22T10:05:14.697+0000] {logging_mixin.py:188} INFO - [2026-04-22T10:05:14.696+0000] {dag.py:3036} INFO - Sync 1 DAGs
[2026-04-22T10:05:14.725+0000] {logging_mixin.py:188} INFO - [2026-04-22T10:05:14.725+0000] {dag.py:3823} INFO - Setting next_dagrun for ecommerce_analytics_pipeline to 2026-04-21 00:00:00+00:00, run_after=2026-04-22 00:00:00+00:00
[2026-04-22T10:05:14.768+0000] {processor.py:183} INFO - Processing /opt/airflow/dags/ecommerce_pipeline.py took 0.145 seconds
[2026-04-22T10:05:45.150+0000] {processor.py:161} INFO - Started process (PID=596) to work on /opt/airflow/dags/ecommerce_pipeline.py
[2026-04-22T10:05:45.152+0000] {processor.py:830} INFO - Processing file /opt/airflow/dags/ecommerce_pipeline.py for tasks to queue
[2026-04-22T10:05:45.153+0000] {logging_mixin.py:188} INFO - [2026-04-22T10:05:45.153+0000] {dagbag.py:538} INFO - Filling up the DagBag from /opt/airflow/dags/ecommerce_pipeline.py
[2026-04-22T10:05:45.185+0000] {processor.py:840} INFO - DAG(s) 'ecommerce_analytics_pipeline' retrieved from /opt/airflow/dags/ecommerce_pipeline.py
[2026-04-22T10:05:45.221+0000] {logging_mixin.py:188} INFO - [2026-04-22T10:05:45.221+0000] {dag.py:3036} INFO - Sync 1 DAGs
[2026-04-22T10:05:45.247+0000] {logging_mixin.py:188} INFO - [2026-04-22T10:05:45.246+0000] {dag.py:3823} INFO - Setting next_dagrun for ecommerce_analytics_pipeline to 2026-04-21 00:00:00+00:00, run_after=2026-04-22 00:00:00+00:00
[2026-04-22T10:05:45.271+0000] {processor.py:183} INFO - Processing /opt/airflow/dags/ecommerce_pipeline.py took 0.126 seconds
[2026-04-22T10:06:15.541+0000] {processor.py:161} INFO - Started process (PID=601) to work on /opt/airflow/dags/ecommerce_pipeline.py
[2026-04-22T10:06:15.543+0000] {processor.py:830} INFO - Processing file /opt/airflow/dags/ecommerce_pipeline.py for tasks to queue
[2026-04-22T10:06:15.544+0000] {logging_mixin.py:188} INFO - [2026-04-22T10:06:15.544+0000] {dagbag.py:538} INFO - Filling up the DagBag from /opt/airflow/dags/ecommerce_pipeline.py
[2026-04-22T10:06:15.577+0000] {processor.py:840} INFO - DAG(s) 'ecommerce_analytics_pipeline' retrieved from /opt/airflow/dags/ecommerce_pipeline.py
[2026-04-22T10:06:15.618+0000] {logging_mixin.py:188} INFO - [2026-04-22T10:06:15.618+0000] {dag.py:3036} INFO - Sync 1 DAGs
[2026-04-22T10:06:15.654+0000] {logging_mixin.py:188} INFO - [2026-04-22T10:06:15.654+0000] {dag.py:3823} INFO - Setting next_dagrun for ecommerce_analytics_pipeline to 2026-04-21 00:00:00+00:00, run_after=2026-04-22 00:00:00+00:00
[2026-04-22T10:06:15.685+0000] {processor.py:183} INFO - Processing /opt/airflow/dags/ecommerce_pipeline.py took 0.147 seconds
[2026-04-22T10:06:45.893+0000] {processor.py:161} INFO - Started process (PID=606) to work on /opt/airflow/dags/ecommerce_pipeline.py
[2026-04-22T10:06:45.894+0000] {processor.py:830} INFO - Processing file /opt/airflow/dags/ecommerce_pipeline.py for tasks to queue
[2026-04-22T10:06:45.896+0000] {logging_mixin.py:188} INFO - [2026-04-22T10:06:45.895+0000] {dagbag.py:538} INFO - Filling up the DagBag from /opt/airflow/dags/ecommerce_pipeline.py
[2026-04-22T10:06:45.929+0000] {processor.py:840} INFO - DAG(s) 'ecommerce_analytics_pipeline' retrieved from /opt/airflow/dags/ecommerce_pipeline.py
[2026-04-22T10:06:45.968+0000] {logging_mixin.py:188} INFO - [2026-04-22T10:06:45.967+0000] {dag.py:3036} INFO - Sync 1 DAGs
[2026-04-22T10:06:45.998+0000] {logging_mixin.py:188} INFO - [2026-04-22T10:06:45.998+0000] {dag.py:3823} INFO - Setting next_dagrun for ecommerce_analytics_pipeline to 2026-04-21 00:00:00+00:00, run_after=2026-04-22 00:00:00+00:00
[2026-04-22T10:06:46.029+0000] {processor.py:183} INFO - Processing /opt/airflow/dags/ecommerce_pipeline.py took 0.141 seconds
[2026-04-22T10:07:16.512+0000] {processor.py:161} INFO - Started process (PID=611) to work on /opt/airflow/dags/ecommerce_pipeline.py
[2026-04-22T10:07:16.514+0000] {processor.py:830} INFO - Processing file /opt/airflow/dags/ecommerce_pipeline.py for tasks to queue
[2026-04-22T10:07:16.517+0000] {logging_mixin.py:188} INFO - [2026-04-22T10:07:16.516+0000] {dagbag.py:538} INFO - Filling up the DagBag from /opt/airflow/dags/ecommerce_pipeline.py
[2026-04-22T10:07:16.560+0000] {processor.py:840} INFO - DAG(s) 'ecommerce_analytics_pipeline' retrieved from /opt/airflow/dags/ecommerce_pipeline.py
[2026-04-22T10:07:16.614+0000] {logging_mixin.py:188} INFO - [2026-04-22T10:07:16.613+0000] {dag.py:3036} INFO - Sync 1 DAGs
[2026-04-22T10:07:16.643+0000] {logging_mixin.py:188} INFO - [2026-04-22T10:07:16.643+0000] {dag.py:3823} INFO - Setting next_dagrun for ecommerce_analytics_pipeline to 2026-04-21 00:00:00+00:00, run_after=2026-04-22 00:00:00+00:00
[2026-04-22T10:07:16.675+0000] {processor.py:183} INFO - Processing /opt/airflow/dags/ecommerce_pipeline.py took 0.168 seconds
[2026-04-22T10:07:46.926+0000] {processor.py:161} INFO - Started process (PID=616) to work on /opt/airflow/dags/ecommerce_pipeline.py
[2026-04-22T10:07:46.928+0000] {processor.py:830} INFO - Processing file /opt/airflow/dags/ecommerce_pipeline.py for tasks to queue
[2026-04-22T10:07:46.929+0000] {logging_mixin.py:188} INFO - [2026-04-22T10:07:46.929+0000] {dagbag.py:538} INFO - Filling up the DagBag from /opt/airflow/dags/ecommerce_pipeline.py
[2026-04-22T10:07:46.969+0000] {processor.py:840} INFO - DAG(s) 'ecommerce_analytics_pipeline' retrieved from /opt/airflow/dags/ecommerce_pipeline.py
[2026-04-22T10:07:47.016+0000] {logging_mixin.py:188} INFO - [2026-04-22T10:07:47.016+0000] {dag.py:3036} INFO - Sync 1 DAGs
[2026-04-22T10:07:47.050+0000] {logging_mixin.py:188} INFO - [2026-04-22T10:07:47.050+0000] {dag.py:3823} INFO - Setting next_dagrun for ecommerce_analytics_pipeline to 2026-04-21 00:00:00+00:00, run_after=2026-04-22 00:00:00+00:00
[2026-04-22T10:07:47.081+0000] {processor.py:183} INFO - Processing /opt/airflow/dags/ecommerce_pipeline.py took 0.158 seconds
[2026-04-22T10:08:17.589+0000] {processor.py:161} INFO - Started process (PID=621) to work on /opt/airflow/dags/ecommerce_pipeline.py
[2026-04-22T10:08:17.591+0000] {processor.py:830} INFO - Processing file /opt/airflow/dags/ecommerce_pipeline.py for tasks to queue
[2026-04-22T10:08:17.592+0000] {logging_mixin.py:188} INFO - [2026-04-22T10:08:17.592+0000] {dagbag.py:538} INFO - Filling up the DagBag from /opt/airflow/dags/ecommerce_pipeline.py
[2026-04-22T10:08:17.627+0000] {processor.py:840} INFO - DAG(s) 'ecommerce_analytics_pipeline' retrieved from /opt/airflow/dags/ecommerce_pipeline.py
[2026-04-22T10:08:17.669+0000] {logging_mixin.py:188} INFO - [2026-04-22T10:08:17.669+0000] {dag.py:3036} INFO - Sync 1 DAGs
[2026-04-22T10:08:17.699+0000] {logging_mixin.py:188} INFO - [2026-04-22T10:08:17.698+0000] {dag.py:3823} INFO - Setting next_dagrun for ecommerce_analytics_pipeline to 2026-04-21 00:00:00+00:00, run_after=2026-04-22 00:00:00+00:00
[2026-04-22T10:08:17.727+0000] {processor.py:183} INFO - Processing /opt/airflow/dags/ecommerce_pipeline.py took 0.142 seconds
[2026-04-22T10:08:48.002+0000] {processor.py:161} INFO - Started process (PID=626) to work on /opt/airflow/dags/ecommerce_pipeline.py
[2026-04-22T10:08:48.003+0000] {processor.py:830} INFO - Processing file /opt/airflow/dags/ecommerce_pipeline.py for tasks to queue
[2026-04-22T10:08:48.005+0000] {logging_mixin.py:188} INFO - [2026-04-22T10:08:48.004+0000] {dagbag.py:538} INFO - Filling up the DagBag from /opt/airflow/dags/ecommerce_pipeline.py
[2026-04-22T10:08:48.042+0000] {processor.py:840} INFO - DAG(s) 'ecommerce_analytics_pipeline' retrieved from /opt/airflow/dags/ecommerce_pipeline.py
[2026-04-22T10:08:48.087+0000] {logging_mixin.py:188} INFO - [2026-04-22T10:08:48.086+0000] {dag.py:3036} INFO - Sync 1 DAGs
[2026-04-22T10:08:48.118+0000] {logging_mixin.py:188} INFO - [2026-04-22T10:08:48.117+0000] {dag.py:3823} INFO - Setting next_dagrun for ecommerce_analytics_pipeline to 2026-04-21 00:00:00+00:00, run_after=2026-04-22 00:00:00+00:00
[2026-04-22T10:08:48.151+0000] {processor.py:183} INFO - Processing /opt/airflow/dags/ecommerce_pipeline.py took 0.153 seconds
[2026-04-22T10:09:18.630+0000] {processor.py:161} INFO - Started process (PID=631) to work on /opt/airflow/dags/ecommerce_pipeline.py
[2026-04-22T10:09:18.632+0000] {processor.py:830} INFO - Processing file /opt/airflow/dags/ecommerce_pipeline.py for tasks to queue
[2026-04-22T10:09:18.634+0000] {logging_mixin.py:188} INFO - [2026-04-22T10:09:18.633+0000] {dagbag.py:538} INFO - Filling up the DagBag from /opt/airflow/dags/ecommerce_pipeline.py
[2026-04-22T10:09:18.668+0000] {processor.py:840} INFO - DAG(s) 'ecommerce_analytics_pipeline' retrieved from /opt/airflow/dags/ecommerce_pipeline.py
[2026-04-22T10:09:18.708+0000] {logging_mixin.py:188} INFO - [2026-04-22T10:09:18.708+0000] {dag.py:3036} INFO - Sync 1 DAGs
[2026-04-22T10:09:18.738+0000] {logging_mixin.py:188} INFO - [2026-04-22T10:09:18.738+0000] {dag.py:3823} INFO - Setting next_dagrun for ecommerce_analytics_pipeline to 2026-04-21 00:00:00+00:00, run_after=2026-04-22 00:00:00+00:00
[2026-04-22T10:09:18.767+0000] {processor.py:183} INFO - Processing /opt/airflow/dags/ecommerce_pipeline.py took 0.141 seconds
[2026-04-22T10:09:49.032+0000] {processor.py:161} INFO - Started process (PID=636) to work on /opt/airflow/dags/ecommerce_pipeline.py
[2026-04-22T10:09:49.034+0000] {processor.py:830} INFO - Processing file /opt/airflow/dags/ecommerce_pipeline.py for tasks to queue
[2026-04-22T10:09:49.035+0000] {logging_mixin.py:188} INFO - [2026-04-22T10:09:49.035+0000] {dagbag.py:538} INFO - Filling up the DagBag from /opt/airflow/dags/ecommerce_pipeline.py
[2026-04-22T10:09:49.068+0000] {processor.py:840} INFO - DAG(s) 'ecommerce_analytics_pipeline' retrieved from /opt/airflow/dags/ecommerce_pipeline.py
[2026-04-22T10:09:49.110+0000] {logging_mixin.py:188} INFO - [2026-04-22T10:09:49.110+0000] {dag.py:3036} INFO - Sync 1 DAGs
[2026-04-22T10:09:49.142+0000] {logging_mixin.py:188} INFO - [2026-04-22T10:09:49.142+0000] {dag.py:3823} INFO - Setting next_dagrun for ecommerce_analytics_pipeline to 2026-04-21 00:00:00+00:00, run_after=2026-04-22 00:00:00+00:00
[2026-04-22T10:09:49.172+0000] {processor.py:183} INFO - Processing /opt/airflow/dags/ecommerce_pipeline.py took 0.144 seconds
[2026-04-22T10:10:19.612+0000] {processor.py:161} INFO - Started process (PID=641) to work on /opt/airflow/dags/ecommerce_pipeline.py
[2026-04-22T10:10:19.615+0000] {processor.py:830} INFO - Processing file /opt/airflow/dags/ecommerce_pipeline.py for tasks to queue
[2026-04-22T10:10:19.616+0000] {logging_mixin.py:188} INFO - [2026-04-22T10:10:19.616+0000] {dagbag.py:538} INFO - Filling up the DagBag from /opt/airflow/dags/ecommerce_pipeline.py
[2026-04-22T10:10:19.657+0000] {processor.py:840} INFO - DAG(s) 'ecommerce_analytics_pipeline' retrieved from /opt/airflow/dags/ecommerce_pipeline.py
[2026-04-22T10:10:19.701+0000] {logging_mixin.py:188} INFO - [2026-04-22T10:10:19.701+0000] {dag.py:3036} INFO - Sync 1 DAGs
[2026-04-22T10:10:19.732+0000] {logging_mixin.py:188} INFO - [2026-04-22T10:10:19.731+0000] {dag.py:3823} INFO - Setting next_dagrun for ecommerce_analytics_pipeline to 2026-04-21 00:00:00+00:00, run_after=2026-04-22 00:00:00+00:00
[2026-04-22T10:10:19.758+0000] {processor.py:183} INFO - Processing /opt/airflow/dags/ecommerce_pipeline.py took 0.149 seconds
[2026-04-22T10:10:50.051+0000] {processor.py:161} INFO - Started process (PID=646) to work on /opt/airflow/dags/ecommerce_pipeline.py
[2026-04-22T10:10:50.053+0000] {processor.py:830} INFO - Processing file /opt/airflow/dags/ecommerce_pipeline.py for tasks to queue
[2026-04-22T10:10:50.054+0000] {logging_mixin.py:188} INFO - [2026-04-22T10:10:50.054+0000] {dagbag.py:538} INFO - Filling up the DagBag from /opt/airflow/dags/ecommerce_pipeline.py
[2026-04-22T10:10:50.086+0000] {processor.py:840} INFO - DAG(s) 'ecommerce_analytics_pipeline' retrieved from /opt/airflow/dags/ecommerce_pipeline.py
[2026-04-22T10:10:50.131+0000] {logging_mixin.py:188} INFO - [2026-04-22T10:10:50.131+0000] {dag.py:3036} INFO - Sync 1 DAGs
[2026-04-22T10:10:50.162+0000] {logging_mixin.py:188} INFO - [2026-04-22T10:10:50.162+0000] {dag.py:3823} INFO - Setting next_dagrun for ecommerce_analytics_pipeline to 2026-04-21 00:00:00+00:00, run_after=2026-04-22 00:00:00+00:00
[2026-04-22T10:10:50.190+0000] {processor.py:183} INFO - Processing /opt/airflow/dags/ecommerce_pipeline.py took 0.143 seconds
[2026-04-22T10:11:20.567+0000] {processor.py:161} INFO - Started process (PID=651) to work on /opt/airflow/dags/ecommerce_pipeline.py
[2026-04-22T10:11:20.569+0000] {processor.py:830} INFO - Processing file /opt/airflow/dags/ecommerce_pipeline.py for tasks to queue
[2026-04-22T10:11:20.570+0000] {logging_mixin.py:188} INFO - [2026-04-22T10:11:20.569+0000] {dagbag.py:538} INFO - Filling up the DagBag from /opt/airflow/dags/ecommerce_pipeline.py
[2026-04-22T10:11:20.603+0000] {processor.py:840} INFO - DAG(s) 'ecommerce_analytics_pipeline' retrieved from /opt/airflow/dags/ecommerce_pipeline.py
[2026-04-22T10:11:20.642+0000] {logging_mixin.py:188} INFO - [2026-04-22T10:11:20.642+0000] {dag.py:3036} INFO - Sync 1 DAGs
[2026-04-22T10:11:20.670+0000] {logging_mixin.py:188} INFO - [2026-04-22T10:11:20.669+0000] {dag.py:3823} INFO - Setting next_dagrun for ecommerce_analytics_pipeline to 2026-04-21 00:00:00+00:00, run_after=2026-04-22 00:00:00+00:00
[2026-04-22T10:11:20.698+0000] {processor.py:183} INFO - Processing /opt/airflow/dags/ecommerce_pipeline.py took 0.136 seconds
[2026-04-22T10:11:51.125+0000] {processor.py:161} INFO - Started process (PID=656) to work on /opt/airflow/dags/ecommerce_pipeline.py
[2026-04-22T10:11:51.126+0000] {processor.py:830} INFO - Processing file /opt/airflow/dags/ecommerce_pipeline.py for tasks to queue
[2026-04-22T10:11:51.128+0000] {logging_mixin.py:188} INFO - [2026-04-22T10:11:51.127+0000] {dagbag.py:538} INFO - Filling up the DagBag from /opt/airflow/dags/ecommerce_pipeline.py
[2026-04-22T10:11:51.165+0000] {processor.py:840} INFO - DAG(s) 'ecommerce_analytics_pipeline' retrieved from /opt/airflow/dags/ecommerce_pipeline.py
[2026-04-22T10:11:51.207+0000] {logging_mixin.py:188} INFO - [2026-04-22T10:11:51.207+0000] {dag.py:3036} INFO - Sync 1 DAGs
[2026-04-22T10:11:51.240+0000] {logging_mixin.py:188} INFO - [2026-04-22T10:11:51.240+0000] {dag.py:3823} INFO - Setting next_dagrun for ecommerce_analytics_pipeline to 2026-04-21 00:00:00+00:00, run_after=2026-04-22 00:00:00+00:00
[2026-04-22T10:11:51.269+0000] {processor.py:183} INFO - Processing /opt/airflow/dags/ecommerce_pipeline.py took 0.149 seconds
[2026-04-22T10:12:21.588+0000] {processor.py:161} INFO - Started process (PID=661) to work on /opt/airflow/dags/ecommerce_pipeline.py
[2026-04-22T10:12:21.592+0000] {processor.py:830} INFO - Processing file /opt/airflow/dags/ecommerce_pipeline.py for tasks to queue
[2026-04-22T10:12:21.594+0000] {logging_mixin.py:188} INFO - [2026-04-22T10:12:21.593+0000] {dagbag.py:538} INFO - Filling up the DagBag from /opt/airflow/dags/ecommerce_pipeline.py
[2026-04-22T10:12:21.635+0000] {processor.py:840} INFO - DAG(s) 'ecommerce_analytics_pipeline' retrieved from /opt/airflow/dags/ecommerce_pipeline.py
[2026-04-22T10:12:21.685+0000] {logging_mixin.py:188} INFO - [2026-04-22T10:12:21.685+0000] {dag.py:3036} INFO - Sync 1 DAGs
[2026-04-22T10:12:21.715+0000] {logging_mixin.py:188} INFO - [2026-04-22T10:12:21.715+0000] {dag.py:3823} INFO - Setting next_dagrun for ecommerce_analytics_pipeline to 2026-04-21 00:00:00+00:00, run_after=2026-04-22 00:00:00+00:00
[2026-04-22T10:12:21.743+0000] {processor.py:183} INFO - Processing /opt/airflow/dags/ecommerce_pipeline.py took 0.164 seconds
[2026-04-22T10:12:52.008+0000] {processor.py:161} INFO - Started process (PID=666) to work on /opt/airflow/dags/ecommerce_pipeline.py
[2026-04-22T10:12:52.010+0000] {processor.py:830} INFO - Processing file /opt/airflow/dags/ecommerce_pipeline.py for tasks to queue
[2026-04-22T10:12:52.011+0000] {logging_mixin.py:188} INFO - [2026-04-22T10:12:52.011+0000] {dagbag.py:538} INFO - Filling up the DagBag from /opt/airflow/dags/ecommerce_pipeline.py
[2026-04-22T10:12:52.046+0000] {processor.py:840} INFO - DAG(s) 'ecommerce_analytics_pipeline' retrieved from /opt/airflow/dags/ecommerce_pipeline.py
[2026-04-22T10:12:52.086+0000] {logging_mixin.py:188} INFO - [2026-04-22T10:12:52.086+0000] {dag.py:3036} INFO - Sync 1 DAGs
[2026-04-22T10:12:52.119+0000] {logging_mixin.py:188} INFO - [2026-04-22T10:12:52.119+0000] {dag.py:3823} INFO - Setting next_dagrun for ecommerce_analytics_pipeline to 2026-04-21 00:00:00+00:00, run_after=2026-04-22 00:00:00+00:00
[2026-04-22T10:12:52.147+0000] {processor.py:183} INFO - Processing /opt/airflow/dags/ecommerce_pipeline.py took 0.143 seconds
[2026-04-22T10:13:22.486+0000] {processor.py:161} INFO - Started process (PID=671) to work on /opt/airflow/dags/ecommerce_pipeline.py
[2026-04-22T10:13:22.487+0000] {processor.py:830} INFO - Processing file /opt/airflow/dags/ecommerce_pipeline.py for tasks to queue
[2026-04-22T10:13:22.489+0000] {logging_mixin.py:188} INFO - [2026-04-22T10:13:22.488+0000] {dagbag.py:538} INFO - Filling up the DagBag from /opt/airflow/dags/ecommerce_pipeline.py
[2026-04-22T10:13:22.521+0000] {processor.py:840} INFO - DAG(s) 'ecommerce_analytics_pipeline' retrieved from /opt/airflow/dags/ecommerce_pipeline.py
[2026-04-22T10:13:22.557+0000] {logging_mixin.py:188} INFO - [2026-04-22T10:13:22.557+0000] {dag.py:3036} INFO - Sync 1 DAGs
[2026-04-22T10:13:22.588+0000] {logging_mixin.py:188} INFO - [2026-04-22T10:13:22.588+0000] {dag.py:3823} INFO - Setting next_dagrun for ecommerce_analytics_pipeline to 2026-04-21 00:00:00+00:00, run_after=2026-04-22 00:00:00+00:00
[2026-04-22T10:13:22.617+0000] {processor.py:183} INFO - Processing /opt/airflow/dags/ecommerce_pipeline.py took 0.135 seconds
[2026-04-22T10:13:53.123+0000] {processor.py:161} INFO - Started process (PID=847) to work on /opt/airflow/dags/ecommerce_pipeline.py
[2026-04-22T10:13:53.154+0000] {processor.py:830} INFO - Processing file /opt/airflow/dags/ecommerce_pipeline.py for tasks to queue
[2026-04-22T10:13:53.194+0000] {logging_mixin.py:188} INFO - [2026-04-22T10:13:53.175+0000] {dagbag.py:538} INFO - Filling up the DagBag from /opt/airflow/dags/ecommerce_pipeline.py
[2026-04-22T10:13:53.443+0000] {processor.py:840} INFO - DAG(s) 'ecommerce_analytics_pipeline' retrieved from /opt/airflow/dags/ecommerce_pipeline.py
[2026-04-22T10:13:54.149+0000] {logging_mixin.py:188} INFO - [2026-04-22T10:13:54.148+0000] {dag.py:3036} INFO - Sync 1 DAGs
[2026-04-22T10:13:54.411+0000] {logging_mixin.py:188} INFO - [2026-04-22T10:13:54.407+0000] {dag.py:3823} INFO - Setting next_dagrun for ecommerce_analytics_pipeline to 2026-04-22 00:00:00+00:00, run_after=2026-04-23 00:00:00+00:00
[2026-04-22T10:13:54.518+0000] {processor.py:183} INFO - Processing /opt/airflow/dags/ecommerce_pipeline.py took 1.463 seconds
[2026-04-22T10:14:24.866+0000] {processor.py:161} INFO - Started process (PID=1157) to work on /opt/airflow/dags/ecommerce_pipeline.py
[2026-04-22T10:14:24.869+0000] {processor.py:830} INFO - Processing file /opt/airflow/dags/ecommerce_pipeline.py for tasks to queue
[2026-04-22T10:14:24.871+0000] {logging_mixin.py:188} INFO - [2026-04-22T10:14:24.871+0000] {dagbag.py:538} INFO - Filling up the DagBag from /opt/airflow/dags/ecommerce_pipeline.py
[2026-04-22T10:14:24.932+0000] {processor.py:840} INFO - DAG(s) 'ecommerce_analytics_pipeline' retrieved from /opt/airflow/dags/ecommerce_pipeline.py
[2026-04-22T10:14:25.069+0000] {logging_mixin.py:188} INFO - [2026-04-22T10:14:25.068+0000] {dag.py:3036} INFO - Sync 1 DAGs
[2026-04-22T10:14:25.164+0000] {logging_mixin.py:188} INFO - [2026-04-22T10:14:25.163+0000] {dag.py:3823} INFO - Setting next_dagrun for ecommerce_analytics_pipeline to 2026-04-22 00:00:00+00:00, run_after=2026-04-23 00:00:00+00:00
[2026-04-22T10:14:25.241+0000] {processor.py:183} INFO - Processing /opt/airflow/dags/ecommerce_pipeline.py took 0.382 seconds
[2026-04-22T10:14:55.769+0000] {processor.py:161} INFO - Started process (PID=1319) to work on /opt/airflow/dags/ecommerce_pipeline.py
[2026-04-22T10:14:55.771+0000] {processor.py:830} INFO - Processing file /opt/airflow/dags/ecommerce_pipeline.py for tasks to queue
[2026-04-22T10:14:55.775+0000] {logging_mixin.py:188} INFO - [2026-04-22T10:14:55.774+0000] {dagbag.py:538} INFO - Filling up the DagBag from /opt/airflow/dags/ecommerce_pipeline.py
[2026-04-22T10:14:55.830+0000] {processor.py:840} INFO - DAG(s) 'ecommerce_analytics_pipeline' retrieved from /opt/airflow/dags/ecommerce_pipeline.py
[2026-04-22T10:14:55.887+0000] {logging_mixin.py:188} INFO - [2026-04-22T10:14:55.886+0000] {dag.py:3036} INFO - Sync 1 DAGs
[2026-04-22T10:14:55.935+0000] {logging_mixin.py:188} INFO - [2026-04-22T10:14:55.934+0000] {dag.py:3823} INFO - Setting next_dagrun for ecommerce_analytics_pipeline to 2026-04-22 00:00:00+00:00, run_after=2026-04-23 00:00:00+00:00
[2026-04-22T10:14:55.967+0000] {processor.py:183} INFO - Processing /opt/airflow/dags/ecommerce_pipeline.py took 0.205 seconds
[2026-04-22T10:15:26.191+0000] {processor.py:161} INFO - Started process (PID=1324) to work on /opt/airflow/dags/ecommerce_pipeline.py
[2026-04-22T10:15:26.193+0000] {processor.py:830} INFO - Processing file /opt/airflow/dags/ecommerce_pipeline.py for tasks to queue
[2026-04-22T10:15:26.197+0000] {logging_mixin.py:188} INFO - [2026-04-22T10:15:26.196+0000] {dagbag.py:538} INFO - Filling up the DagBag from /opt/airflow/dags/ecommerce_pipeline.py
[2026-04-22T10:15:26.254+0000] {processor.py:840} INFO - DAG(s) 'ecommerce_analytics_pipeline' retrieved from /opt/airflow/dags/ecommerce_pipeline.py
[2026-04-22T10:15:26.321+0000] {logging_mixin.py:188} INFO - [2026-04-22T10:15:26.321+0000] {dag.py:3036} INFO - Sync 1 DAGs
[2026-04-22T10:15:26.381+0000] {logging_mixin.py:188} INFO - [2026-04-22T10:15:26.380+0000] {dag.py:3823} INFO - Setting next_dagrun for ecommerce_analytics_pipeline to 2026-04-22 00:00:00+00:00, run_after=2026-04-23 00:00:00+00:00
[2026-04-22T10:15:26.435+0000] {processor.py:183} INFO - Processing /opt/airflow/dags/ecommerce_pipeline.py took 0.251 seconds
[2026-04-22T10:15:56.824+0000] {processor.py:161} INFO - Started process (PID=1329) to work on /opt/airflow/dags/ecommerce_pipeline.py
[2026-04-22T10:15:56.825+0000] {processor.py:830} INFO - Processing file /opt/airflow/dags/ecommerce_pipeline.py for tasks to queue
[2026-04-22T10:15:56.827+0000] {logging_mixin.py:188} INFO - [2026-04-22T10:15:56.827+0000] {dagbag.py:538} INFO - Filling up the DagBag from /opt/airflow/dags/ecommerce_pipeline.py
[2026-04-22T10:15:56.866+0000] {processor.py:840} INFO - DAG(s) 'ecommerce_analytics_pipeline' retrieved from /opt/airflow/dags/ecommerce_pipeline.py
[2026-04-22T10:15:56.914+0000] {logging_mixin.py:188} INFO - [2026-04-22T10:15:56.913+0000] {dag.py:3036} INFO - Sync 1 DAGs
[2026-04-22T10:15:56.961+0000] {logging_mixin.py:188} INFO - [2026-04-22T10:15:56.961+0000] {dag.py:3823} INFO - Setting next_dagrun for ecommerce_analytics_pipeline to 2026-04-22 00:00:00+00:00, run_after=2026-04-23 00:00:00+00:00
[2026-04-22T10:15:57.000+0000] {processor.py:183} INFO - Processing /opt/airflow/dags/ecommerce_pipeline.py took 0.180 seconds
[2026-04-22T10:16:27.313+0000] {processor.py:161} INFO - Started process (PID=1769) to work on /opt/airflow/dags/ecommerce_pipeline.py
[2026-04-22T10:16:27.330+0000] {processor.py:830} INFO - Processing file /opt/airflow/dags/ecommerce_pipeline.py for tasks to queue
[2026-04-22T10:16:27.357+0000] {logging_mixin.py:188} INFO - [2026-04-22T10:16:27.344+0000] {dagbag.py:538} INFO - Filling up the DagBag from /opt/airflow/dags/ecommerce_pipeline.py
[2026-04-22T10:16:27.881+0000] {processor.py:840} INFO - DAG(s) 'ecommerce_analytics_pipeline' retrieved from /opt/airflow/dags/ecommerce_pipeline.py
[2026-04-22T10:16:28.987+0000] {logging_mixin.py:188} INFO - [2026-04-22T10:16:28.986+0000] {dag.py:3036} INFO - Sync 1 DAGs
[2026-04-22T10:16:29.405+0000] {logging_mixin.py:188} INFO - [2026-04-22T10:16:29.405+0000] {dag.py:3823} INFO - Setting next_dagrun for ecommerce_analytics_pipeline to 2026-04-22 00:00:00+00:00, run_after=2026-04-23 00:00:00+00:00
[2026-04-22T10:16:29.681+0000] {processor.py:183} INFO - Processing /opt/airflow/dags/ecommerce_pipeline.py took 2.433 seconds
[2026-04-22T10:17:05.484+0000] {processor.py:161} INFO - Started process (PID=2304) to work on /opt/airflow/dags/ecommerce_pipeline.py
[2026-04-22T10:17:05.561+0000] {processor.py:830} INFO - Processing file /opt/airflow/dags/ecommerce_pipeline.py for tasks to queue
[2026-04-22T10:17:05.672+0000] {logging_mixin.py:188} INFO - [2026-04-22T10:17:05.642+0000] {dagbag.py:538} INFO - Filling up the DagBag from /opt/airflow/dags/ecommerce_pipeline.py
[2026-04-22T10:17:07.696+0000] {processor.py:840} INFO - DAG(s) 'ecommerce_analytics_pipeline' retrieved from /opt/airflow/dags/ecommerce_pipeline.py
[2026-04-22T10:17:08.425+0000] {logging_mixin.py:188} INFO - [2026-04-22T10:17:08.424+0000] {dag.py:3036} INFO - Sync 1 DAGs
[2026-04-22T10:17:08.743+0000] {logging_mixin.py:188} INFO - [2026-04-22T10:17:08.742+0000] {dag.py:3823} INFO - Setting next_dagrun for ecommerce_analytics_pipeline to 2026-04-22 00:00:00+00:00, run_after=2026-04-23 00:00:00+00:00
[2026-04-22T10:17:08.872+0000] {processor.py:183} INFO - Processing /opt/airflow/dags/ecommerce_pipeline.py took 4.918 seconds
[2026-04-22T10:17:39.168+0000] {processor.py:161} INFO - Started process (PID=2653) to work on /opt/airflow/dags/ecommerce_pipeline.py
[2026-04-22T10:17:39.179+0000] {processor.py:830} INFO - Processing file /opt/airflow/dags/ecommerce_pipeline.py for tasks to queue
[2026-04-22T10:17:39.191+0000] {logging_mixin.py:188} INFO - [2026-04-22T10:17:39.185+0000] {dagbag.py:538} INFO - Filling up the DagBag from /opt/airflow/dags/ecommerce_pipeline.py
[2026-04-22T10:17:39.460+0000] {processor.py:840} INFO - DAG(s) 'ecommerce_analytics_pipeline' retrieved from /opt/airflow/dags/ecommerce_pipeline.py
[2026-04-22T10:17:39.697+0000] {logging_mixin.py:188} INFO - [2026-04-22T10:17:39.696+0000] {dag.py:3036} INFO - Sync 1 DAGs
[2026-04-22T10:17:39.864+0000] {logging_mixin.py:188} INFO - [2026-04-22T10:17:39.863+0000] {dag.py:3823} INFO - Setting next_dagrun for ecommerce_analytics_pipeline to 2026-04-22 00:00:00+00:00, run_after=2026-04-23 00:00:00+00:00
[2026-04-22T10:17:39.979+0000] {processor.py:183} INFO - Processing /opt/airflow/dags/ecommerce_pipeline.py took 0.860 seconds
[2026-04-22T10:18:10.612+0000] {processor.py:161} INFO - Started process (PID=2911) to work on /opt/airflow/dags/ecommerce_pipeline.py
[2026-04-22T10:18:10.616+0000] {processor.py:830} INFO - Processing file /opt/airflow/dags/ecommerce_pipeline.py for tasks to queue
[2026-04-22T10:18:10.618+0000] {logging_mixin.py:188} INFO - [2026-04-22T10:18:10.618+0000] {dagbag.py:538} INFO - Filling up the DagBag from /opt/airflow/dags/ecommerce_pipeline.py
[2026-04-22T10:18:10.675+0000] {processor.py:840} INFO - DAG(s) 'ecommerce_analytics_pipeline' retrieved from /opt/airflow/dags/ecommerce_pipeline.py
[2026-04-22T10:18:10.756+0000] {logging_mixin.py:188} INFO - [2026-04-22T10:18:10.755+0000] {dag.py:3036} INFO - Sync 1 DAGs
[2026-04-22T10:18:10.816+0000] {logging_mixin.py:188} INFO - [2026-04-22T10:18:10.815+0000] {dag.py:3823} INFO - Setting next_dagrun for ecommerce_analytics_pipeline to 2026-04-22 00:00:00+00:00, run_after=2026-04-23 00:00:00+00:00
[2026-04-22T10:18:10.861+0000] {processor.py:183} INFO - Processing /opt/airflow/dags/ecommerce_pipeline.py took 0.256 seconds
[2026-04-22T10:18:41.146+0000] {processor.py:161} INFO - Started process (PID=3002) to work on /opt/airflow/dags/ecommerce_pipeline.py
[2026-04-22T10:18:41.148+0000] {processor.py:830} INFO - Processing file /opt/airflow/dags/ecommerce_pipeline.py for tasks to queue
[2026-04-22T10:18:41.151+0000] {logging_mixin.py:188} INFO - [2026-04-22T10:18:41.150+0000] {dagbag.py:538} INFO - Filling up the DagBag from /opt/airflow/dags/ecommerce_pipeline.py
[2026-04-22T10:18:41.207+0000] {processor.py:840} INFO - DAG(s) 'ecommerce_analytics_pipeline' retrieved from /opt/airflow/dags/ecommerce_pipeline.py
[2026-04-22T10:18:41.275+0000] {logging_mixin.py:188} INFO - [2026-04-22T10:18:41.275+0000] {dag.py:3036} INFO - Sync 1 DAGs
[2026-04-22T10:18:41.325+0000] {logging_mixin.py:188} INFO - [2026-04-22T10:18:41.324+0000] {dag.py:3823} INFO - Setting next_dagrun for ecommerce_analytics_pipeline to 2026-04-22 00:00:00+00:00, run_after=2026-04-23 00:00:00+00:00
[2026-04-22T10:18:41.366+0000] {processor.py:183} INFO - Processing /opt/airflow/dags/ecommerce_pipeline.py took 0.228 seconds
[2026-04-22T10:19:11.470+0000] {processor.py:161} INFO - Started process (PID=3017) to work on /opt/airflow/dags/ecommerce_pipeline.py
[2026-04-22T10:19:11.473+0000] {processor.py:830} INFO - Processing file /opt/airflow/dags/ecommerce_pipeline.py for tasks to queue
[2026-04-22T10:19:11.476+0000] {logging_mixin.py:188} INFO - [2026-04-22T10:19:11.475+0000] {dagbag.py:538} INFO - Filling up the DagBag from /opt/airflow/dags/ecommerce_pipeline.py
[2026-04-22T10:19:11.533+0000] {processor.py:840} INFO - DAG(s) 'ecommerce_analytics_pipeline' retrieved from /opt/airflow/dags/ecommerce_pipeline.py
[2026-04-22T10:19:11.631+0000] {logging_mixin.py:188} INFO - [2026-04-22T10:19:11.630+0000] {dag.py:3036} INFO - Sync 1 DAGs
[2026-04-22T10:19:11.676+0000] {logging_mixin.py:188} INFO - [2026-04-22T10:19:11.676+0000] {dag.py:3823} INFO - Setting next_dagrun for ecommerce_analytics_pipeline to 2026-04-22 00:00:00+00:00, run_after=2026-04-23 00:00:00+00:00
[2026-04-22T10:19:11.728+0000] {processor.py:183} INFO - Processing /opt/airflow/dags/ecommerce_pipeline.py took 0.269 seconds
[2026-04-22T10:19:42.182+0000] {processor.py:161} INFO - Started process (PID=3022) to work on /opt/airflow/dags/ecommerce_pipeline.py
[2026-04-22T10:19:42.184+0000] {processor.py:830} INFO - Processing file /opt/airflow/dags/ecommerce_pipeline.py for tasks to queue
[2026-04-22T10:19:42.188+0000] {logging_mixin.py:188} INFO - [2026-04-22T10:19:42.186+0000] {dagbag.py:538} INFO - Filling up the DagBag from /opt/airflow/dags/ecommerce_pipeline.py
[2026-04-22T10:19:42.260+0000] {processor.py:840} INFO - DAG(s) 'ecommerce_analytics_pipeline' retrieved from /opt/airflow/dags/ecommerce_pipeline.py
[2026-04-22T10:19:42.330+0000] {logging_mixin.py:188} INFO - [2026-04-22T10:19:42.329+0000] {dag.py:3036} INFO - Sync 1 DAGs
[2026-04-22T10:19:42.396+0000] {logging_mixin.py:188} INFO - [2026-04-22T10:19:42.396+0000] {dag.py:3823} INFO - Setting next_dagrun for ecommerce_analytics_pipeline to 2026-04-22 00:00:00+00:00, run_after=2026-04-23 00:00:00+00:00
[2026-04-22T10:19:42.436+0000] {processor.py:183} INFO - Processing /opt/airflow/dags/ecommerce_pipeline.py took 0.265 seconds
[2026-04-22T10:20:12.778+0000] {processor.py:161} INFO - Started process (PID=3027) to work on /opt/airflow/dags/ecommerce_pipeline.py
[2026-04-22T10:20:12.786+0000] {processor.py:830} INFO - Processing file /opt/airflow/dags/ecommerce_pipeline.py for tasks to queue
[2026-04-22T10:20:12.791+0000] {logging_mixin.py:188} INFO - [2026-04-22T10:20:12.789+0000] {dagbag.py:538} INFO - Filling up the DagBag from /opt/airflow/dags/ecommerce_pipeline.py
[2026-04-22T10:20:12.918+0000] {processor.py:840} INFO - DAG(s) 'ecommerce_analytics_pipeline' retrieved from /opt/airflow/dags/ecommerce_pipeline.py
[2026-04-22T10:20:13.015+0000] {logging_mixin.py:188} INFO - [2026-04-22T10:20:13.015+0000] {dag.py:3036} INFO - Sync 1 DAGs
[2026-04-22T10:20:13.067+0000] {logging_mixin.py:188} INFO - [2026-04-22T10:20:13.066+0000] {dag.py:3823} INFO - Setting next_dagrun for ecommerce_analytics_pipeline to 2026-04-22 00:00:00+00:00, run_after=2026-04-23 00:00:00+00:00
[2026-04-22T10:20:13.112+0000] {processor.py:183} INFO - Processing /opt/airflow/dags/ecommerce_pipeline.py took 0.372 seconds
[2026-04-22T10:20:43.293+0000] {processor.py:161} INFO - Started process (PID=3032) to work on /opt/airflow/dags/ecommerce_pipeline.py
[2026-04-22T10:20:43.295+0000] {processor.py:830} INFO - Processing file /opt/airflow/dags/ecommerce_pipeline.py for tasks to queue
[2026-04-22T10:20:43.298+0000] {logging_mixin.py:188} INFO - [2026-04-22T10:20:43.297+0000] {dagbag.py:538} INFO - Filling up the DagBag from /opt/airflow/dags/ecommerce_pipeline.py
[2026-04-22T10:20:43.380+0000] {processor.py:840} INFO - DAG(s) 'ecommerce_analytics_pipeline' retrieved from /opt/airflow/dags/ecommerce_pipeline.py
[2026-04-22T10:20:43.457+0000] {logging_mixin.py:188} INFO - [2026-04-22T10:20:43.456+0000] {dag.py:3036} INFO - Sync 1 DAGs
[2026-04-22T10:20:43.507+0000] {logging_mixin.py:188} INFO - [2026-04-22T10:20:43.507+0000] {dag.py:3823} INFO - Setting next_dagrun for ecommerce_analytics_pipeline to 2026-04-22 00:00:00+00:00, run_after=2026-04-23 00:00:00+00:00
[2026-04-22T10:20:43.550+0000] {processor.py:183} INFO - Processing /opt/airflow/dags/ecommerce_pipeline.py took 0.268 seconds
[2026-04-22T10:21:13.739+0000] {processor.py:161} INFO - Started process (PID=3037) to work on /opt/airflow/dags/ecommerce_pipeline.py
[2026-04-22T10:21:13.742+0000] {processor.py:830} INFO - Processing file /opt/airflow/dags/ecommerce_pipeline.py for tasks to queue
[2026-04-22T10:21:13.744+0000] {logging_mixin.py:188} INFO - [2026-04-22T10:21:13.743+0000] {dagbag.py:538} INFO - Filling up the DagBag from /opt/airflow/dags/ecommerce_pipeline.py
[2026-04-22T10:21:13.784+0000] {processor.py:840} INFO - DAG(s) 'ecommerce_analytics_pipeline' retrieved from /opt/airflow/dags/ecommerce_pipeline.py
[2026-04-22T10:21:13.831+0000] {logging_mixin.py:188} INFO - [2026-04-22T10:21:13.831+0000] {dag.py:3036} INFO - Sync 1 DAGs
[2026-04-22T10:21:13.875+0000] {logging_mixin.py:188} INFO - [2026-04-22T10:21:13.874+0000] {dag.py:3823} INFO - Setting next_dagrun for ecommerce_analytics_pipeline to 2026-04-22 00:00:00+00:00, run_after=2026-04-23 00:00:00+00:00
[2026-04-22T10:21:13.924+0000] {processor.py:183} INFO - Processing /opt/airflow/dags/ecommerce_pipeline.py took 0.192 seconds
[2026-04-22T10:21:44.334+0000] {processor.py:161} INFO - Started process (PID=3042) to work on /opt/airflow/dags/ecommerce_pipeline.py
[2026-04-22T10:21:44.335+0000] {processor.py:830} INFO - Processing file /opt/airflow/dags/ecommerce_pipeline.py for tasks to queue
[2026-04-22T10:21:44.337+0000] {logging_mixin.py:188} INFO - [2026-04-22T10:21:44.336+0000] {dagbag.py:538} INFO - Filling up the DagBag from /opt/airflow/dags/ecommerce_pipeline.py
[2026-04-22T10:21:44.389+0000] {processor.py:840} INFO - DAG(s) 'ecommerce_analytics_pipeline' retrieved from /opt/airflow/dags/ecommerce_pipeline.py
[2026-04-22T10:21:44.437+0000] {logging_mixin.py:188} INFO - [2026-04-22T10:21:44.437+0000] {dag.py:3036} INFO - Sync 1 DAGs
[2026-04-22T10:21:44.472+0000] {logging_mixin.py:188} INFO - [2026-04-22T10:21:44.472+0000] {dag.py:3823} INFO - Setting next_dagrun for ecommerce_analytics_pipeline to 2026-04-22 00:00:00+00:00, run_after=2026-04-23 00:00:00+00:00
[2026-04-22T10:21:44.508+0000] {processor.py:183} INFO - Processing /opt/airflow/dags/ecommerce_pipeline.py took 0.179 seconds
[2026-04-22T10:22:14.689+0000] {processor.py:161} INFO - Started process (PID=3047) to work on /opt/airflow/dags/ecommerce_pipeline.py
[2026-04-22T10:22:14.691+0000] {processor.py:830} INFO - Processing file /opt/airflow/dags/ecommerce_pipeline.py for tasks to queue
[2026-04-22T10:22:14.694+0000] {logging_mixin.py:188} INFO - [2026-04-22T10:22:14.693+0000] {dagbag.py:538} INFO - Filling up the DagBag from /opt/airflow/dags/ecommerce_pipeline.py
[2026-04-22T10:22:14.736+0000] {processor.py:840} INFO - DAG(s) 'ecommerce_analytics_pipeline' retrieved from /opt/airflow/dags/ecommerce_pipeline.py
[2026-04-22T10:22:14.786+0000] {logging_mixin.py:188} INFO - [2026-04-22T10:22:14.786+0000] {dag.py:3036} INFO - Sync 1 DAGs
[2026-04-22T10:22:14.822+0000] {logging_mixin.py:188} INFO - [2026-04-22T10:22:14.822+0000] {dag.py:3823} INFO - Setting next_dagrun for ecommerce_analytics_pipeline to 2026-04-22 00:00:00+00:00, run_after=2026-04-23 00:00:00+00:00
[2026-04-22T10:22:14.851+0000] {processor.py:183} INFO - Processing /opt/airflow/dags/ecommerce_pipeline.py took 0.168 seconds
[2026-04-22T10:22:45.185+0000] {processor.py:161} INFO - Started process (PID=3052) to work on /opt/airflow/dags/ecommerce_pipeline.py
[2026-04-22T10:22:45.187+0000] {processor.py:830} INFO - Processing file /opt/airflow/dags/ecommerce_pipeline.py for tasks to queue
[2026-04-22T10:22:45.189+0000] {logging_mixin.py:188} INFO - [2026-04-22T10:22:45.188+0000] {dagbag.py:538} INFO - Filling up the DagBag from /opt/airflow/dags/ecommerce_pipeline.py
[2026-04-22T10:22:45.234+0000] {processor.py:840} INFO - DAG(s) 'ecommerce_analytics_pipeline' retrieved from /opt/airflow/dags/ecommerce_pipeline.py
[2026-04-22T10:22:45.290+0000] {logging_mixin.py:188} INFO - [2026-04-22T10:22:45.290+0000] {dag.py:3036} INFO - Sync 1 DAGs
[2026-04-22T10:22:45.339+0000] {logging_mixin.py:188} INFO - [2026-04-22T10:22:45.338+0000] {dag.py:3823} INFO - Setting next_dagrun for ecommerce_analytics_pipeline to 2026-04-22 00:00:00+00:00, run_after=2026-04-23 00:00:00+00:00
[2026-04-22T10:22:45.409+0000] {processor.py:183} INFO - Processing /opt/airflow/dags/ecommerce_pipeline.py took 0.230 seconds
[2026-04-22T10:23:15.582+0000] {processor.py:161} INFO - Started process (PID=3057) to work on /opt/airflow/dags/ecommerce_pipeline.py
[2026-04-22T10:23:15.583+0000] {processor.py:830} INFO - Processing file /opt/airflow/dags/ecommerce_pipeline.py for tasks to queue
[2026-04-22T10:23:15.585+0000] {logging_mixin.py:188} INFO - [2026-04-22T10:23:15.584+0000] {dagbag.py:538} INFO - Filling up the DagBag from /opt/airflow/dags/ecommerce_pipeline.py
[2026-04-22T10:23:15.614+0000] {processor.py:840} INFO - DAG(s) 'ecommerce_analytics_pipeline' retrieved from /opt/airflow/dags/ecommerce_pipeline.py
[2026-04-22T10:23:15.659+0000] {logging_mixin.py:188} INFO - [2026-04-22T10:23:15.659+0000] {dag.py:3036} INFO - Sync 1 DAGs
[2026-04-22T10:23:15.689+0000] {logging_mixin.py:188} INFO - [2026-04-22T10:23:15.689+0000] {dag.py:3823} INFO - Setting next_dagrun for ecommerce_analytics_pipeline to 2026-04-22 00:00:00+00:00, run_after=2026-04-23 00:00:00+00:00
[2026-04-22T10:23:15.716+0000] {processor.py:183} INFO - Processing /opt/airflow/dags/ecommerce_pipeline.py took 0.138 seconds
[2026-04-22T10:23:46.042+0000] {processor.py:161} INFO - Started process (PID=3062) to work on /opt/airflow/dags/ecommerce_pipeline.py
[2026-04-22T10:23:46.044+0000] {processor.py:830} INFO - Processing file /opt/airflow/dags/ecommerce_pipeline.py for tasks to queue
[2026-04-22T10:23:46.045+0000] {logging_mixin.py:188} INFO - [2026-04-22T10:23:46.045+0000] {dagbag.py:538} INFO - Filling up the DagBag from /opt/airflow/dags/ecommerce_pipeline.py
[2026-04-22T10:23:46.080+0000] {processor.py:840} INFO - DAG(s) 'ecommerce_analytics_pipeline' retrieved from /opt/airflow/dags/ecommerce_pipeline.py
[2026-04-22T10:23:46.119+0000] {logging_mixin.py:188} INFO - [2026-04-22T10:23:46.119+0000] {dag.py:3036} INFO - Sync 1 DAGs
[2026-04-22T10:23:46.153+0000] {logging_mixin.py:188} INFO - [2026-04-22T10:23:46.153+0000] {dag.py:3823} INFO - Setting next_dagrun for ecommerce_analytics_pipeline to 2026-04-22 00:00:00+00:00, run_after=2026-04-23 00:00:00+00:00
[2026-04-22T10:23:46.184+0000] {processor.py:183} INFO - Processing /opt/airflow/dags/ecommerce_pipeline.py took 0.146 seconds
[2026-04-22T10:24:16.491+0000] {processor.py:161} INFO - Started process (PID=3067) to work on /opt/airflow/dags/ecommerce_pipeline.py
[2026-04-22T10:24:16.492+0000] {processor.py:830} INFO - Processing file /opt/airflow/dags/ecommerce_pipeline.py for tasks to queue
[2026-04-22T10:24:16.494+0000] {logging_mixin.py:188} INFO - [2026-04-22T10:24:16.493+0000] {dagbag.py:538} INFO - Filling up the DagBag from /opt/airflow/dags/ecommerce_pipeline.py
[2026-04-22T10:24:16.525+0000] {processor.py:840} INFO - DAG(s) 'ecommerce_analytics_pipeline' retrieved from /opt/airflow/dags/ecommerce_pipeline.py
[2026-04-22T10:24:16.565+0000] {logging_mixin.py:188} INFO - [2026-04-22T10:24:16.565+0000] {dag.py:3036} INFO - Sync 1 DAGs
[2026-04-22T10:24:16.595+0000] {logging_mixin.py:188} INFO - [2026-04-22T10:24:16.595+0000] {dag.py:3823} INFO - Setting next_dagrun for ecommerce_analytics_pipeline to 2026-04-22 00:00:00+00:00, run_after=2026-04-23 00:00:00+00:00
[2026-04-22T10:24:16.624+0000] {processor.py:183} INFO - Processing /opt/airflow/dags/ecommerce_pipeline.py took 0.139 seconds
[2026-04-22T10:24:46.956+0000] {processor.py:161} INFO - Started process (PID=3072) to work on /opt/airflow/dags/ecommerce_pipeline.py
[2026-04-22T10:24:46.957+0000] {processor.py:830} INFO - Processing file /opt/airflow/dags/ecommerce_pipeline.py for tasks to queue
[2026-04-22T10:24:46.959+0000] {logging_mixin.py:188} INFO - [2026-04-22T10:24:46.958+0000] {dagbag.py:538} INFO - Filling up the DagBag from /opt/airflow/dags/ecommerce_pipeline.py
[2026-04-22T10:24:46.995+0000] {processor.py:840} INFO - DAG(s) 'ecommerce_analytics_pipeline' retrieved from /opt/airflow/dags/ecommerce_pipeline.py
[2026-04-22T10:24:47.039+0000] {logging_mixin.py:188} INFO - [2026-04-22T10:24:47.039+0000] {dag.py:3036} INFO - Sync 1 DAGs
[2026-04-22T10:24:47.071+0000] {logging_mixin.py:188} INFO - [2026-04-22T10:24:47.070+0000] {dag.py:3823} INFO - Setting next_dagrun for ecommerce_analytics_pipeline to 2026-04-22 00:00:00+00:00, run_after=2026-04-23 00:00:00+00:00
[2026-04-22T10:24:47.098+0000] {processor.py:183} INFO - Processing /opt/airflow/dags/ecommerce_pipeline.py took 0.146 seconds
[2026-04-22T10:25:17.577+0000] {processor.py:161} INFO - Started process (PID=3077) to work on /opt/airflow/dags/ecommerce_pipeline.py
[2026-04-22T10:25:17.578+0000] {processor.py:830} INFO - Processing file /opt/airflow/dags/ecommerce_pipeline.py for tasks to queue
[2026-04-22T10:25:17.580+0000] {logging_mixin.py:188} INFO - [2026-04-22T10:25:17.579+0000] {dagbag.py:538} INFO - Filling up the DagBag from /opt/airflow/dags/ecommerce_pipeline.py
[2026-04-22T10:25:17.613+0000] {processor.py:840} INFO - DAG(s) 'ecommerce_analytics_pipeline' retrieved from /opt/airflow/dags/ecommerce_pipeline.py
[2026-04-22T10:25:17.666+0000] {logging_mixin.py:188} INFO - [2026-04-22T10:25:17.666+0000] {dag.py:3036} INFO - Sync 1 DAGs
[2026-04-22T10:25:17.699+0000] {logging_mixin.py:188} INFO - [2026-04-22T10:25:17.699+0000] {dag.py:3823} INFO - Setting next_dagrun for ecommerce_analytics_pipeline to 2026-04-22 00:00:00+00:00, run_after=2026-04-23 00:00:00+00:00
[2026-04-22T10:25:17.728+0000] {processor.py:183} INFO - Processing /opt/airflow/dags/ecommerce_pipeline.py took 0.156 seconds
[2026-04-22T10:25:48.163+0000] {processor.py:161} INFO - Started process (PID=3082) to work on /opt/airflow/dags/ecommerce_pipeline.py
[2026-04-22T10:25:48.165+0000] {processor.py:830} INFO - Processing file /opt/airflow/dags/ecommerce_pipeline.py for tasks to queue
[2026-04-22T10:25:48.167+0000] {logging_mixin.py:188} INFO - [2026-04-22T10:25:48.166+0000] {dagbag.py:538} INFO - Filling up the DagBag from /opt/airflow/dags/ecommerce_pipeline.py
[2026-04-22T10:25:48.204+0000] {processor.py:840} INFO - DAG(s) 'ecommerce_analytics_pipeline' retrieved from /opt/airflow/dags/ecommerce_pipeline.py
[2026-04-22T10:25:48.242+0000] {logging_mixin.py:188} INFO - [2026-04-22T10:25:48.242+0000] {dag.py:3036} INFO - Sync 1 DAGs
[2026-04-22T10:25:48.271+0000] {logging_mixin.py:188} INFO - [2026-04-22T10:25:48.270+0000] {dag.py:3823} INFO - Setting next_dagrun for ecommerce_analytics_pipeline to 2026-04-22 00:00:00+00:00, run_after=2026-04-23 00:00:00+00:00
[2026-04-22T10:25:48.298+0000] {processor.py:183} INFO - Processing /opt/airflow/dags/ecommerce_pipeline.py took 0.139 seconds
[2026-04-22T10:26:18.690+0000] {processor.py:161} INFO - Started process (PID=3087) to work on /opt/airflow/dags/ecommerce_pipeline.py
[2026-04-22T10:26:18.692+0000] {processor.py:830} INFO - Processing file /opt/airflow/dags/ecommerce_pipeline.py for tasks to queue
[2026-04-22T10:26:18.694+0000] {logging_mixin.py:188} INFO - [2026-04-22T10:26:18.694+0000] {dagbag.py:538} INFO - Filling up the DagBag from /opt/airflow/dags/ecommerce_pipeline.py
[2026-04-22T10:26:18.734+0000] {processor.py:840} INFO - DAG(s) 'ecommerce_analytics_pipeline' retrieved from /opt/airflow/dags/ecommerce_pipeline.py
[2026-04-22T10:26:18.776+0000] {logging_mixin.py:188} INFO - [2026-04-22T10:26:18.776+0000] {dag.py:3036} INFO - Sync 1 DAGs
[2026-04-22T10:26:18.805+0000] {logging_mixin.py:188} INFO - [2026-04-22T10:26:18.804+0000] {dag.py:3823} INFO - Setting next_dagrun for ecommerce_analytics_pipeline to 2026-04-22 00:00:00+00:00, run_after=2026-04-23 00:00:00+00:00
[2026-04-22T10:26:18.835+0000] {processor.py:183} INFO - Processing /opt/airflow/dags/ecommerce_pipeline.py took 0.151 seconds
[2026-04-22T10:26:49.191+0000] {processor.py:161} INFO - Started process (PID=3092) to work on /opt/airflow/dags/ecommerce_pipeline.py
[2026-04-22T10:26:49.193+0000] {processor.py:830} INFO - Processing file /opt/airflow/dags/ecommerce_pipeline.py for tasks to queue
[2026-04-22T10:26:49.194+0000] {logging_mixin.py:188} INFO - [2026-04-22T10:26:49.194+0000] {dagbag.py:538} INFO - Filling up the DagBag from /opt/airflow/dags/ecommerce_pipeline.py
[2026-04-22T10:26:49.234+0000] {processor.py:840} INFO - DAG(s) 'ecommerce_analytics_pipeline' retrieved from /opt/airflow/dags/ecommerce_pipeline.py
[2026-04-22T10:26:49.276+0000] {logging_mixin.py:188} INFO - [2026-04-22T10:26:49.276+0000] {dag.py:3036} INFO - Sync 1 DAGs
[2026-04-22T10:26:49.311+0000] {logging_mixin.py:188} INFO - [2026-04-22T10:26:49.310+0000] {dag.py:3823} INFO - Setting next_dagrun for ecommerce_analytics_pipeline to 2026-04-22 00:00:00+00:00, run_after=2026-04-23 00:00:00+00:00
[2026-04-22T10:26:49.341+0000] {processor.py:183} INFO - Processing /opt/airflow/dags/ecommerce_pipeline.py took 0.154 seconds
[2026-04-22T10:27:19.619+0000] {processor.py:161} INFO - Started process (PID=3097) to work on /opt/airflow/dags/ecommerce_pipeline.py
[2026-04-22T10:27:19.621+0000] {processor.py:830} INFO - Processing file /opt/airflow/dags/ecommerce_pipeline.py for tasks to queue
[2026-04-22T10:27:19.623+0000] {logging_mixin.py:188} INFO - [2026-04-22T10:27:19.623+0000] {dagbag.py:538} INFO - Filling up the DagBag from /opt/airflow/dags/ecommerce_pipeline.py
[2026-04-22T10:27:19.660+0000] {processor.py:840} INFO - DAG(s) 'ecommerce_analytics_pipeline' retrieved from /opt/airflow/dags/ecommerce_pipeline.py
[2026-04-22T10:27:19.704+0000] {logging_mixin.py:188} INFO - [2026-04-22T10:27:19.703+0000] {dag.py:3036} INFO - Sync 1 DAGs
[2026-04-22T10:27:19.734+0000] {logging_mixin.py:188} INFO - [2026-04-22T10:27:19.734+0000] {dag.py:3823} INFO - Setting next_dagrun for ecommerce_analytics_pipeline to 2026-04-22 00:00:00+00:00, run_after=2026-04-23 00:00:00+00:00
[2026-04-22T10:27:19.763+0000] {processor.py:183} INFO - Processing /opt/airflow/dags/ecommerce_pipeline.py took 0.149 seconds
[2026-04-22T10:27:50.200+0000] {processor.py:161} INFO - Started process (PID=3102) to work on /opt/airflow/dags/ecommerce_pipeline.py
[2026-04-22T10:27:50.202+0000] {processor.py:830} INFO - Processing file /opt/airflow/dags/ecommerce_pipeline.py for tasks to queue
[2026-04-22T10:27:50.203+0000] {logging_mixin.py:188} INFO - [2026-04-22T10:27:50.203+0000] {dagbag.py:538} INFO - Filling up the DagBag from /opt/airflow/dags/ecommerce_pipeline.py
[2026-04-22T10:27:50.239+0000] {processor.py:840} INFO - DAG(s) 'ecommerce_analytics_pipeline' retrieved from /opt/airflow/dags/ecommerce_pipeline.py
[2026-04-22T10:27:50.283+0000] {logging_mixin.py:188} INFO - [2026-04-22T10:27:50.283+0000] {dag.py:3036} INFO - Sync 1 DAGs
[2026-04-22T10:27:50.316+0000] {logging_mixin.py:188} INFO - [2026-04-22T10:27:50.316+0000] {dag.py:3823} INFO - Setting next_dagrun for ecommerce_analytics_pipeline to 2026-04-22 00:00:00+00:00, run_after=2026-04-23 00:00:00+00:00
[2026-04-22T10:27:50.343+0000] {processor.py:183} INFO - Processing /opt/airflow/dags/ecommerce_pipeline.py took 0.149 seconds
[2026-04-22T10:28:20.728+0000] {processor.py:161} INFO - Started process (PID=3107) to work on /opt/airflow/dags/ecommerce_pipeline.py
[2026-04-22T10:28:20.730+0000] {processor.py:830} INFO - Processing file /opt/airflow/dags/ecommerce_pipeline.py for tasks to queue
[2026-04-22T10:28:20.731+0000] {logging_mixin.py:188} INFO - [2026-04-22T10:28:20.731+0000] {dagbag.py:538} INFO - Filling up the DagBag from /opt/airflow/dags/ecommerce_pipeline.py
[2026-04-22T10:28:20.766+0000] {processor.py:840} INFO - DAG(s) 'ecommerce_analytics_pipeline' retrieved from /opt/airflow/dags/ecommerce_pipeline.py
[2026-04-22T10:28:20.810+0000] {logging_mixin.py:188} INFO - [2026-04-22T10:28:20.809+0000] {dag.py:3036} INFO - Sync 1 DAGs
[2026-04-22T10:28:20.843+0000] {logging_mixin.py:188} INFO - [2026-04-22T10:28:20.842+0000] {dag.py:3823} INFO - Setting next_dagrun for ecommerce_analytics_pipeline to 2026-04-22 00:00:00+00:00, run_after=2026-04-23 00:00:00+00:00
[2026-04-22T10:28:20.871+0000] {processor.py:183} INFO - Processing /opt/airflow/dags/ecommerce_pipeline.py took 0.149 seconds
[2026-04-22T10:28:51.288+0000] {processor.py:161} INFO - Started process (PID=3112) to work on /opt/airflow/dags/ecommerce_pipeline.py
[2026-04-22T10:28:51.290+0000] {processor.py:830} INFO - Processing file /opt/airflow/dags/ecommerce_pipeline.py for tasks to queue
[2026-04-22T10:28:51.291+0000] {logging_mixin.py:188} INFO - [2026-04-22T10:28:51.291+0000] {dagbag.py:538} INFO - Filling up the DagBag from /opt/airflow/dags/ecommerce_pipeline.py
[2026-04-22T10:28:51.333+0000] {processor.py:840} INFO - DAG(s) 'ecommerce_analytics_pipeline' retrieved from /opt/airflow/dags/ecommerce_pipeline.py
[2026-04-22T10:28:51.371+0000] {logging_mixin.py:188} INFO - [2026-04-22T10:28:51.371+0000] {dag.py:3036} INFO - Sync 1 DAGs
[2026-04-22T10:28:51.401+0000] {logging_mixin.py:188} INFO - [2026-04-22T10:28:51.401+0000] {dag.py:3823} INFO - Setting next_dagrun for ecommerce_analytics_pipeline to 2026-04-22 00:00:00+00:00, run_after=2026-04-23 00:00:00+00:00
[2026-04-22T10:28:51.428+0000] {processor.py:183} INFO - Processing /opt/airflow/dags/ecommerce_pipeline.py took 0.144 seconds
[2026-04-22T10:29:21.779+0000] {processor.py:161} INFO - Started process (PID=3117) to work on /opt/airflow/dags/ecommerce_pipeline.py
[2026-04-22T10:29:21.780+0000] {processor.py:830} INFO - Processing file /opt/airflow/dags/ecommerce_pipeline.py for tasks to queue
[2026-04-22T10:29:21.782+0000] {logging_mixin.py:188} INFO - [2026-04-22T10:29:21.781+0000] {dagbag.py:538} INFO - Filling up the DagBag from /opt/airflow/dags/ecommerce_pipeline.py
[2026-04-22T10:29:21.816+0000] {processor.py:840} INFO - DAG(s) 'ecommerce_analytics_pipeline' retrieved from /opt/airflow/dags/ecommerce_pipeline.py
[2026-04-22T10:29:21.857+0000] {logging_mixin.py:188} INFO - [2026-04-22T10:29:21.856+0000] {dag.py:3036} INFO - Sync 1 DAGs
[2026-04-22T10:29:21.891+0000] {logging_mixin.py:188} INFO - [2026-04-22T10:29:21.890+0000] {dag.py:3823} INFO - Setting next_dagrun for ecommerce_analytics_pipeline to 2026-04-22 00:00:00+00:00, run_after=2026-04-23 00:00:00+00:00
[2026-04-22T10:29:21.921+0000] {processor.py:183} INFO - Processing /opt/airflow/dags/ecommerce_pipeline.py took 0.146 seconds
[2026-04-22T10:29:52.337+0000] {processor.py:161} INFO - Started process (PID=3122) to work on /opt/airflow/dags/ecommerce_pipeline.py
[2026-04-22T10:29:52.339+0000] {processor.py:830} INFO - Processing file /opt/airflow/dags/ecommerce_pipeline.py for tasks to queue
[2026-04-22T10:29:52.340+0000] {logging_mixin.py:188} INFO - [2026-04-22T10:29:52.340+0000] {dagbag.py:538} INFO - Filling up the DagBag from /opt/airflow/dags/ecommerce_pipeline.py
[2026-04-22T10:29:52.375+0000] {processor.py:840} INFO - DAG(s) 'ecommerce_analytics_pipeline' retrieved from /opt/airflow/dags/ecommerce_pipeline.py
[2026-04-22T10:29:52.416+0000] {logging_mixin.py:188} INFO - [2026-04-22T10:29:52.416+0000] {dag.py:3036} INFO - Sync 1 DAGs
[2026-04-22T10:29:52.451+0000] {logging_mixin.py:188} INFO - [2026-04-22T10:29:52.451+0000] {dag.py:3823} INFO - Setting next_dagrun for ecommerce_analytics_pipeline to 2026-04-22 00:00:00+00:00, run_after=2026-04-23 00:00:00+00:00
[2026-04-22T10:29:52.485+0000] {processor.py:183} INFO - Processing /opt/airflow/dags/ecommerce_pipeline.py took 0.151 seconds
[2026-04-22T10:30:22.658+0000] {processor.py:161} INFO - Started process (PID=3127) to work on /opt/airflow/dags/ecommerce_pipeline.py
[2026-04-22T10:30:22.660+0000] {processor.py:830} INFO - Processing file /opt/airflow/dags/ecommerce_pipeline.py for tasks to queue
[2026-04-22T10:30:22.662+0000] {logging_mixin.py:188} INFO - [2026-04-22T10:30:22.661+0000] {dagbag.py:538} INFO - Filling up the DagBag from /opt/airflow/dags/ecommerce_pipeline.py
[2026-04-22T10:30:22.701+0000] {processor.py:840} INFO - DAG(s) 'ecommerce_analytics_pipeline' retrieved from /opt/airflow/dags/ecommerce_pipeline.py
[2026-04-22T10:30:22.747+0000] {logging_mixin.py:188} INFO - [2026-04-22T10:30:22.747+0000] {dag.py:3036} INFO - Sync 1 DAGs
[2026-04-22T10:30:22.779+0000] {logging_mixin.py:188} INFO - [2026-04-22T10:30:22.779+0000] {dag.py:3823} INFO - Setting next_dagrun for ecommerce_analytics_pipeline to 2026-04-22 00:00:00+00:00, run_after=2026-04-23 00:00:00+00:00
[2026-04-22T10:30:22.809+0000] {processor.py:183} INFO - Processing /opt/airflow/dags/ecommerce_pipeline.py took 0.156 seconds
[2026-04-22T10:30:53.258+0000] {processor.py:161} INFO - Started process (PID=3132) to work on /opt/airflow/dags/ecommerce_pipeline.py
[2026-04-22T10:30:53.260+0000] {processor.py:830} INFO - Processing file /opt/airflow/dags/ecommerce_pipeline.py for tasks to queue
[2026-04-22T10:30:53.262+0000] {logging_mixin.py:188} INFO - [2026-04-22T10:30:53.261+0000] {dagbag.py:538} INFO - Filling up the DagBag from /opt/airflow/dags/ecommerce_pipeline.py
[2026-04-22T10:30:53.299+0000] {processor.py:840} INFO - DAG(s) 'ecommerce_analytics_pipeline' retrieved from /opt/airflow/dags/ecommerce_pipeline.py
[2026-04-22T10:30:53.342+0000] {logging_mixin.py:188} INFO - [2026-04-22T10:30:53.342+0000] {dag.py:3036} INFO - Sync 1 DAGs
[2026-04-22T10:30:53.372+0000] {logging_mixin.py:188} INFO - [2026-04-22T10:30:53.372+0000] {dag.py:3823} INFO - Setting next_dagrun for ecommerce_analytics_pipeline to 2026-04-22 00:00:00+00:00, run_after=2026-04-23 00:00:00+00:00
[2026-04-22T10:30:53.412+0000] {processor.py:183} INFO - Processing /opt/airflow/dags/ecommerce_pipeline.py took 0.159 seconds
[2026-04-22T10:31:23.816+0000] {processor.py:161} INFO - Started process (PID=3137) to work on /opt/airflow/dags/ecommerce_pipeline.py
[2026-04-22T10:31:23.819+0000] {processor.py:830} INFO - Processing file /opt/airflow/dags/ecommerce_pipeline.py for tasks to queue
[2026-04-22T10:31:23.821+0000] {logging_mixin.py:188} INFO - [2026-04-22T10:31:23.821+0000] {dagbag.py:538} INFO - Filling up the DagBag from /opt/airflow/dags/ecommerce_pipeline.py
[2026-04-22T10:31:23.871+0000] {processor.py:840} INFO - DAG(s) 'ecommerce_analytics_pipeline' retrieved from /opt/airflow/dags/ecommerce_pipeline.py
[2026-04-22T10:31:23.916+0000] {logging_mixin.py:188} INFO - [2026-04-22T10:31:23.916+0000] {dag.py:3036} INFO - Sync 1 DAGs
[2026-04-22T10:31:23.947+0000] {logging_mixin.py:188} INFO - [2026-04-22T10:31:23.947+0000] {dag.py:3823} INFO - Setting next_dagrun for ecommerce_analytics_pipeline to 2026-04-22 00:00:00+00:00, run_after=2026-04-23 00:00:00+00:00
[2026-04-22T10:31:23.975+0000] {processor.py:183} INFO - Processing /opt/airflow/dags/ecommerce_pipeline.py took 0.168 seconds
[2026-04-22T10:31:54.378+0000] {processor.py:161} INFO - Started process (PID=3142) to work on /opt/airflow/dags/ecommerce_pipeline.py
[2026-04-22T10:31:54.380+0000] {processor.py:830} INFO - Processing file /opt/airflow/dags/ecommerce_pipeline.py for tasks to queue
[2026-04-22T10:31:54.381+0000] {logging_mixin.py:188} INFO - [2026-04-22T10:31:54.381+0000] {dagbag.py:538} INFO - Filling up the DagBag from /opt/airflow/dags/ecommerce_pipeline.py
[2026-04-22T10:31:54.415+0000] {processor.py:840} INFO - DAG(s) 'ecommerce_analytics_pipeline' retrieved from /opt/airflow/dags/ecommerce_pipeline.py
[2026-04-22T10:31:54.458+0000] {logging_mixin.py:188} INFO - [2026-04-22T10:31:54.457+0000] {dag.py:3036} INFO - Sync 1 DAGs
[2026-04-22T10:31:54.489+0000] {logging_mixin.py:188} INFO - [2026-04-22T10:31:54.488+0000] {dag.py:3823} INFO - Setting next_dagrun for ecommerce_analytics_pipeline to 2026-04-22 00:00:00+00:00, run_after=2026-04-23 00:00:00+00:00
[2026-04-22T10:31:54.514+0000] {processor.py:183} INFO - Processing /opt/airflow/dags/ecommerce_pipeline.py took 0.141 seconds
[2026-04-22T10:32:24.914+0000] {processor.py:161} INFO - Started process (PID=3147) to work on /opt/airflow/dags/ecommerce_pipeline.py
[2026-04-22T10:32:24.915+0000] {processor.py:830} INFO - Processing file /opt/airflow/dags/ecommerce_pipeline.py for tasks to queue
[2026-04-22T10:32:24.917+0000] {logging_mixin.py:188} INFO - [2026-04-22T10:32:24.916+0000] {dagbag.py:538} INFO - Filling up the DagBag from /opt/airflow/dags/ecommerce_pipeline.py
[2026-04-22T10:32:24.951+0000] {processor.py:840} INFO - DAG(s) 'ecommerce_analytics_pipeline' retrieved from /opt/airflow/dags/ecommerce_pipeline.py
[2026-04-22T10:32:24.987+0000] {logging_mixin.py:188} INFO - [2026-04-22T10:32:24.987+0000] {dag.py:3036} INFO - Sync 1 DAGs
[2026-04-22T10:32:25.014+0000] {logging_mixin.py:188} INFO - [2026-04-22T10:32:25.014+0000] {dag.py:3823} INFO - Setting next_dagrun for ecommerce_analytics_pipeline to 2026-04-22 00:00:00+00:00, run_after=2026-04-23 00:00:00+00:00
[2026-04-22T10:32:25.041+0000] {processor.py:183} INFO - Processing /opt/airflow/dags/ecommerce_pipeline.py took 0.132 seconds
[2026-04-22T10:40:25.476+0000] {processor.py:161} INFO - Started process (PID=3152) to work on /opt/airflow/dags/ecommerce_pipeline.py
[2026-04-22T10:40:25.481+0000] {processor.py:830} INFO - Processing file /opt/airflow/dags/ecommerce_pipeline.py for tasks to queue
[2026-04-22T10:40:25.484+0000] {logging_mixin.py:188} INFO - [2026-04-22T10:40:25.483+0000] {dagbag.py:538} INFO - Filling up the DagBag from /opt/airflow/dags/ecommerce_pipeline.py
[2026-04-22T10:40:25.547+0000] {processor.py:840} INFO - DAG(s) 'ecommerce_analytics_pipeline' retrieved from /opt/airflow/dags/ecommerce_pipeline.py
[2026-04-22T10:40:25.631+0000] {logging_mixin.py:188} INFO - [2026-04-22T10:40:25.630+0000] {dag.py:3036} INFO - Sync 1 DAGs
[2026-04-22T10:40:25.677+0000] {logging_mixin.py:188} INFO - [2026-04-22T10:40:25.677+0000] {dag.py:3823} INFO - Setting next_dagrun for ecommerce_analytics_pipeline to 2026-04-22 00:00:00+00:00, run_after=2026-04-23 00:00:00+00:00
[2026-04-22T10:40:25.711+0000] {processor.py:183} INFO - Processing /opt/airflow/dags/ecommerce_pipeline.py took 0.258 seconds
[2026-04-22T10:40:55.866+0000] {processor.py:161} INFO - Started process (PID=3159) to work on /opt/airflow/dags/ecommerce_pipeline.py
[2026-04-22T10:40:55.868+0000] {processor.py:830} INFO - Processing file /opt/airflow/dags/ecommerce_pipeline.py for tasks to queue
[2026-04-22T10:40:55.870+0000] {logging_mixin.py:188} INFO - [2026-04-22T10:40:55.869+0000] {dagbag.py:538} INFO - Filling up the DagBag from /opt/airflow/dags/ecommerce_pipeline.py
[2026-04-22T10:40:55.922+0000] {processor.py:840} INFO - DAG(s) 'ecommerce_analytics_pipeline' retrieved from /opt/airflow/dags/ecommerce_pipeline.py
[2026-04-22T10:40:55.982+0000] {logging_mixin.py:188} INFO - [2026-04-22T10:40:55.982+0000] {dag.py:3036} INFO - Sync 1 DAGs
[2026-04-22T10:40:56.026+0000] {logging_mixin.py:188} INFO - [2026-04-22T10:40:56.026+0000] {dag.py:3823} INFO - Setting next_dagrun for ecommerce_analytics_pipeline to 2026-04-22 00:00:00+00:00, run_after=2026-04-23 00:00:00+00:00
[2026-04-22T10:40:56.056+0000] {processor.py:183} INFO - Processing /opt/airflow/dags/ecommerce_pipeline.py took 0.196 seconds
[2026-04-22T10:41:26.482+0000] {processor.py:161} INFO - Started process (PID=3164) to work on /opt/airflow/dags/ecommerce_pipeline.py
[2026-04-22T10:41:26.484+0000] {processor.py:830} INFO - Processing file /opt/airflow/dags/ecommerce_pipeline.py for tasks to queue
[2026-04-22T10:41:26.485+0000] {logging_mixin.py:188} INFO - [2026-04-22T10:41:26.485+0000] {dagbag.py:538} INFO - Filling up the DagBag from /opt/airflow/dags/ecommerce_pipeline.py
[2026-04-22T10:41:26.524+0000] {processor.py:840} INFO - DAG(s) 'ecommerce_analytics_pipeline' retrieved from /opt/airflow/dags/ecommerce_pipeline.py
[2026-04-22T10:41:26.569+0000] {logging_mixin.py:188} INFO - [2026-04-22T10:41:26.569+0000] {dag.py:3036} INFO - Sync 1 DAGs
[2026-04-22T10:41:26.598+0000] {logging_mixin.py:188} INFO - [2026-04-22T10:41:26.598+0000] {dag.py:3823} INFO - Setting next_dagrun for ecommerce_analytics_pipeline to 2026-04-22 00:00:00+00:00, run_after=2026-04-23 00:00:00+00:00
[2026-04-22T10:41:26.630+0000] {processor.py:183} INFO - Processing /opt/airflow/dags/ecommerce_pipeline.py took 0.152 seconds
[2026-04-22T10:41:56.860+0000] {processor.py:161} INFO - Started process (PID=3169) to work on /opt/airflow/dags/ecommerce_pipeline.py
[2026-04-22T10:41:56.862+0000] {processor.py:830} INFO - Processing file /opt/airflow/dags/ecommerce_pipeline.py for tasks to queue
[2026-04-22T10:41:56.863+0000] {logging_mixin.py:188} INFO - [2026-04-22T10:41:56.863+0000] {dagbag.py:538} INFO - Filling up the DagBag from /opt/airflow/dags/ecommerce_pipeline.py
[2026-04-22T10:41:56.898+0000] {processor.py:840} INFO - DAG(s) 'ecommerce_analytics_pipeline' retrieved from /opt/airflow/dags/ecommerce_pipeline.py
[2026-04-22T10:41:56.944+0000] {logging_mixin.py:188} INFO - [2026-04-22T10:41:56.944+0000] {dag.py:3036} INFO - Sync 1 DAGs
[2026-04-22T10:41:56.978+0000] {logging_mixin.py:188} INFO - [2026-04-22T10:41:56.977+0000] {dag.py:3823} INFO - Setting next_dagrun for ecommerce_analytics_pipeline to 2026-04-22 00:00:00+00:00, run_after=2026-04-23 00:00:00+00:00
[2026-04-22T10:41:57.006+0000] {processor.py:183} INFO - Processing /opt/airflow/dags/ecommerce_pipeline.py took 0.151 seconds
[2026-04-22T10:42:27.362+0000] {processor.py:161} INFO - Started process (PID=3174) to work on /opt/airflow/dags/ecommerce_pipeline.py
[2026-04-22T10:42:27.364+0000] {processor.py:830} INFO - Processing file /opt/airflow/dags/ecommerce_pipeline.py for tasks to queue
[2026-04-22T10:42:27.366+0000] {logging_mixin.py:188} INFO - [2026-04-22T10:42:27.366+0000] {dagbag.py:538} INFO - Filling up the DagBag from /opt/airflow/dags/ecommerce_pipeline.py
[2026-04-22T10:42:27.403+0000] {processor.py:840} INFO - DAG(s) 'ecommerce_analytics_pipeline' retrieved from /opt/airflow/dags/ecommerce_pipeline.py
[2026-04-22T10:42:27.450+0000] {logging_mixin.py:188} INFO - [2026-04-22T10:42:27.450+0000] {dag.py:3036} INFO - Sync 1 DAGs
[2026-04-22T10:42:27.492+0000] {logging_mixin.py:188} INFO - [2026-04-22T10:42:27.491+0000] {dag.py:3823} INFO - Setting next_dagrun for ecommerce_analytics_pipeline to 2026-04-22 00:00:00+00:00, run_after=2026-04-23 00:00:00+00:00
[2026-04-22T10:42:27.531+0000] {processor.py:183} INFO - Processing /opt/airflow/dags/ecommerce_pipeline.py took 0.173 seconds
[2026-04-22T10:42:57.822+0000] {processor.py:161} INFO - Started process (PID=3179) to work on /opt/airflow/dags/ecommerce_pipeline.py
[2026-04-22T10:42:57.823+0000] {processor.py:830} INFO - Processing file /opt/airflow/dags/ecommerce_pipeline.py for tasks to queue
[2026-04-22T10:42:57.825+0000] {logging_mixin.py:188} INFO - [2026-04-22T10:42:57.824+0000] {dagbag.py:538} INFO - Filling up the DagBag from /opt/airflow/dags/ecommerce_pipeline.py
[2026-04-22T10:42:57.859+0000] {processor.py:840} INFO - DAG(s) 'ecommerce_analytics_pipeline' retrieved from /opt/airflow/dags/ecommerce_pipeline.py
[2026-04-22T10:42:57.900+0000] {logging_mixin.py:188} INFO - [2026-04-22T10:42:57.900+0000] {dag.py:3036} INFO - Sync 1 DAGs
[2026-04-22T10:42:57.930+0000] {logging_mixin.py:188} INFO - [2026-04-22T10:42:57.930+0000] {dag.py:3823} INFO - Setting next_dagrun for ecommerce_analytics_pipeline to 2026-04-22 00:00:00+00:00, run_after=2026-04-23 00:00:00+00:00
[2026-04-22T10:42:57.958+0000] {processor.py:183} INFO - Processing /opt/airflow/dags/ecommerce_pipeline.py took 0.141 seconds
[2026-04-22T10:43:28.172+0000] {processor.py:161} INFO - Started process (PID=3184) to work on /opt/airflow/dags/ecommerce_pipeline.py
[2026-04-22T10:43:28.174+0000] {processor.py:830} INFO - Processing file /opt/airflow/dags/ecommerce_pipeline.py for tasks to queue
[2026-04-22T10:43:28.177+0000] {logging_mixin.py:188} INFO - [2026-04-22T10:43:28.176+0000] {dagbag.py:538} INFO - Filling up the DagBag from /opt/airflow/dags/ecommerce_pipeline.py
[2026-04-22T10:43:28.214+0000] {processor.py:840} INFO - DAG(s) 'ecommerce_analytics_pipeline' retrieved from /opt/airflow/dags/ecommerce_pipeline.py
[2026-04-22T10:43:28.255+0000] {logging_mixin.py:188} INFO - [2026-04-22T10:43:28.255+0000] {dag.py:3036} INFO - Sync 1 DAGs
[2026-04-22T10:43:28.286+0000] {logging_mixin.py:188} INFO - [2026-04-22T10:43:28.286+0000] {dag.py:3823} INFO - Setting next_dagrun for ecommerce_analytics_pipeline to 2026-04-22 00:00:00+00:00, run_after=2026-04-23 00:00:00+00:00
[2026-04-22T10:43:28.320+0000] {processor.py:183} INFO - Processing /opt/airflow/dags/ecommerce_pipeline.py took 0.152 seconds
[2026-04-22T10:43:58.624+0000] {processor.py:161} INFO - Started process (PID=3189) to work on /opt/airflow/dags/ecommerce_pipeline.py
[2026-04-22T10:43:58.627+0000] {processor.py:830} INFO - Processing file /opt/airflow/dags/ecommerce_pipeline.py for tasks to queue
[2026-04-22T10:43:58.629+0000] {logging_mixin.py:188} INFO - [2026-04-22T10:43:58.628+0000] {dagbag.py:538} INFO - Filling up the DagBag from /opt/airflow/dags/ecommerce_pipeline.py
[2026-04-22T10:43:58.671+0000] {processor.py:840} INFO - DAG(s) 'ecommerce_analytics_pipeline' retrieved from /opt/airflow/dags/ecommerce_pipeline.py
[2026-04-22T10:43:58.711+0000] {logging_mixin.py:188} INFO - [2026-04-22T10:43:58.710+0000] {dag.py:3036} INFO - Sync 1 DAGs
[2026-04-22T10:43:58.741+0000] {logging_mixin.py:188} INFO - [2026-04-22T10:43:58.741+0000] {dag.py:3823} INFO - Setting next_dagrun for ecommerce_analytics_pipeline to 2026-04-22 00:00:00+00:00, run_after=2026-04-23 00:00:00+00:00
[2026-04-22T10:43:58.771+0000] {processor.py:183} INFO - Processing /opt/airflow/dags/ecommerce_pipeline.py took 0.153 seconds
[2026-04-22T10:44:29.119+0000] {processor.py:161} INFO - Started process (PID=3194) to work on /opt/airflow/dags/ecommerce_pipeline.py
[2026-04-22T10:44:29.120+0000] {processor.py:830} INFO - Processing file /opt/airflow/dags/ecommerce_pipeline.py for tasks to queue
[2026-04-22T10:44:29.122+0000] {logging_mixin.py:188} INFO - [2026-04-22T10:44:29.121+0000] {dagbag.py:538} INFO - Filling up the DagBag from /opt/airflow/dags/ecommerce_pipeline.py
[2026-04-22T10:44:29.156+0000] {processor.py:840} INFO - DAG(s) 'ecommerce_analytics_pipeline' retrieved from /opt/airflow/dags/ecommerce_pipeline.py
[2026-04-22T10:44:29.195+0000] {logging_mixin.py:188} INFO - [2026-04-22T10:44:29.195+0000] {dag.py:3036} INFO - Sync 1 DAGs
[2026-04-22T10:44:29.227+0000] {logging_mixin.py:188} INFO - [2026-04-22T10:44:29.227+0000] {dag.py:3823} INFO - Setting next_dagrun for ecommerce_analytics_pipeline to 2026-04-22 00:00:00+00:00, run_after=2026-04-23 00:00:00+00:00
[2026-04-22T10:44:29.258+0000] {processor.py:183} INFO - Processing /opt/airflow/dags/ecommerce_pipeline.py took 0.143 seconds
[2026-04-22T10:44:59.545+0000] {processor.py:161} INFO - Started process (PID=3199) to work on /opt/airflow/dags/ecommerce_pipeline.py
[2026-04-22T10:44:59.548+0000] {processor.py:830} INFO - Processing file /opt/airflow/dags/ecommerce_pipeline.py for tasks to queue
[2026-04-22T10:44:59.550+0000] {logging_mixin.py:188} INFO - [2026-04-22T10:44:59.549+0000] {dagbag.py:538} INFO - Filling up the DagBag from /opt/airflow/dags/ecommerce_pipeline.py
[2026-04-22T10:44:59.595+0000] {processor.py:840} INFO - DAG(s) 'ecommerce_analytics_pipeline' retrieved from /opt/airflow/dags/ecommerce_pipeline.py
[2026-04-22T10:44:59.641+0000] {logging_mixin.py:188} INFO - [2026-04-22T10:44:59.641+0000] {dag.py:3036} INFO - Sync 1 DAGs
[2026-04-22T10:44:59.672+0000] {logging_mixin.py:188} INFO - [2026-04-22T10:44:59.672+0000] {dag.py:3823} INFO - Setting next_dagrun for ecommerce_analytics_pipeline to 2026-04-22 00:00:00+00:00, run_after=2026-04-23 00:00:00+00:00
[2026-04-22T10:44:59.703+0000] {processor.py:183} INFO - Processing /opt/airflow/dags/ecommerce_pipeline.py took 0.164 seconds
[2026-04-22T10:45:30.148+0000] {processor.py:161} INFO - Started process (PID=3204) to work on /opt/airflow/dags/ecommerce_pipeline.py
[2026-04-22T10:45:30.150+0000] {processor.py:830} INFO - Processing file /opt/airflow/dags/ecommerce_pipeline.py for tasks to queue
[2026-04-22T10:45:30.152+0000] {logging_mixin.py:188} INFO - [2026-04-22T10:45:30.151+0000] {dagbag.py:538} INFO - Filling up the DagBag from /opt/airflow/dags/ecommerce_pipeline.py
[2026-04-22T10:45:30.208+0000] {processor.py:840} INFO - DAG(s) 'ecommerce_analytics_pipeline' retrieved from /opt/airflow/dags/ecommerce_pipeline.py
[2026-04-22T10:45:30.286+0000] {logging_mixin.py:188} INFO - [2026-04-22T10:45:30.286+0000] {dag.py:3036} INFO - Sync 1 DAGs
[2026-04-22T10:45:30.340+0000] {logging_mixin.py:188} INFO - [2026-04-22T10:45:30.339+0000] {dag.py:3823} INFO - Setting next_dagrun for ecommerce_analytics_pipeline to 2026-04-22 00:00:00+00:00, run_after=2026-04-23 00:00:00+00:00
[2026-04-22T10:45:30.363+0000] {processor.py:183} INFO - Processing /opt/airflow/dags/ecommerce_pipeline.py took 0.220 seconds
[2026-04-22T10:46:00.668+0000] {processor.py:161} INFO - Started process (PID=3209) to work on /opt/airflow/dags/ecommerce_pipeline.py
[2026-04-22T10:46:00.671+0000] {processor.py:830} INFO - Processing file /opt/airflow/dags/ecommerce_pipeline.py for tasks to queue
[2026-04-22T10:46:00.674+0000] {logging_mixin.py:188} INFO - [2026-04-22T10:46:00.673+0000] {dagbag.py:538} INFO - Filling up the DagBag from /opt/airflow/dags/ecommerce_pipeline.py
[2026-04-22T10:46:00.739+0000] {processor.py:840} INFO - DAG(s) 'ecommerce_analytics_pipeline' retrieved from /opt/airflow/dags/ecommerce_pipeline.py
[2026-04-22T10:46:00.777+0000] {logging_mixin.py:188} INFO - [2026-04-22T10:46:00.776+0000] {dag.py:3036} INFO - Sync 1 DAGs
[2026-04-22T10:46:00.805+0000] {logging_mixin.py:188} INFO - [2026-04-22T10:46:00.805+0000] {dag.py:3823} INFO - Setting next_dagrun for ecommerce_analytics_pipeline to 2026-04-22 00:00:00+00:00, run_after=2026-04-23 00:00:00+00:00
[2026-04-22T10:46:00.831+0000] {processor.py:183} INFO - Processing /opt/airflow/dags/ecommerce_pipeline.py took 0.174 seconds
[2026-04-22T10:46:31.151+0000] {processor.py:161} INFO - Started process (PID=3214) to work on /opt/airflow/dags/ecommerce_pipeline.py
[2026-04-22T10:46:31.153+0000] {processor.py:830} INFO - Processing file /opt/airflow/dags/ecommerce_pipeline.py for tasks to queue
[2026-04-22T10:46:31.154+0000] {logging_mixin.py:188} INFO - [2026-04-22T10:46:31.154+0000] {dagbag.py:538} INFO - Filling up the DagBag from /opt/airflow/dags/ecommerce_pipeline.py
[2026-04-22T10:46:31.187+0000] {processor.py:840} INFO - DAG(s) 'ecommerce_analytics_pipeline' retrieved from /opt/airflow/dags/ecommerce_pipeline.py
[2026-04-22T10:46:31.231+0000] {logging_mixin.py:188} INFO - [2026-04-22T10:46:31.230+0000] {dag.py:3036} INFO - Sync 1 DAGs
[2026-04-22T10:46:31.262+0000] {logging_mixin.py:188} INFO - [2026-04-22T10:46:31.262+0000] {dag.py:3823} INFO - Setting next_dagrun for ecommerce_analytics_pipeline to 2026-04-22 00:00:00+00:00, run_after=2026-04-23 00:00:00+00:00
[2026-04-22T10:46:31.293+0000] {processor.py:183} INFO - Processing /opt/airflow/dags/ecommerce_pipeline.py took 0.147 seconds
[2026-04-22T11:09:50.518+0000] {processor.py:161} INFO - Started process (PID=3221) to work on /opt/airflow/dags/ecommerce_pipeline.py
[2026-04-22T11:09:50.520+0000] {processor.py:830} INFO - Processing file /opt/airflow/dags/ecommerce_pipeline.py for tasks to queue
[2026-04-22T11:09:50.525+0000] {logging_mixin.py:188} INFO - [2026-04-22T11:09:50.523+0000] {dagbag.py:538} INFO - Filling up the DagBag from /opt/airflow/dags/ecommerce_pipeline.py
[2026-04-22T11:09:50.614+0000] {processor.py:840} INFO - DAG(s) 'ecommerce_analytics_pipeline' retrieved from /opt/airflow/dags/ecommerce_pipeline.py
[2026-04-22T11:09:50.819+0000] {logging_mixin.py:188} INFO - [2026-04-22T11:09:50.819+0000] {dag.py:3036} INFO - Sync 1 DAGs
[2026-04-22T11:09:50.941+0000] {logging_mixin.py:188} INFO - [2026-04-22T11:09:50.940+0000] {dag.py:3823} INFO - Setting next_dagrun for ecommerce_analytics_pipeline to 2026-04-22 00:00:00+00:00, run_after=2026-04-23 00:00:00+00:00
[2026-04-22T11:09:51.050+0000] {processor.py:183} INFO - Processing /opt/airflow/dags/ecommerce_pipeline.py took 0.553 seconds
[2026-04-22T15:10:08.914+0000] {processor.py:161} INFO - Started process (PID=3228) to work on /opt/airflow/dags/ecommerce_pipeline.py
[2026-04-22T15:10:08.918+0000] {processor.py:830} INFO - Processing file /opt/airflow/dags/ecommerce_pipeline.py for tasks to queue
[2026-04-22T15:10:08.932+0000] {logging_mixin.py:188} INFO - [2026-04-22T15:10:08.931+0000] {dagbag.py:538} INFO - Filling up the DagBag from /opt/airflow/dags/ecommerce_pipeline.py
[2026-04-22T15:10:09.139+0000] {processor.py:840} INFO - DAG(s) 'ecommerce_analytics_pipeline' retrieved from /opt/airflow/dags/ecommerce_pipeline.py
[2026-04-22T15:10:09.328+0000] {logging_mixin.py:188} INFO - [2026-04-22T15:10:09.327+0000] {dag.py:3036} INFO - Sync 1 DAGs
[2026-04-22T15:10:09.475+0000] {logging_mixin.py:188} INFO - [2026-04-22T15:10:09.474+0000] {dag.py:3823} INFO - Setting next_dagrun for ecommerce_analytics_pipeline to 2026-04-22 00:00:00+00:00, run_after=2026-04-23 00:00:00+00:00
[2026-04-22T15:10:09.607+0000] {processor.py:183} INFO - Processing /opt/airflow/dags/ecommerce_pipeline.py took 0.710 seconds
