[2026-04-20T14:16:23.604+0000] {manager.py:469} INFO - Processing files using up to 2 processes at a time 
[2026-04-20T14:16:23.605+0000] {manager.py:470} INFO - Process each file at most once every 30 seconds
[2026-04-20T14:16:23.606+0000] {manager.py:471} INFO - Checking for new files in /opt/airflow/dags every 300 seconds
[2026-04-20T14:16:23.606+0000] {manager.py:738} INFO - Searching for files in /opt/airflow/dags
[2026-04-20T14:16:23.617+0000] {manager.py:741} INFO - There are 0 files in /opt/airflow/dags
[2026-04-20T14:21:24.096+0000] {manager.py:738} INFO - Searching for files in /opt/airflow/dags
[2026-04-20T14:21:24.133+0000] {manager.py:741} INFO - There are 0 files in /opt/airflow/dags
[2026-04-20T14:26:24.542+0000] {manager.py:738} INFO - Searching for files in /opt/airflow/dags
[2026-04-20T14:26:24.562+0000] {manager.py:741} INFO - There are 0 files in /opt/airflow/dags
[2026-04-20T14:31:24.879+0000] {manager.py:738} INFO - Searching for files in /opt/airflow/dags
[2026-04-20T14:31:24.935+0000] {manager.py:741} INFO - There are 0 files in /opt/airflow/dags
[2026-04-20T14:36:25.323+0000] {manager.py:738} INFO - Searching for files in /opt/airflow/dags
[2026-04-20T14:36:25.357+0000] {manager.py:741} INFO - There are 0 files in /opt/airflow/dags
[2026-04-20T14:41:25.728+0000] {manager.py:738} INFO - Searching for files in /opt/airflow/dags
[2026-04-20T14:41:25.761+0000] {manager.py:741} INFO - There are 0 files in /opt/airflow/dags
[2026-04-20T14:46:26.053+0000] {manager.py:738} INFO - Searching for files in /opt/airflow/dags
[2026-04-20T14:46:26.069+0000] {manager.py:741} INFO - There are 0 files in /opt/airflow/dags
[2026-04-20T14:51:26.342+0000] {manager.py:738} INFO - Searching for files in /opt/airflow/dags
[2026-04-20T14:51:26.365+0000] {manager.py:741} INFO - There are 0 files in /opt/airflow/dags
[2026-04-20T14:56:26.933+0000] {manager.py:738} INFO - Searching for files in /opt/airflow/dags
[2026-04-20T14:56:26.966+0000] {manager.py:741} INFO - There are 0 files in /opt/airflow/dags
[2026-04-20T15:01:27.125+0000] {manager.py:738} INFO - Searching for files in /opt/airflow/dags
[2026-04-20T15:01:27.152+0000] {manager.py:741} INFO - There are 0 files in /opt/airflow/dags
[2026-04-20T15:06:27.427+0000] {manager.py:738} INFO - Searching for files in /opt/airflow/dags
[2026-04-20T15:06:27.449+0000] {manager.py:741} INFO - There are 0 files in /opt/airflow/dags
[2026-04-20T15:11:27.772+0000] {manager.py:738} INFO - Searching for files in /opt/airflow/dags
[2026-04-20T15:11:27.805+0000] {manager.py:741} INFO - There are 0 files in /opt/airflow/dags
[2026-04-20T15:16:28.158+0000] {manager.py:738} INFO - Searching for files in /opt/airflow/dags
[2026-04-20T15:16:28.184+0000] {manager.py:741} INFO - There are 0 files in /opt/airflow/dags
[2026-04-20T15:21:28.545+0000] {manager.py:738} INFO - Searching for files in /opt/airflow/dags
[2026-04-20T15:21:28.568+0000] {manager.py:741} INFO - There are 0 files in /opt/airflow/dags
[2026-04-20T15:26:28.755+0000] {manager.py:738} INFO - Searching for files in /opt/airflow/dags
[2026-04-20T15:26:28.773+0000] {manager.py:741} INFO - There are 0 files in /opt/airflow/dags
[2026-04-20T15:31:29.130+0000] {manager.py:738} INFO - Searching for files in /opt/airflow/dags
[2026-04-20T15:31:29.155+0000] {manager.py:741} INFO - There are 0 files in /opt/airflow/dags
[2026-04-20T15:36:29.510+0000] {manager.py:738} INFO - Searching for files in /opt/airflow/dags
[2026-04-20T15:36:29.540+0000] {manager.py:741} INFO - There are 0 files in /opt/airflow/dags
[2026-04-20T18:17:05.008+0000] {manager.py:738} INFO - Searching for files in /opt/airflow/dags
[2026-04-20T18:17:05.498+0000] {manager.py:741} INFO - There are 0 files in /opt/airflow/dags
[2026-04-20T20:37:22.075+0000] {manager.py:738} INFO - Searching for files in /opt/airflow/dags
[2026-04-20T20:37:22.100+0000] {manager.py:741} INFO - There are 0 files in /opt/airflow/dags
[2026-04-21T05:16:18.336+0000] {manager.py:738} INFO - Searching for files in /opt/airflow/dags
[2026-04-21T05:16:19.884+0000] {manager.py:741} INFO - There are 0 files in /opt/airflow/dags
[2026-04-21T05:21:18.924+0000] {manager.py:738} INFO - Searching for files in /opt/airflow/dags
[2026-04-21T05:21:18.979+0000] {manager.py:741} INFO - There are 0 files in /opt/airflow/dags
[2026-04-21T05:26:19.084+0000] {manager.py:738} INFO - Searching for files in /opt/airflow/dags
[2026-04-21T05:26:19.106+0000] {manager.py:741} INFO - There are 0 files in /opt/airflow/dags
[2026-04-21T05:31:19.220+0000] {manager.py:738} INFO - Searching for files in /opt/airflow/dags
[2026-04-21T05:31:19.247+0000] {manager.py:741} INFO - There are 0 files in /opt/airflow/dags
[2026-04-21T05:41:43.918+0000] {manager.py:738} INFO - Searching for files in /opt/airflow/dags
[2026-04-21T05:41:44.045+0000] {manager.py:741} INFO - There are 0 files in /opt/airflow/dags
[2026-04-21T05:46:44.330+0000] {manager.py:738} INFO - Searching for files in /opt/airflow/dags
[2026-04-21T05:46:44.357+0000] {manager.py:741} INFO - There are 0 files in /opt/airflow/dags
[2026-04-21T05:51:44.395+0000] {manager.py:738} INFO - Searching for files in /opt/airflow/dags
[2026-04-21T05:51:44.421+0000] {manager.py:741} INFO - There are 0 files in /opt/airflow/dags
[2026-04-21T05:56:44.537+0000] {manager.py:738} INFO - Searching for files in /opt/airflow/dags
[2026-04-21T05:56:44.582+0000] {manager.py:741} INFO - There are 0 files in /opt/airflow/dags
[2026-04-21T06:01:44.733+0000] {manager.py:738} INFO - Searching for files in /opt/airflow/dags
[2026-04-21T06:01:44.779+0000] {manager.py:741} INFO - There are 0 files in /opt/airflow/dags
[2026-04-21T06:06:44.871+0000] {manager.py:738} INFO - Searching for files in /opt/airflow/dags
[2026-04-21T06:06:44.917+0000] {manager.py:741} INFO - There are 0 files in /opt/airflow/dags
[2026-04-21T06:11:45.750+0000] {manager.py:738} INFO - Searching for files in /opt/airflow/dags
[2026-04-21T06:11:45.763+0000] {manager.py:741} INFO - There are 0 files in /opt/airflow/dags
[2026-04-21T06:16:46.531+0000] {manager.py:738} INFO - Searching for files in /opt/airflow/dags
[2026-04-21T06:16:46.557+0000] {manager.py:741} INFO - There are 0 files in /opt/airflow/dags
[2026-04-21T06:21:47.277+0000] {manager.py:738} INFO - Searching for files in /opt/airflow/dags
[2026-04-21T06:21:47.292+0000] {manager.py:741} INFO - There are 0 files in /opt/airflow/dags
[2026-04-21T06:26:48.204+0000] {manager.py:738} INFO - Searching for files in /opt/airflow/dags
[2026-04-21T06:26:48.246+0000] {manager.py:741} INFO - There are 0 files in /opt/airflow/dags
[2026-04-21T06:31:49.041+0000] {manager.py:738} INFO - Searching for files in /opt/airflow/dags
[2026-04-21T06:31:49.113+0000] {manager.py:741} INFO - There are 0 files in /opt/airflow/dags
[2026-04-21T06:36:49.204+0000] {manager.py:738} INFO - Searching for files in /opt/airflow/dags
[2026-04-21T06:36:49.253+0000] {manager.py:741} INFO - There are 0 files in /opt/airflow/dags
[2026-04-21T06:41:49.817+0000] {manager.py:738} INFO - Searching for files in /opt/airflow/dags
[2026-04-21T06:41:49.889+0000] {manager.py:741} INFO - There are 0 files in /opt/airflow/dags
[2026-04-21T06:46:50.418+0000] {manager.py:738} INFO - Searching for files in /opt/airflow/dags
[2026-04-21T06:46:50.491+0000] {manager.py:741} INFO - There are 0 files in /opt/airflow/dags
[2026-04-21T06:51:51.111+0000] {manager.py:738} INFO - Searching for files in /opt/airflow/dags
[2026-04-21T06:51:51.177+0000] {manager.py:741} INFO - There are 0 files in /opt/airflow/dags
[2026-04-21T06:56:51.719+0000] {manager.py:738} INFO - Searching for files in /opt/airflow/dags
[2026-04-21T06:56:51.763+0000] {manager.py:741} INFO - There are 0 files in /opt/airflow/dags
[2026-04-21T07:01:52.215+0000] {manager.py:738} INFO - Searching for files in /opt/airflow/dags
[2026-04-21T07:01:52.335+0000] {manager.py:741} INFO - There are 0 files in /opt/airflow/dags
[2026-04-21T07:06:53.043+0000] {manager.py:738} INFO - Searching for files in /opt/airflow/dags
[2026-04-21T07:06:53.102+0000] {manager.py:741} INFO - There are 0 files in /opt/airflow/dags
[2026-04-21T07:11:53.796+0000] {manager.py:738} INFO - Searching for files in /opt/airflow/dags
[2026-04-21T07:11:53.828+0000] {manager.py:741} INFO - There are 0 files in /opt/airflow/dags
[2026-04-21T07:16:54.566+0000] {manager.py:738} INFO - Searching for files in /opt/airflow/dags
[2026-04-21T07:16:54.603+0000] {manager.py:741} INFO - There are 0 files in /opt/airflow/dags
[2026-04-21T07:21:55.229+0000] {manager.py:738} INFO - Searching for files in /opt/airflow/dags
[2026-04-21T07:21:55.265+0000] {manager.py:741} INFO - There are 0 files in /opt/airflow/dags
[2026-04-21T07:26:55.708+0000] {manager.py:738} INFO - Searching for files in /opt/airflow/dags
[2026-04-21T07:26:55.751+0000] {manager.py:741} INFO - There are 0 files in /opt/airflow/dags
[2026-04-21T07:31:56.407+0000] {manager.py:738} INFO - Searching for files in /opt/airflow/dags
[2026-04-21T07:31:56.436+0000] {manager.py:741} INFO - There are 0 files in /opt/airflow/dags
[2026-04-21T07:36:57.037+0000] {manager.py:738} INFO - Searching for files in /opt/airflow/dags
[2026-04-21T07:36:57.079+0000] {manager.py:741} INFO - There are 0 files in /opt/airflow/dags
[2026-04-21T07:41:57.464+0000] {manager.py:738} INFO - Searching for files in /opt/airflow/dags
[2026-04-21T07:41:57.496+0000] {manager.py:741} INFO - There are 0 files in /opt/airflow/dags
[2026-04-21T07:46:57.879+0000] {manager.py:738} INFO - Searching for files in /opt/airflow/dags
[2026-04-21T07:46:57.959+0000] {manager.py:741} INFO - There are 0 files in /opt/airflow/dags
[2026-04-21T07:51:58.051+0000] {manager.py:738} INFO - Searching for files in /opt/airflow/dags
[2026-04-21T07:51:58.078+0000] {manager.py:741} INFO - There are 0 files in /opt/airflow/dags
[2026-04-21T07:56:59.011+0000] {manager.py:738} INFO - Searching for files in /opt/airflow/dags
[2026-04-21T07:56:59.054+0000] {manager.py:741} INFO - There are 0 files in /opt/airflow/dags
[2026-04-21T08:31:45.781+0000] {manager.py:738} INFO - Searching for files in /opt/airflow/dags
[2026-04-21T08:31:46.026+0000] {manager.py:741} INFO - There are 0 files in /opt/airflow/dags
[2026-04-21T08:36:45.829+0000] {manager.py:738} INFO - Searching for files in /opt/airflow/dags
[2026-04-21T08:36:45.935+0000] {manager.py:741} INFO - There are 0 files in /opt/airflow/dags
[2026-04-21T08:41:46.748+0000] {manager.py:738} INFO - Searching for files in /opt/airflow/dags
[2026-04-21T08:41:46.791+0000] {manager.py:741} INFO - There are 0 files in /opt/airflow/dags
[2026-04-21T08:46:47.462+0000] {manager.py:738} INFO - Searching for files in /opt/airflow/dags
[2026-04-21T08:46:47.512+0000] {manager.py:741} INFO - There are 0 files in /opt/airflow/dags
[2026-04-21T08:51:48.019+0000] {manager.py:738} INFO - Searching for files in /opt/airflow/dags
[2026-04-21T08:51:48.052+0000] {manager.py:741} INFO - There are 0 files in /opt/airflow/dags
[2026-04-21T08:56:48.583+0000] {manager.py:738} INFO - Searching for files in /opt/airflow/dags
[2026-04-21T08:56:48.610+0000] {manager.py:741} INFO - There are 0 files in /opt/airflow/dags
[2026-04-21T09:01:49.305+0000] {manager.py:738} INFO - Searching for files in /opt/airflow/dags
[2026-04-21T09:01:49.331+0000] {manager.py:741} INFO - There are 0 files in /opt/airflow/dags
[2026-04-21T09:06:50.097+0000] {manager.py:738} INFO - Searching for files in /opt/airflow/dags
[2026-04-21T09:06:50.152+0000] {manager.py:741} INFO - There are 0 files in /opt/airflow/dags
[2026-04-21T09:11:50.929+0000] {manager.py:738} INFO - Searching for files in /opt/airflow/dags
[2026-04-21T09:11:50.970+0000] {manager.py:741} INFO - There are 0 files in /opt/airflow/dags
[2026-04-21T09:16:51.525+0000] {manager.py:738} INFO - Searching for files in /opt/airflow/dags
[2026-04-21T09:16:51.573+0000] {manager.py:741} INFO - There are 0 files in /opt/airflow/dags
[2026-04-21T09:21:52.302+0000] {manager.py:738} INFO - Searching for files in /opt/airflow/dags
[2026-04-21T09:21:52.332+0000] {manager.py:741} INFO - There are 0 files in /opt/airflow/dags
[2026-04-21T09:26:53.069+0000] {manager.py:738} INFO - Searching for files in /opt/airflow/dags
[2026-04-21T09:26:53.098+0000] {manager.py:741} INFO - There are 0 files in /opt/airflow/dags
[2026-04-21T09:31:53.601+0000] {manager.py:738} INFO - Searching for files in /opt/airflow/dags
[2026-04-21T09:31:53.650+0000] {manager.py:741} INFO - There are 0 files in /opt/airflow/dags
[2026-04-21T09:36:53.770+0000] {manager.py:738} INFO - Searching for files in /opt/airflow/dags
[2026-04-21T09:36:53.819+0000] {manager.py:741} INFO - There are 0 files in /opt/airflow/dags
[2026-04-21T09:41:54.371+0000] {manager.py:738} INFO - Searching for files in /opt/airflow/dags
[2026-04-21T09:41:54.430+0000] {manager.py:741} INFO - There are 0 files in /opt/airflow/dags
[2026-04-21T09:46:55.209+0000] {manager.py:738} INFO - Searching for files in /opt/airflow/dags
[2026-04-21T09:46:55.239+0000] {manager.py:741} INFO - There are 0 files in /opt/airflow/dags
[2026-04-21T09:51:55.836+0000] {manager.py:738} INFO - Searching for files in /opt/airflow/dags
[2026-04-21T09:51:55.863+0000] {manager.py:741} INFO - There are 0 files in /opt/airflow/dags
[2026-04-21T09:56:56.088+0000] {manager.py:738} INFO - Searching for files in /opt/airflow/dags
[2026-04-21T09:56:56.119+0000] {manager.py:741} INFO - There are 0 files in /opt/airflow/dags
[2026-04-21T10:01:56.397+0000] {manager.py:738} INFO - Searching for files in /opt/airflow/dags
[2026-04-21T10:01:56.420+0000] {manager.py:741} INFO - There are 0 files in /opt/airflow/dags
[2026-04-21T10:06:56.678+0000] {manager.py:738} INFO - Searching for files in /opt/airflow/dags
[2026-04-21T10:06:56.703+0000] {manager.py:741} INFO - There are 0 files in /opt/airflow/dags
[2026-04-21T10:13:01.531+0000] {manager.py:738} INFO - Searching for files in /opt/airflow/dags
[2026-04-21T10:13:01.663+0000] {manager.py:741} INFO - There are 0 files in /opt/airflow/dags
[2026-04-21T10:18:01.930+0000] {manager.py:738} INFO - Searching for files in /opt/airflow/dags
[2026-04-21T10:18:01.995+0000] {manager.py:741} INFO - There are 0 files in /opt/airflow/dags
[2026-04-21T10:23:02.542+0000] {manager.py:738} INFO - Searching for files in /opt/airflow/dags
[2026-04-21T10:23:02.597+0000] {manager.py:741} INFO - There are 1 files in /opt/airflow/dags
[2026-04-21T10:23:09.480+0000] {manager.py:879} INFO - 
================================================================================
DAG File Processing Stats

File Path                                PID    Runtime      # DAGs    # Errors  Last Runtime    Last Run
---------------------------------------  -----  ---------  --------  ----------  --------------  -------------------
/opt/airflow/dags/ecommerce_pipeline.py                           1           0  2.04s           2026-04-21T10:23:05
================================================================================
[2026-04-21T10:23:39.846+0000] {manager.py:879} INFO - 
================================================================================
DAG File Processing Stats

File Path                                PID    Runtime      # DAGs    # Errors  Last Runtime    Last Run
---------------------------------------  -----  ---------  --------  ----------  --------------  -------------------
/opt/airflow/dags/ecommerce_pipeline.py                           1           0  0.23s           2026-04-21T10:23:35
================================================================================
[2026-04-21T10:24:10.252+0000] {manager.py:879} INFO - 
================================================================================
DAG File Processing Stats

File Path                                PID    Runtime      # DAGs    # Errors  Last Runtime    Last Run
---------------------------------------  -----  ---------  --------  ----------  --------------  -------------------
/opt/airflow/dags/ecommerce_pipeline.py                           1           0  0.18s           2026-04-21T10:24:06
================================================================================
[2026-04-21T10:24:40.649+0000] {manager.py:879} INFO - 
================================================================================
DAG File Processing Stats

File Path                                PID    Runtime      # DAGs    # Errors  Last Runtime    Last Run
---------------------------------------  -----  ---------  --------  ----------  --------------  -------------------
/opt/airflow/dags/ecommerce_pipeline.py                           1           0  0.19s           2026-04-21T10:24:36
================================================================================
[2026-04-21T10:25:11.168+0000] {manager.py:879} INFO - 
================================================================================
DAG File Processing Stats

File Path                                PID    Runtime      # DAGs    # Errors  Last Runtime    Last Run
---------------------------------------  -----  ---------  --------  ----------  --------------  -------------------
/opt/airflow/dags/ecommerce_pipeline.py                           1           0  0.19s           2026-04-21T10:25:07
================================================================================
[2026-04-21T10:25:41.632+0000] {manager.py:879} INFO - 
================================================================================
DAG File Processing Stats

File Path                                PID    Runtime      # DAGs    # Errors  Last Runtime    Last Run
---------------------------------------  -----  ---------  --------  ----------  --------------  -------------------
/opt/airflow/dags/ecommerce_pipeline.py                           1           0  0.20s           2026-04-21T10:25:37
================================================================================
[2026-04-21T10:26:12.087+0000] {manager.py:879} INFO - 
================================================================================
DAG File Processing Stats

File Path                                PID    Runtime      # DAGs    # Errors  Last Runtime    Last Run
---------------------------------------  -----  ---------  --------  ----------  --------------  -------------------
/opt/airflow/dags/ecommerce_pipeline.py                           1           0  0.21s           2026-04-21T10:26:08
================================================================================
[2026-04-21T10:26:42.566+0000] {manager.py:879} INFO - 
================================================================================
DAG File Processing Stats

File Path                                PID    Runtime      # DAGs    # Errors  Last Runtime    Last Run
---------------------------------------  -----  ---------  --------  ----------  --------------  -------------------
/opt/airflow/dags/ecommerce_pipeline.py                           1           0  0.18s           2026-04-21T10:26:38
================================================================================
[2026-04-21T10:27:12.986+0000] {manager.py:879} INFO - 
================================================================================
DAG File Processing Stats

File Path                                PID    Runtime      # DAGs    # Errors  Last Runtime    Last Run
---------------------------------------  -----  ---------  --------  ----------  --------------  -------------------
/opt/airflow/dags/ecommerce_pipeline.py                           1           0  0.21s           2026-04-21T10:27:09
================================================================================
[2026-04-21T10:27:43.555+0000] {manager.py:879} INFO - 
================================================================================
DAG File Processing Stats

File Path                                PID    Runtime      # DAGs    # Errors  Last Runtime    Last Run
---------------------------------------  -----  ---------  --------  ----------  --------------  -------------------
/opt/airflow/dags/ecommerce_pipeline.py                           1           0  0.26s           2026-04-21T10:27:39
================================================================================
[2026-04-21T10:28:02.831+0000] {manager.py:738} INFO - Searching for files in /opt/airflow/dags
[2026-04-21T10:28:02.868+0000] {manager.py:741} INFO - There are 1 files in /opt/airflow/dags
[2026-04-21T10:28:14.078+0000] {manager.py:879} INFO - 
================================================================================
DAG File Processing Stats

File Path                                PID    Runtime      # DAGs    # Errors  Last Runtime    Last Run
---------------------------------------  -----  ---------  --------  ----------  --------------  -------------------
/opt/airflow/dags/ecommerce_pipeline.py                           1           0  0.19s           2026-04-21T10:28:10
================================================================================
[2026-04-21T10:28:44.672+0000] {manager.py:879} INFO - 
================================================================================
DAG File Processing Stats

File Path                                PID    Runtime      # DAGs    # Errors  Last Runtime    Last Run
---------------------------------------  -----  ---------  --------  ----------  --------------  -------------------
/opt/airflow/dags/ecommerce_pipeline.py                           1           0  0.21s           2026-04-21T10:28:40
================================================================================
[2026-04-21T11:04:10.323+0000] {manager.py:738} INFO - Searching for files in /opt/airflow/dags
[2026-04-21T11:04:10.746+0000] {manager.py:741} INFO - There are 1 files in /opt/airflow/dags
[2026-04-21T13:04:31.280+0000] {manager.py:738} INFO - Searching for files in /opt/airflow/dags
[2026-04-21T13:04:31.354+0000] {manager.py:741} INFO - There are 1 files in /opt/airflow/dags
[2026-04-22T05:26:46.973+0000] {manager.py:879} INFO - 
================================================================================
DAG File Processing Stats

File Path                                PID    Runtime      # DAGs    # Errors  Last Runtime    Last Run
---------------------------------------  -----  ---------  --------  ----------  --------------  -------------------
/opt/airflow/dags/ecommerce_pipeline.py                           1           0  0.69s           2026-04-21T13:04:32
================================================================================
[2026-04-22T05:26:47.131+0000] {manager.py:738} INFO - Searching for files in /opt/airflow/dags
[2026-04-22T05:26:52.985+0000] {manager.py:741} INFO - There are 1 files in /opt/airflow/dags
[2026-04-22T05:27:17.201+0000] {manager.py:879} INFO - 
================================================================================
DAG File Processing Stats

File Path                                PID    Runtime      # DAGs    # Errors  Last Runtime    Last Run
---------------------------------------  -----  ---------  --------  ----------  --------------  -------------------
/opt/airflow/dags/ecommerce_pipeline.py                           1           0  13.81s          2026-04-22T05:27:07
================================================================================
[2026-04-22T05:27:47.572+0000] {manager.py:879} INFO - 
================================================================================
DAG File Processing Stats

File Path                                PID    Runtime      # DAGs    # Errors  Last Runtime    Last Run
---------------------------------------  -----  ---------  --------  ----------  --------------  -------------------
/opt/airflow/dags/ecommerce_pipeline.py                           1           0  5.36s           2026-04-22T05:27:44
================================================================================
[2026-04-22T05:28:17.450+0000] {manager.py:879} INFO - 
================================================================================
DAG File Processing Stats

File Path                                  PID  Runtime      # DAGs    # Errors  Last Runtime    Last Run
---------------------------------------  -----  ---------  --------  ----------  --------------  -------------------
/opt/airflow/dags/ecommerce_pipeline.py    268  2.42s             1           0  5.36s           2026-04-22T05:27:44
================================================================================
[2026-04-22T05:28:47.952+0000] {manager.py:879} INFO - 
================================================================================
DAG File Processing Stats

File Path                                  PID  Runtime      # DAGs    # Errors  Last Runtime    Last Run
---------------------------------------  -----  ---------  --------  ----------  --------------  -------------------
/opt/airflow/dags/ecommerce_pipeline.py    273  0.06s             1           0  2.49s           2026-04-22T05:28:17
================================================================================
[2026-04-22T05:29:18.117+0000] {manager.py:879} INFO - 
================================================================================
DAG File Processing Stats

File Path                                PID    Runtime      # DAGs    # Errors  Last Runtime    Last Run
---------------------------------------  -----  ---------  --------  ----------  --------------  -------------------
/opt/airflow/dags/ecommerce_pipeline.py                           1           0  0.93s           2026-04-22T05:28:48
================================================================================
[2026-04-22T05:29:48.593+0000] {manager.py:879} INFO - 
================================================================================
DAG File Processing Stats

File Path                                PID    Runtime      # DAGs    # Errors  Last Runtime    Last Run
---------------------------------------  -----  ---------  --------  ----------  --------------  -------------------
/opt/airflow/dags/ecommerce_pipeline.py                           1           0  0.48s           2026-04-22T05:29:19
================================================================================
[2026-04-22T05:30:18.769+0000] {manager.py:879} INFO - 
================================================================================
DAG File Processing Stats

File Path                                PID    Runtime      # DAGs    # Errors  Last Runtime    Last Run
---------------------------------------  -----  ---------  --------  ----------  --------------  -------------------
/opt/airflow/dags/ecommerce_pipeline.py                           1           0  0.52s           2026-04-22T05:29:50
================================================================================
[2026-04-22T05:30:49.087+0000] {manager.py:879} INFO - 
================================================================================
DAG File Processing Stats

File Path                                PID    Runtime      # DAGs    # Errors  Last Runtime    Last Run
---------------------------------------  -----  ---------  --------  ----------  --------------  -------------------
/opt/airflow/dags/ecommerce_pipeline.py                           1           0  0.36s           2026-04-22T05:30:21
================================================================================
[2026-04-22T05:31:19.725+0000] {manager.py:879} INFO - 
================================================================================
DAG File Processing Stats

File Path                                PID    Runtime      # DAGs    # Errors  Last Runtime    Last Run
---------------------------------------  -----  ---------  --------  ----------  --------------  -------------------
/opt/airflow/dags/ecommerce_pipeline.py                           1           0  0.32s           2026-04-22T05:30:51
================================================================================
[2026-04-22T05:31:47.369+0000] {manager.py:738} INFO - Searching for files in /opt/airflow/dags
[2026-04-22T05:31:47.457+0000] {manager.py:741} INFO - There are 1 files in /opt/airflow/dags
[2026-04-22T05:31:49.745+0000] {manager.py:879} INFO - 
================================================================================
DAG File Processing Stats

File Path                                PID    Runtime      # DAGs    # Errors  Last Runtime    Last Run
---------------------------------------  -----  ---------  --------  ----------  --------------  -------------------
/opt/airflow/dags/ecommerce_pipeline.py                           1           0  0.35s           2026-04-22T05:31:22
================================================================================
[2026-04-22T05:32:20.040+0000] {manager.py:879} INFO - 
================================================================================
DAG File Processing Stats

File Path                                PID    Runtime      # DAGs    # Errors  Last Runtime    Last Run
---------------------------------------  -----  ---------  --------  ----------  --------------  -------------------
/opt/airflow/dags/ecommerce_pipeline.py                           1           0  0.32s           2026-04-22T05:31:52
================================================================================
[2026-04-22T05:32:50.466+0000] {manager.py:879} INFO - 
================================================================================
DAG File Processing Stats

File Path                                PID    Runtime      # DAGs    # Errors  Last Runtime    Last Run
---------------------------------------  -----  ---------  --------  ----------  --------------  -------------------
/opt/airflow/dags/ecommerce_pipeline.py                           1           0  0.35s           2026-04-22T05:32:23
================================================================================
[2026-04-22T05:33:21.020+0000] {manager.py:879} INFO - 
================================================================================
DAG File Processing Stats

File Path                                PID    Runtime      # DAGs    # Errors  Last Runtime    Last Run
---------------------------------------  -----  ---------  --------  ----------  --------------  -------------------
/opt/airflow/dags/ecommerce_pipeline.py                           1           0  0.50s           2026-04-22T05:32:54
================================================================================
[2026-04-22T05:33:51.796+0000] {manager.py:879} INFO - 
================================================================================
DAG File Processing Stats

File Path                                PID    Runtime      # DAGs    # Errors  Last Runtime    Last Run
---------------------------------------  -----  ---------  --------  ----------  --------------  -------------------
/opt/airflow/dags/ecommerce_pipeline.py                           1           0  0.46s           2026-04-22T05:33:24
================================================================================
[2026-04-22T05:34:22.393+0000] {manager.py:879} INFO - 
================================================================================
DAG File Processing Stats

File Path                                PID    Runtime      # DAGs    # Errors  Last Runtime    Last Run
---------------------------------------  -----  ---------  --------  ----------  --------------  -------------------
/opt/airflow/dags/ecommerce_pipeline.py                           1           0  0.31s           2026-04-22T05:33:55
================================================================================
[2026-04-22T05:34:52.997+0000] {manager.py:879} INFO - 
================================================================================
DAG File Processing Stats

File Path                                PID    Runtime      # DAGs    # Errors  Last Runtime    Last Run
---------------------------------------  -----  ---------  --------  ----------  --------------  -------------------
/opt/airflow/dags/ecommerce_pipeline.py                           1           0  0.33s           2026-04-22T05:34:25
================================================================================
[2026-04-22T05:35:23.309+0000] {manager.py:879} INFO - 
================================================================================
DAG File Processing Stats

File Path                                PID    Runtime      # DAGs    # Errors  Last Runtime    Last Run
---------------------------------------  -----  ---------  --------  ----------  --------------  -------------------
/opt/airflow/dags/ecommerce_pipeline.py                           1           0  0.75s           2026-04-22T05:34:56
================================================================================
[2026-04-22T05:35:54.201+0000] {manager.py:879} INFO - 
================================================================================
DAG File Processing Stats

File Path                                PID    Runtime      # DAGs    # Errors  Last Runtime    Last Run
---------------------------------------  -----  ---------  --------  ----------  --------------  -------------------
/opt/airflow/dags/ecommerce_pipeline.py                           1           0  0.44s           2026-04-22T05:35:27
================================================================================
[2026-04-22T05:36:24.780+0000] {manager.py:879} INFO - 
================================================================================
DAG File Processing Stats

File Path                                PID    Runtime      # DAGs    # Errors  Last Runtime    Last Run
---------------------------------------  -----  ---------  --------  ----------  --------------  -------------------
/opt/airflow/dags/ecommerce_pipeline.py                           1           0  0.38s           2026-04-22T05:35:58
================================================================================
[2026-04-22T05:36:47.643+0000] {manager.py:738} INFO - Searching for files in /opt/airflow/dags
[2026-04-22T05:36:47.775+0000] {manager.py:741} INFO - There are 1 files in /opt/airflow/dags
[2026-04-22T05:36:54.919+0000] {manager.py:879} INFO - 
================================================================================
DAG File Processing Stats

File Path                                PID    Runtime      # DAGs    # Errors  Last Runtime    Last Run
---------------------------------------  -----  ---------  --------  ----------  --------------  -------------------
/opt/airflow/dags/ecommerce_pipeline.py                           1           0  0.50s           2026-04-22T05:36:29
================================================================================
[2026-04-22T05:37:25.000+0000] {manager.py:879} INFO - 
================================================================================
DAG File Processing Stats

File Path                                PID    Runtime      # DAGs    # Errors  Last Runtime    Last Run
---------------------------------------  -----  ---------  --------  ----------  --------------  -------------------
/opt/airflow/dags/ecommerce_pipeline.py                           1           0  0.38s           2026-04-22T05:36:59
================================================================================
[2026-04-22T05:37:55.727+0000] {manager.py:879} INFO - 
================================================================================
DAG File Processing Stats

File Path                                PID    Runtime      # DAGs    # Errors  Last Runtime    Last Run
---------------------------------------  -----  ---------  --------  ----------  --------------  -------------------
/opt/airflow/dags/ecommerce_pipeline.py                           1           0  0.32s           2026-04-22T05:37:30
================================================================================
[2026-04-22T05:38:26.296+0000] {manager.py:879} INFO - 
================================================================================
DAG File Processing Stats

File Path                                PID    Runtime      # DAGs    # Errors  Last Runtime    Last Run
---------------------------------------  -----  ---------  --------  ----------  --------------  -------------------
/opt/airflow/dags/ecommerce_pipeline.py                           1           0  0.35s           2026-04-22T05:38:01
================================================================================
[2026-04-22T05:38:56.935+0000] {manager.py:879} INFO - 
================================================================================
DAG File Processing Stats

File Path                                PID    Runtime      # DAGs    # Errors  Last Runtime    Last Run
---------------------------------------  -----  ---------  --------  ----------  --------------  -------------------
/opt/airflow/dags/ecommerce_pipeline.py                           1           0  0.37s           2026-04-22T05:38:31
================================================================================
[2026-04-22T05:39:27.507+0000] {manager.py:879} INFO - 
================================================================================
DAG File Processing Stats

File Path                                PID    Runtime      # DAGs    # Errors  Last Runtime    Last Run
---------------------------------------  -----  ---------  --------  ----------  --------------  -------------------
/opt/airflow/dags/ecommerce_pipeline.py                           1           0  0.38s           2026-04-22T05:39:02
================================================================================
[2026-04-22T05:39:58.097+0000] {manager.py:879} INFO - 
================================================================================
DAG File Processing Stats

File Path                                PID    Runtime      # DAGs    # Errors  Last Runtime    Last Run
---------------------------------------  -----  ---------  --------  ----------  --------------  -------------------
/opt/airflow/dags/ecommerce_pipeline.py                           1           0  0.41s           2026-04-22T05:39:33
================================================================================
[2026-04-22T05:40:28.858+0000] {manager.py:879} INFO - 
================================================================================
DAG File Processing Stats

File Path                                PID    Runtime      # DAGs    # Errors  Last Runtime    Last Run
---------------------------------------  -----  ---------  --------  ----------  --------------  -------------------
/opt/airflow/dags/ecommerce_pipeline.py                           1           0  0.32s           2026-04-22T05:40:03
================================================================================
[2026-04-22T05:40:59.362+0000] {manager.py:879} INFO - 
================================================================================
DAG File Processing Stats

File Path                                PID    Runtime      # DAGs    # Errors  Last Runtime    Last Run
---------------------------------------  -----  ---------  --------  ----------  --------------  -------------------
/opt/airflow/dags/ecommerce_pipeline.py                           1           0  0.38s           2026-04-22T05:40:34
================================================================================
[2026-04-22T05:41:29.377+0000] {manager.py:879} INFO - 
================================================================================
DAG File Processing Stats

File Path                                PID    Runtime      # DAGs    # Errors  Last Runtime    Last Run
---------------------------------------  -----  ---------  --------  ----------  --------------  -------------------
/opt/airflow/dags/ecommerce_pipeline.py                           1           0  0.58s           2026-04-22T05:41:05
================================================================================
[2026-04-22T05:41:47.651+0000] {manager.py:738} INFO - Searching for files in /opt/airflow/dags
[2026-04-22T05:41:47.723+0000] {manager.py:741} INFO - There are 1 files in /opt/airflow/dags
[2026-04-22T05:41:59.913+0000] {manager.py:879} INFO - 
================================================================================
DAG File Processing Stats

File Path                                PID    Runtime      # DAGs    # Errors  Last Runtime    Last Run
---------------------------------------  -----  ---------  --------  ----------  --------------  -------------------
/opt/airflow/dags/ecommerce_pipeline.py                           1           0  0.36s           2026-04-22T05:41:35
================================================================================
[2026-04-22T05:42:30.383+0000] {manager.py:879} INFO - 
================================================================================
DAG File Processing Stats

File Path                                PID    Runtime      # DAGs    # Errors  Last Runtime    Last Run
---------------------------------------  -----  ---------  --------  ----------  --------------  -------------------
/opt/airflow/dags/ecommerce_pipeline.py                           1           0  0.35s           2026-04-22T05:42:06
================================================================================
[2026-04-22T05:43:01.140+0000] {manager.py:879} INFO - 
================================================================================
DAG File Processing Stats

File Path                                PID    Runtime      # DAGs    # Errors  Last Runtime    Last Run
---------------------------------------  -----  ---------  --------  ----------  --------------  -------------------
/opt/airflow/dags/ecommerce_pipeline.py                           1           0  0.33s           2026-04-22T05:42:36
================================================================================
[2026-04-22T05:43:31.603+0000] {manager.py:879} INFO - 
================================================================================
DAG File Processing Stats

File Path                                PID    Runtime      # DAGs    # Errors  Last Runtime    Last Run
---------------------------------------  -----  ---------  --------  ----------  --------------  -------------------
/opt/airflow/dags/ecommerce_pipeline.py                           1           0  0.30s           2026-04-22T05:43:07
================================================================================
[2026-04-22T05:44:02.027+0000] {manager.py:879} INFO - 
================================================================================
DAG File Processing Stats

File Path                                PID    Runtime      # DAGs    # Errors  Last Runtime    Last Run
---------------------------------------  -----  ---------  --------  ----------  --------------  -------------------
/opt/airflow/dags/ecommerce_pipeline.py                           1           0  0.32s           2026-04-22T05:43:38
================================================================================
[2026-04-22T05:44:32.515+0000] {manager.py:879} INFO - 
================================================================================
DAG File Processing Stats

File Path                                PID    Runtime      # DAGs    # Errors  Last Runtime    Last Run
---------------------------------------  -----  ---------  --------  ----------  --------------  -------------------
/opt/airflow/dags/ecommerce_pipeline.py                           1           0  0.33s           2026-04-22T05:44:08
================================================================================
[2026-04-22T05:45:03.228+0000] {manager.py:879} INFO - 
================================================================================
DAG File Processing Stats

File Path                                PID    Runtime      # DAGs    # Errors  Last Runtime    Last Run
---------------------------------------  -----  ---------  --------  ----------  --------------  -------------------
/opt/airflow/dags/ecommerce_pipeline.py                           1           0  0.29s           2026-04-22T05:44:38
================================================================================
[2026-04-22T05:45:33.698+0000] {manager.py:879} INFO - 
================================================================================
DAG File Processing Stats

File Path                                PID    Runtime      # DAGs    # Errors  Last Runtime    Last Run
---------------------------------------  -----  ---------  --------  ----------  --------------  -------------------
/opt/airflow/dags/ecommerce_pipeline.py                           1           0  0.31s           2026-04-22T05:45:09
================================================================================
[2026-04-22T05:46:04.380+0000] {manager.py:879} INFO - 
================================================================================
DAG File Processing Stats

File Path                                PID    Runtime      # DAGs    # Errors  Last Runtime    Last Run
---------------------------------------  -----  ---------  --------  ----------  --------------  -------------------
/opt/airflow/dags/ecommerce_pipeline.py                           1           0  0.29s           2026-04-22T05:45:40
================================================================================
[2026-04-22T05:46:34.955+0000] {manager.py:879} INFO - 
================================================================================
DAG File Processing Stats

File Path                                PID    Runtime      # DAGs    # Errors  Last Runtime    Last Run
---------------------------------------  -----  ---------  --------  ----------  --------------  -------------------
/opt/airflow/dags/ecommerce_pipeline.py                           1           0  0.33s           2026-04-22T05:46:10
================================================================================
[2026-04-22T05:46:48.381+0000] {manager.py:738} INFO - Searching for files in /opt/airflow/dags
[2026-04-22T05:46:48.443+0000] {manager.py:741} INFO - There are 1 files in /opt/airflow/dags
[2026-04-22T05:47:05.731+0000] {manager.py:879} INFO - 
================================================================================
DAG File Processing Stats

File Path                                PID    Runtime      # DAGs    # Errors  Last Runtime    Last Run
---------------------------------------  -----  ---------  --------  ----------  --------------  -------------------
/opt/airflow/dags/ecommerce_pipeline.py                           1           0  0.30s           2026-04-22T05:46:41
================================================================================
[2026-04-22T05:47:36.256+0000] {manager.py:879} INFO - 
================================================================================
DAG File Processing Stats

File Path                                PID    Runtime      # DAGs    # Errors  Last Runtime    Last Run
---------------------------------------  -----  ---------  --------  ----------  --------------  -------------------
/opt/airflow/dags/ecommerce_pipeline.py                           1           0  0.33s           2026-04-22T05:47:12
================================================================================
[2026-04-22T05:48:07.047+0000] {manager.py:879} INFO - 
================================================================================
DAG File Processing Stats

File Path                                PID    Runtime      # DAGs    # Errors  Last Runtime    Last Run
---------------------------------------  -----  ---------  --------  ----------  --------------  -------------------
/opt/airflow/dags/ecommerce_pipeline.py                           1           0  0.30s           2026-04-22T05:47:42
================================================================================
[2026-04-22T05:48:37.499+0000] {manager.py:879} INFO - 
================================================================================
DAG File Processing Stats

File Path                                PID    Runtime      # DAGs    # Errors  Last Runtime    Last Run
---------------------------------------  -----  ---------  --------  ----------  --------------  -------------------
/opt/airflow/dags/ecommerce_pipeline.py                           1           0  0.31s           2026-04-22T05:48:13
================================================================================
[2026-04-22T05:49:08.127+0000] {manager.py:879} INFO - 
================================================================================
DAG File Processing Stats

File Path                                PID    Runtime      # DAGs    # Errors  Last Runtime    Last Run
---------------------------------------  -----  ---------  --------  ----------  --------------  -------------------
/opt/airflow/dags/ecommerce_pipeline.py                           1           0  0.35s           2026-04-22T05:48:43
================================================================================
[2026-04-22T05:49:38.481+0000] {manager.py:879} INFO - 
================================================================================
DAG File Processing Stats

File Path                                PID    Runtime      # DAGs    # Errors  Last Runtime    Last Run
---------------------------------------  -----  ---------  --------  ----------  --------------  -------------------
/opt/airflow/dags/ecommerce_pipeline.py                           1           0  0.35s           2026-04-22T05:49:14
================================================================================
[2026-04-22T05:50:08.553+0000] {manager.py:879} INFO - 
================================================================================
DAG File Processing Stats

File Path                                PID    Runtime      # DAGs    # Errors  Last Runtime    Last Run
---------------------------------------  -----  ---------  --------  ----------  --------------  -------------------
/opt/airflow/dags/ecommerce_pipeline.py                           1           0  0.39s           2026-04-22T05:49:45
================================================================================
[2026-04-22T05:50:38.884+0000] {manager.py:879} INFO - 
================================================================================
DAG File Processing Stats

File Path                                PID    Runtime      # DAGs    # Errors  Last Runtime    Last Run
---------------------------------------  -----  ---------  --------  ----------  --------------  -------------------
/opt/airflow/dags/ecommerce_pipeline.py                           1           0  0.39s           2026-04-22T05:50:16
================================================================================
[2026-04-22T05:51:09.105+0000] {manager.py:879} INFO - 
================================================================================
DAG File Processing Stats

File Path                                PID    Runtime      # DAGs    # Errors  Last Runtime    Last Run
---------------------------------------  -----  ---------  --------  ----------  --------------  -------------------
/opt/airflow/dags/ecommerce_pipeline.py                           1           0  0.35s           2026-04-22T05:50:46
================================================================================
[2026-04-22T05:51:39.154+0000] {manager.py:879} INFO - 
================================================================================
DAG File Processing Stats

File Path                                PID    Runtime      # DAGs    # Errors  Last Runtime    Last Run
---------------------------------------  -----  ---------  --------  ----------  --------------  -------------------
/opt/airflow/dags/ecommerce_pipeline.py                           1           0  0.29s           2026-04-22T05:51:17
================================================================================
[2026-04-22T05:51:48.546+0000] {manager.py:738} INFO - Searching for files in /opt/airflow/dags
[2026-04-22T05:51:48.606+0000] {manager.py:741} INFO - There are 1 files in /opt/airflow/dags
[2026-04-22T05:52:09.914+0000] {manager.py:879} INFO - 
================================================================================
DAG File Processing Stats

File Path                                PID    Runtime      # DAGs    # Errors  Last Runtime    Last Run
---------------------------------------  -----  ---------  --------  ----------  --------------  -------------------
/opt/airflow/dags/ecommerce_pipeline.py                           1           0  0.33s           2026-04-22T05:51:47
================================================================================
[2026-04-22T05:52:40.412+0000] {manager.py:879} INFO - 
================================================================================
DAG File Processing Stats

File Path                                PID    Runtime      # DAGs    # Errors  Last Runtime    Last Run
---------------------------------------  -----  ---------  --------  ----------  --------------  -------------------
/opt/airflow/dags/ecommerce_pipeline.py                           1           0  0.32s           2026-04-22T05:52:18
================================================================================
[2026-04-22T05:53:11.080+0000] {manager.py:879} INFO - 
================================================================================
DAG File Processing Stats

File Path                                PID    Runtime      # DAGs    # Errors  Last Runtime    Last Run
---------------------------------------  -----  ---------  --------  ----------  --------------  -------------------
/opt/airflow/dags/ecommerce_pipeline.py                           1           0  0.30s           2026-04-22T05:52:48
================================================================================
[2026-04-22T05:53:41.498+0000] {manager.py:879} INFO - 
================================================================================
DAG File Processing Stats

File Path                                PID    Runtime      # DAGs    # Errors  Last Runtime    Last Run
---------------------------------------  -----  ---------  --------  ----------  --------------  -------------------
/opt/airflow/dags/ecommerce_pipeline.py                           1           0  0.29s           2026-04-22T05:53:19
================================================================================
[2026-04-22T05:54:12.084+0000] {manager.py:879} INFO - 
================================================================================
DAG File Processing Stats

File Path                                PID    Runtime      # DAGs    # Errors  Last Runtime    Last Run
---------------------------------------  -----  ---------  --------  ----------  --------------  -------------------
/opt/airflow/dags/ecommerce_pipeline.py                           1           0  0.29s           2026-04-22T05:53:49
================================================================================
[2026-04-22T05:54:42.601+0000] {manager.py:879} INFO - 
================================================================================
DAG File Processing Stats

File Path                                PID    Runtime      # DAGs    # Errors  Last Runtime    Last Run
---------------------------------------  -----  ---------  --------  ----------  --------------  -------------------
/opt/airflow/dags/ecommerce_pipeline.py                           1           0  0.42s           2026-04-22T05:54:20
================================================================================
[2026-04-22T05:55:13.365+0000] {manager.py:879} INFO - 
================================================================================
DAG File Processing Stats

File Path                                PID    Runtime      # DAGs    # Errors  Last Runtime    Last Run
---------------------------------------  -----  ---------  --------  ----------  --------------  -------------------
/opt/airflow/dags/ecommerce_pipeline.py                           1           0  0.47s           2026-04-22T05:54:51
================================================================================
[2026-04-22T05:55:43.908+0000] {manager.py:879} INFO - 
================================================================================
DAG File Processing Stats

File Path                                PID    Runtime      # DAGs    # Errors  Last Runtime    Last Run
---------------------------------------  -----  ---------  --------  ----------  --------------  -------------------
/opt/airflow/dags/ecommerce_pipeline.py                           1           0  0.34s           2026-04-22T05:55:21
================================================================================
[2026-04-22T05:56:14.596+0000] {manager.py:879} INFO - 
================================================================================
DAG File Processing Stats

File Path                                PID    Runtime      # DAGs    # Errors  Last Runtime    Last Run
---------------------------------------  -----  ---------  --------  ----------  --------------  -------------------
/opt/airflow/dags/ecommerce_pipeline.py                           1           0  0.38s           2026-04-22T05:55:52
================================================================================
[2026-04-22T05:56:45.252+0000] {manager.py:879} INFO - 
================================================================================
DAG File Processing Stats

File Path                                PID    Runtime      # DAGs    # Errors  Last Runtime    Last Run
---------------------------------------  -----  ---------  --------  ----------  --------------  -------------------
/opt/airflow/dags/ecommerce_pipeline.py                           1           0  0.29s           2026-04-22T05:56:23
================================================================================
[2026-04-22T05:56:49.396+0000] {manager.py:738} INFO - Searching for files in /opt/airflow/dags
[2026-04-22T05:56:49.453+0000] {manager.py:741} INFO - There are 1 files in /opt/airflow/dags
[2026-04-22T05:57:15.843+0000] {manager.py:879} INFO - 
================================================================================
DAG File Processing Stats

File Path                                PID    Runtime      # DAGs    # Errors  Last Runtime    Last Run
---------------------------------------  -----  ---------  --------  ----------  --------------  -------------------
/opt/airflow/dags/ecommerce_pipeline.py                           1           0  0.39s           2026-04-22T05:56:53
================================================================================
[2026-04-22T05:57:45.968+0000] {manager.py:879} INFO - 
================================================================================
DAG File Processing Stats

File Path                                PID    Runtime      # DAGs    # Errors  Last Runtime    Last Run
---------------------------------------  -----  ---------  --------  ----------  --------------  -------------------
/opt/airflow/dags/ecommerce_pipeline.py                           1           0  0.73s           2026-04-22T05:57:42
================================================================================
[2026-04-22T05:58:16.831+0000] {manager.py:879} INFO - 
================================================================================
DAG File Processing Stats

File Path                                PID    Runtime      # DAGs    # Errors  Last Runtime    Last Run
---------------------------------------  -----  ---------  --------  ----------  --------------  -------------------
/opt/airflow/dags/ecommerce_pipeline.py                           1           0  0.41s           2026-04-22T05:58:12
================================================================================
[2026-04-22T05:58:46.950+0000] {manager.py:879} INFO - 
================================================================================
DAG File Processing Stats

File Path                                PID    Runtime      # DAGs    # Errors  Last Runtime    Last Run
---------------------------------------  -----  ---------  --------  ----------  --------------  -------------------
/opt/airflow/dags/ecommerce_pipeline.py                           1           0  0.60s           2026-04-22T05:58:43
================================================================================
[2026-04-22T05:59:17.028+0000] {manager.py:879} INFO - 
================================================================================
DAG File Processing Stats

File Path                                PID    Runtime      # DAGs    # Errors  Last Runtime    Last Run
---------------------------------------  -----  ---------  --------  ----------  --------------  -------------------
/opt/airflow/dags/ecommerce_pipeline.py                           1           0  0.32s           2026-04-22T05:59:14
================================================================================
[2026-04-22T05:59:47.857+0000] {manager.py:879} INFO - 
================================================================================
DAG File Processing Stats

File Path                                PID    Runtime      # DAGs    # Errors  Last Runtime    Last Run
---------------------------------------  -----  ---------  --------  ----------  --------------  -------------------
/opt/airflow/dags/ecommerce_pipeline.py                           1           0  0.38s           2026-04-22T05:59:44
================================================================================
[2026-04-22T06:00:17.958+0000] {manager.py:879} INFO - 
================================================================================
DAG File Processing Stats

File Path                                PID    Runtime      # DAGs    # Errors  Last Runtime    Last Run
---------------------------------------  -----  ---------  --------  ----------  --------------  -------------------
/opt/airflow/dags/ecommerce_pipeline.py                           1           0  0.55s           2026-04-22T06:00:15
================================================================================
[2026-04-22T06:00:48.447+0000] {manager.py:879} INFO - 
================================================================================
DAG File Processing Stats

File Path                                PID    Runtime      # DAGs    # Errors  Last Runtime    Last Run
---------------------------------------  -----  ---------  --------  ----------  --------------  -------------------
/opt/airflow/dags/ecommerce_pipeline.py                           1           0  0.49s           2026-04-22T06:00:46
================================================================================
[2026-04-22T06:01:18.727+0000] {manager.py:879} INFO - 
================================================================================
DAG File Processing Stats

File Path                                PID    Runtime      # DAGs    # Errors  Last Runtime    Last Run
---------------------------------------  -----  ---------  --------  ----------  --------------  -------------------
/opt/airflow/dags/ecommerce_pipeline.py                           1           0  0.72s           2026-04-22T06:01:17
================================================================================
[2026-04-22T06:01:48.750+0000] {manager.py:879} INFO - 
================================================================================
DAG File Processing Stats

File Path                                PID    Runtime      # DAGs    # Errors  Last Runtime    Last Run
---------------------------------------  -----  ---------  --------  ----------  --------------  -------------------
/opt/airflow/dags/ecommerce_pipeline.py                           1           0  0.49s           2026-04-22T06:01:48
================================================================================
[2026-04-22T06:01:49.627+0000] {manager.py:738} INFO - Searching for files in /opt/airflow/dags
[2026-04-22T06:01:49.941+0000] {manager.py:741} INFO - There are 1 files in /opt/airflow/dags
[2026-04-22T06:02:19.619+0000] {manager.py:879} INFO - 
================================================================================
DAG File Processing Stats

File Path                                  PID  Runtime      # DAGs    # Errors  Last Runtime    Last Run
---------------------------------------  -----  ---------  --------  ----------  --------------  -------------------
/opt/airflow/dags/ecommerce_pipeline.py    603  0.02s             1           0  0.49s           2026-04-22T06:01:48
================================================================================
[2026-04-22T06:02:50.249+0000] {manager.py:879} INFO - 
================================================================================
DAG File Processing Stats

File Path                                  PID  Runtime      # DAGs    # Errors  Last Runtime    Last Run
---------------------------------------  -----  ---------  --------  ----------  --------------  -------------------
/opt/airflow/dags/ecommerce_pipeline.py    608  0.06s             1           0  0.35s           2026-04-22T06:02:19
================================================================================
[2026-04-22T06:03:20.258+0000] {manager.py:879} INFO - 
================================================================================
DAG File Processing Stats

File Path                                PID    Runtime      # DAGs    # Errors  Last Runtime    Last Run
---------------------------------------  -----  ---------  --------  ----------  --------------  -------------------
/opt/airflow/dags/ecommerce_pipeline.py                           1           0  0.55s           2026-04-22T06:02:50
================================================================================
[2026-04-22T06:03:50.792+0000] {manager.py:879} INFO - 
================================================================================
DAG File Processing Stats

File Path                                PID    Runtime      # DAGs    # Errors  Last Runtime    Last Run
---------------------------------------  -----  ---------  --------  ----------  --------------  -------------------
/opt/airflow/dags/ecommerce_pipeline.py                           1           0  0.36s           2026-04-22T06:03:21
================================================================================
[2026-04-22T06:04:21.602+0000] {manager.py:879} INFO - 
================================================================================
DAG File Processing Stats

File Path                                PID    Runtime      # DAGs    # Errors  Last Runtime    Last Run
---------------------------------------  -----  ---------  --------  ----------  --------------  -------------------
/opt/airflow/dags/ecommerce_pipeline.py                           1           0  0.38s           2026-04-22T06:03:52
================================================================================
[2026-04-22T06:04:52.288+0000] {manager.py:879} INFO - 
================================================================================
DAG File Processing Stats

File Path                                PID    Runtime      # DAGs    # Errors  Last Runtime    Last Run
---------------------------------------  -----  ---------  --------  ----------  --------------  -------------------
/opt/airflow/dags/ecommerce_pipeline.py                           1           0  0.43s           2026-04-22T06:04:23
================================================================================
[2026-04-22T06:05:23.114+0000] {manager.py:879} INFO - 
================================================================================
DAG File Processing Stats

File Path                                PID    Runtime      # DAGs    # Errors  Last Runtime    Last Run
---------------------------------------  -----  ---------  --------  ----------  --------------  -------------------
/opt/airflow/dags/ecommerce_pipeline.py                           1           0  0.45s           2026-04-22T06:04:53
================================================================================
[2026-04-22T06:05:53.861+0000] {manager.py:879} INFO - 
================================================================================
DAG File Processing Stats

File Path                                PID    Runtime      # DAGs    # Errors  Last Runtime    Last Run
---------------------------------------  -----  ---------  --------  ----------  --------------  -------------------
/opt/airflow/dags/ecommerce_pipeline.py                           1           0  0.36s           2026-04-22T06:05:24
================================================================================
[2026-04-22T06:06:24.012+0000] {manager.py:879} INFO - 
================================================================================
DAG File Processing Stats

File Path                                PID    Runtime      # DAGs    # Errors  Last Runtime    Last Run
---------------------------------------  -----  ---------  --------  ----------  --------------  -------------------
/opt/airflow/dags/ecommerce_pipeline.py                           1           0  0.57s           2026-04-22T06:05:55
================================================================================
[2026-04-22T06:06:49.677+0000] {manager.py:738} INFO - Searching for files in /opt/airflow/dags
[2026-04-22T06:06:49.770+0000] {manager.py:741} INFO - There are 1 files in /opt/airflow/dags
[2026-04-22T06:06:54.565+0000] {manager.py:879} INFO - 
================================================================================
DAG File Processing Stats

File Path                                PID    Runtime      # DAGs    # Errors  Last Runtime    Last Run
---------------------------------------  -----  ---------  --------  ----------  --------------  -------------------
/opt/airflow/dags/ecommerce_pipeline.py                           1           0  0.63s           2026-04-22T06:06:26
================================================================================
[2026-04-22T06:07:25.352+0000] {manager.py:879} INFO - 
================================================================================
DAG File Processing Stats

File Path                                PID    Runtime      # DAGs    # Errors  Last Runtime    Last Run
---------------------------------------  -----  ---------  --------  ----------  --------------  -------------------
/opt/airflow/dags/ecommerce_pipeline.py                           1           0  0.46s           2026-04-22T06:06:57
================================================================================
[2026-04-22T06:07:55.364+0000] {manager.py:879} INFO - 
================================================================================
DAG File Processing Stats

File Path                                PID    Runtime      # DAGs    # Errors  Last Runtime    Last Run
---------------------------------------  -----  ---------  --------  ----------  --------------  -------------------
/opt/airflow/dags/ecommerce_pipeline.py                           1           0  0.42s           2026-04-22T06:07:27
================================================================================
[2026-04-22T06:08:25.933+0000] {manager.py:879} INFO - 
================================================================================
DAG File Processing Stats

File Path                                PID    Runtime      # DAGs    # Errors  Last Runtime    Last Run
---------------------------------------  -----  ---------  --------  ----------  --------------  -------------------
/opt/airflow/dags/ecommerce_pipeline.py                           1           0  0.65s           2026-04-22T06:07:58
================================================================================
[2026-04-22T06:08:56.096+0000] {manager.py:879} INFO - 
================================================================================
DAG File Processing Stats

File Path                                PID    Runtime      # DAGs    # Errors  Last Runtime    Last Run
---------------------------------------  -----  ---------  --------  ----------  --------------  -------------------
/opt/airflow/dags/ecommerce_pipeline.py                           1           0  0.58s           2026-04-22T06:08:29
================================================================================
[2026-04-22T06:09:26.706+0000] {manager.py:879} INFO - 
================================================================================
DAG File Processing Stats

File Path                                PID    Runtime      # DAGs    # Errors  Last Runtime    Last Run
---------------------------------------  -----  ---------  --------  ----------  --------------  -------------------
/opt/airflow/dags/ecommerce_pipeline.py                           1           0  0.45s           2026-04-22T06:09:00
================================================================================
[2026-04-22T06:09:56.980+0000] {manager.py:879} INFO - 
================================================================================
DAG File Processing Stats

File Path                                PID    Runtime      # DAGs    # Errors  Last Runtime    Last Run
---------------------------------------  -----  ---------  --------  ----------  --------------  -------------------
/opt/airflow/dags/ecommerce_pipeline.py                           1           0  0.70s           2026-04-22T06:09:31
================================================================================
[2026-04-22T06:10:27.555+0000] {manager.py:879} INFO - 
================================================================================
DAG File Processing Stats

File Path                                PID    Runtime      # DAGs    # Errors  Last Runtime    Last Run
---------------------------------------  -----  ---------  --------  ----------  --------------  -------------------
/opt/airflow/dags/ecommerce_pipeline.py                           1           0  0.76s           2026-04-22T06:10:02
================================================================================
[2026-04-22T06:10:57.679+0000] {manager.py:879} INFO - 
================================================================================
DAG File Processing Stats

File Path                                PID    Runtime      # DAGs    # Errors  Last Runtime    Last Run
---------------------------------------  -----  ---------  --------  ----------  --------------  -------------------
/opt/airflow/dags/ecommerce_pipeline.py                           1           0  0.52s           2026-04-22T06:10:33
================================================================================
[2026-04-22T06:11:27.681+0000] {manager.py:879} INFO - 
================================================================================
DAG File Processing Stats

File Path                                PID    Runtime      # DAGs    # Errors  Last Runtime    Last Run
---------------------------------------  -----  ---------  --------  ----------  --------------  -------------------
/opt/airflow/dags/ecommerce_pipeline.py                           1           0  0.65s           2026-04-22T06:11:04
================================================================================
[2026-04-22T06:11:50.065+0000] {manager.py:738} INFO - Searching for files in /opt/airflow/dags
[2026-04-22T06:11:50.215+0000] {manager.py:741} INFO - There are 1 files in /opt/airflow/dags
[2026-04-22T06:11:58.436+0000] {manager.py:879} INFO - 
================================================================================
DAG File Processing Stats

File Path                                PID    Runtime      # DAGs    # Errors  Last Runtime    Last Run
---------------------------------------  -----  ---------  --------  ----------  --------------  -------------------
/opt/airflow/dags/ecommerce_pipeline.py                           1           0  0.54s           2026-04-22T06:11:34
================================================================================
[2026-04-22T06:12:29.046+0000] {manager.py:879} INFO - 
================================================================================
DAG File Processing Stats

File Path                                PID    Runtime      # DAGs    # Errors  Last Runtime    Last Run
---------------------------------------  -----  ---------  --------  ----------  --------------  -------------------
/opt/airflow/dags/ecommerce_pipeline.py                           1           0  0.29s           2026-04-22T06:12:05
================================================================================
[2026-04-22T06:12:59.386+0000] {manager.py:879} INFO - 
================================================================================
DAG File Processing Stats

File Path                                PID    Runtime      # DAGs    # Errors  Last Runtime    Last Run
---------------------------------------  -----  ---------  --------  ----------  --------------  -------------------
/opt/airflow/dags/ecommerce_pipeline.py                           1           0  0.74s           2026-04-22T06:12:36
================================================================================
[2026-04-22T06:13:29.871+0000] {manager.py:879} INFO - 
================================================================================
DAG File Processing Stats

File Path                                PID    Runtime      # DAGs    # Errors  Last Runtime    Last Run
---------------------------------------  -----  ---------  --------  ----------  --------------  -------------------
/opt/airflow/dags/ecommerce_pipeline.py                           1           0  0.46s           2026-04-22T06:13:07
================================================================================
[2026-04-22T06:14:00.265+0000] {manager.py:879} INFO - 
================================================================================
DAG File Processing Stats

File Path                                PID    Runtime      # DAGs    # Errors  Last Runtime    Last Run
---------------------------------------  -----  ---------  --------  ----------  --------------  -------------------
/opt/airflow/dags/ecommerce_pipeline.py                           1           0  0.26s           2026-04-22T06:13:38
================================================================================
[2026-04-22T06:14:30.754+0000] {manager.py:879} INFO - 
================================================================================
DAG File Processing Stats

File Path                                PID    Runtime      # DAGs    # Errors  Last Runtime    Last Run
---------------------------------------  -----  ---------  --------  ----------  --------------  -------------------
/opt/airflow/dags/ecommerce_pipeline.py                           1           0  0.26s           2026-04-22T06:14:08
================================================================================
[2026-04-22T06:15:01.165+0000] {manager.py:879} INFO - 
================================================================================
DAG File Processing Stats

File Path                                PID    Runtime      # DAGs    # Errors  Last Runtime    Last Run
---------------------------------------  -----  ---------  --------  ----------  --------------  -------------------
/opt/airflow/dags/ecommerce_pipeline.py                           1           0  0.28s           2026-04-22T06:14:39
================================================================================
[2026-04-22T06:15:31.724+0000] {manager.py:879} INFO - 
================================================================================
DAG File Processing Stats

File Path                                PID    Runtime      # DAGs    # Errors  Last Runtime    Last Run
---------------------------------------  -----  ---------  --------  ----------  --------------  -------------------
/opt/airflow/dags/ecommerce_pipeline.py                           1           0  0.31s           2026-04-22T06:15:09
================================================================================
[2026-04-22T06:16:02.113+0000] {manager.py:879} INFO - 
================================================================================
DAG File Processing Stats

File Path                                PID    Runtime      # DAGs    # Errors  Last Runtime    Last Run
---------------------------------------  -----  ---------  --------  ----------  --------------  -------------------
/opt/airflow/dags/ecommerce_pipeline.py                           1           0  0.42s           2026-04-22T06:15:40
================================================================================
[2026-04-22T06:16:32.298+0000] {manager.py:879} INFO - 
================================================================================
DAG File Processing Stats

File Path                                PID    Runtime      # DAGs    # Errors  Last Runtime    Last Run
---------------------------------------  -----  ---------  --------  ----------  --------------  -------------------
/opt/airflow/dags/ecommerce_pipeline.py                           1           0  0.31s           2026-04-22T06:16:10
================================================================================
[2026-04-22T06:16:50.097+0000] {manager.py:738} INFO - Searching for files in /opt/airflow/dags
[2026-04-22T06:16:50.141+0000] {manager.py:741} INFO - There are 1 files in /opt/airflow/dags
[2026-04-22T06:17:02.447+0000] {manager.py:879} INFO - 
================================================================================
DAG File Processing Stats

File Path                                PID    Runtime      # DAGs    # Errors  Last Runtime    Last Run
---------------------------------------  -----  ---------  --------  ----------  --------------  -------------------
/opt/airflow/dags/ecommerce_pipeline.py                           1           0  0.29s           2026-04-22T06:16:41
================================================================================
[2026-04-22T06:17:32.754+0000] {manager.py:879} INFO - 
================================================================================
DAG File Processing Stats

File Path                                PID    Runtime      # DAGs    # Errors  Last Runtime    Last Run
---------------------------------------  -----  ---------  --------  ----------  --------------  -------------------
/opt/airflow/dags/ecommerce_pipeline.py                           1           0  0.42s           2026-04-22T06:17:11
================================================================================
[2026-04-22T06:18:03.135+0000] {manager.py:879} INFO - 
================================================================================
DAG File Processing Stats

File Path                                PID    Runtime      # DAGs    # Errors  Last Runtime    Last Run
---------------------------------------  -----  ---------  --------  ----------  --------------  -------------------
/opt/airflow/dags/ecommerce_pipeline.py                           1           0  0.22s           2026-04-22T06:17:42
================================================================================
[2026-04-22T06:18:33.569+0000] {manager.py:879} INFO - 
================================================================================
DAG File Processing Stats

File Path                                PID    Runtime      # DAGs    # Errors  Last Runtime    Last Run
---------------------------------------  -----  ---------  --------  ----------  --------------  -------------------
/opt/airflow/dags/ecommerce_pipeline.py                           1           0  0.22s           2026-04-22T06:18:12
================================================================================
[2026-04-22T06:19:04.000+0000] {manager.py:879} INFO - 
================================================================================
DAG File Processing Stats

File Path                                PID    Runtime      # DAGs    # Errors  Last Runtime    Last Run
---------------------------------------  -----  ---------  --------  ----------  --------------  -------------------
/opt/airflow/dags/ecommerce_pipeline.py                           1           0  0.24s           2026-04-22T06:18:42
================================================================================
[2026-04-22T06:19:34.358+0000] {manager.py:879} INFO - 
================================================================================
DAG File Processing Stats

File Path                                PID    Runtime      # DAGs    # Errors  Last Runtime    Last Run
---------------------------------------  -----  ---------  --------  ----------  --------------  -------------------
/opt/airflow/dags/ecommerce_pipeline.py                           1           0  0.21s           2026-04-22T06:19:13
================================================================================
[2026-04-22T06:20:04.838+0000] {manager.py:879} INFO - 
================================================================================
DAG File Processing Stats

File Path                                PID    Runtime      # DAGs    # Errors  Last Runtime    Last Run
---------------------------------------  -----  ---------  --------  ----------  --------------  -------------------
/opt/airflow/dags/ecommerce_pipeline.py                           1           0  0.19s           2026-04-22T06:19:43
================================================================================
[2026-04-22T06:20:35.164+0000] {manager.py:879} INFO - 
================================================================================
DAG File Processing Stats

File Path                                PID    Runtime      # DAGs    # Errors  Last Runtime    Last Run
---------------------------------------  -----  ---------  --------  ----------  --------------  -------------------
/opt/airflow/dags/ecommerce_pipeline.py                           1           0  0.19s           2026-04-22T06:20:14
================================================================================
[2026-04-22T06:21:05.708+0000] {manager.py:879} INFO - 
================================================================================
DAG File Processing Stats

File Path                                PID    Runtime      # DAGs    # Errors  Last Runtime    Last Run
---------------------------------------  -----  ---------  --------  ----------  --------------  -------------------
/opt/airflow/dags/ecommerce_pipeline.py                           1           0  0.20s           2026-04-22T06:20:44
================================================================================
[2026-04-22T06:21:36.069+0000] {manager.py:879} INFO - 
================================================================================
DAG File Processing Stats

File Path                                PID    Runtime      # DAGs    # Errors  Last Runtime    Last Run
---------------------------------------  -----  ---------  --------  ----------  --------------  -------------------
/opt/airflow/dags/ecommerce_pipeline.py                           1           0  0.18s           2026-04-22T06:21:15
================================================================================
[2026-04-22T06:21:50.369+0000] {manager.py:738} INFO - Searching for files in /opt/airflow/dags
[2026-04-22T06:21:50.403+0000] {manager.py:741} INFO - There are 1 files in /opt/airflow/dags
[2026-04-22T06:22:06.619+0000] {manager.py:879} INFO - 
================================================================================
DAG File Processing Stats

File Path                                PID    Runtime      # DAGs    # Errors  Last Runtime    Last Run
---------------------------------------  -----  ---------  --------  ----------  --------------  -------------------
/opt/airflow/dags/ecommerce_pipeline.py                           1           0  0.20s           2026-04-22T06:21:45
================================================================================
[2026-04-22T06:22:37.014+0000] {manager.py:879} INFO - 
================================================================================
DAG File Processing Stats

File Path                                PID    Runtime      # DAGs    # Errors  Last Runtime    Last Run
---------------------------------------  -----  ---------  --------  ----------  --------------  -------------------
/opt/airflow/dags/ecommerce_pipeline.py                           1           0  0.22s           2026-04-22T06:22:15
================================================================================
[2026-04-22T06:23:07.470+0000] {manager.py:879} INFO - 
================================================================================
DAG File Processing Stats

File Path                                PID    Runtime      # DAGs    # Errors  Last Runtime    Last Run
---------------------------------------  -----  ---------  --------  ----------  --------------  -------------------
/opt/airflow/dags/ecommerce_pipeline.py                           1           0  0.20s           2026-04-22T06:22:46
================================================================================
[2026-04-22T06:23:37.834+0000] {manager.py:879} INFO - 
================================================================================
DAG File Processing Stats

File Path                                PID    Runtime      # DAGs    # Errors  Last Runtime    Last Run
---------------------------------------  -----  ---------  --------  ----------  --------------  -------------------
/opt/airflow/dags/ecommerce_pipeline.py                           1           0  0.19s           2026-04-22T06:23:16
================================================================================
[2026-04-22T06:24:08.254+0000] {manager.py:879} INFO - 
================================================================================
DAG File Processing Stats

File Path                                PID    Runtime      # DAGs    # Errors  Last Runtime    Last Run
---------------------------------------  -----  ---------  --------  ----------  --------------  -------------------
/opt/airflow/dags/ecommerce_pipeline.py                           1           0  0.30s           2026-04-22T06:23:47
================================================================================
[2026-04-22T06:24:38.767+0000] {manager.py:879} INFO - 
================================================================================
DAG File Processing Stats

File Path                                PID    Runtime      # DAGs    # Errors  Last Runtime    Last Run
---------------------------------------  -----  ---------  --------  ----------  --------------  -------------------
/opt/airflow/dags/ecommerce_pipeline.py                           1           0  0.25s           2026-04-22T06:24:17
================================================================================
[2026-04-22T06:25:09.120+0000] {manager.py:879} INFO - 
================================================================================
DAG File Processing Stats

File Path                                PID    Runtime      # DAGs    # Errors  Last Runtime    Last Run
---------------------------------------  -----  ---------  --------  ----------  --------------  -------------------
/opt/airflow/dags/ecommerce_pipeline.py                           1           0  0.20s           2026-04-22T06:24:48
================================================================================
[2026-04-22T06:25:39.630+0000] {manager.py:879} INFO - 
================================================================================
DAG File Processing Stats

File Path                                PID    Runtime      # DAGs    # Errors  Last Runtime    Last Run
---------------------------------------  -----  ---------  --------  ----------  --------------  -------------------
/opt/airflow/dags/ecommerce_pipeline.py                           1           0  0.21s           2026-04-22T06:25:18
================================================================================
[2026-04-22T06:26:09.886+0000] {manager.py:879} INFO - 
================================================================================
DAG File Processing Stats

File Path                                PID    Runtime      # DAGs    # Errors  Last Runtime    Last Run
---------------------------------------  -----  ---------  --------  ----------  --------------  -------------------
/opt/airflow/dags/ecommerce_pipeline.py                           1           0  0.26s           2026-04-22T06:25:48
================================================================================
[2026-04-22T06:26:40.556+0000] {manager.py:879} INFO - 
================================================================================
DAG File Processing Stats

File Path                                PID    Runtime      # DAGs    # Errors  Last Runtime    Last Run
---------------------------------------  -----  ---------  --------  ----------  --------------  -------------------
/opt/airflow/dags/ecommerce_pipeline.py                           1           0  0.25s           2026-04-22T06:26:19
================================================================================
[2026-04-22T06:26:50.900+0000] {manager.py:738} INFO - Searching for files in /opt/airflow/dags
[2026-04-22T06:26:50.939+0000] {manager.py:741} INFO - There are 1 files in /opt/airflow/dags
[2026-04-22T06:27:11.173+0000] {manager.py:879} INFO - 
================================================================================
DAG File Processing Stats

File Path                                PID    Runtime      # DAGs    # Errors  Last Runtime    Last Run
---------------------------------------  -----  ---------  --------  ----------  --------------  -------------------
/opt/airflow/dags/ecommerce_pipeline.py                           1           0  0.25s           2026-04-22T06:26:49
================================================================================
[2026-04-22T06:27:41.507+0000] {manager.py:879} INFO - 
================================================================================
DAG File Processing Stats

File Path                                PID    Runtime      # DAGs    # Errors  Last Runtime    Last Run
---------------------------------------  -----  ---------  --------  ----------  --------------  -------------------
/opt/airflow/dags/ecommerce_pipeline.py                           1           0  0.21s           2026-04-22T06:27:20
================================================================================
[2026-04-22T06:28:12.004+0000] {manager.py:879} INFO - 
================================================================================
DAG File Processing Stats

File Path                                PID    Runtime      # DAGs    # Errors  Last Runtime    Last Run
---------------------------------------  -----  ---------  --------  ----------  --------------  -------------------
/opt/airflow/dags/ecommerce_pipeline.py                           1           0  0.34s           2026-04-22T06:27:50
================================================================================
[2026-04-22T06:28:42.450+0000] {manager.py:879} INFO - 
================================================================================
DAG File Processing Stats

File Path                                PID    Runtime      # DAGs    # Errors  Last Runtime    Last Run
---------------------------------------  -----  ---------  --------  ----------  --------------  -------------------
/opt/airflow/dags/ecommerce_pipeline.py                           1           0  0.27s           2026-04-22T06:28:21
================================================================================
[2026-04-22T06:29:12.921+0000] {manager.py:879} INFO - 
================================================================================
DAG File Processing Stats

File Path                                PID    Runtime      # DAGs    # Errors  Last Runtime    Last Run
---------------------------------------  -----  ---------  --------  ----------  --------------  -------------------
/opt/airflow/dags/ecommerce_pipeline.py                           1           0  0.23s           2026-04-22T06:28:51
================================================================================
[2026-04-22T06:29:43.315+0000] {manager.py:879} INFO - 
================================================================================
DAG File Processing Stats

File Path                                PID    Runtime      # DAGs    # Errors  Last Runtime    Last Run
---------------------------------------  -----  ---------  --------  ----------  --------------  -------------------
/opt/airflow/dags/ecommerce_pipeline.py                           1           0  0.28s           2026-04-22T06:29:22
================================================================================
[2026-04-22T06:30:13.682+0000] {manager.py:879} INFO - 
================================================================================
DAG File Processing Stats

File Path                                PID    Runtime      # DAGs    # Errors  Last Runtime    Last Run
---------------------------------------  -----  ---------  --------  ----------  --------------  -------------------
/opt/airflow/dags/ecommerce_pipeline.py                           1           0  0.24s           2026-04-22T06:29:52
================================================================================
[2026-04-22T06:30:44.286+0000] {manager.py:879} INFO - 
================================================================================
DAG File Processing Stats

File Path                                PID    Runtime      # DAGs    # Errors  Last Runtime    Last Run
---------------------------------------  -----  ---------  --------  ----------  --------------  -------------------
/opt/airflow/dags/ecommerce_pipeline.py                           1           0  0.32s           2026-04-22T06:30:23
================================================================================
[2026-04-22T06:31:14.658+0000] {manager.py:879} INFO - 
================================================================================
DAG File Processing Stats

File Path                                PID    Runtime      # DAGs    # Errors  Last Runtime    Last Run
---------------------------------------  -----  ---------  --------  ----------  --------------  -------------------
/opt/airflow/dags/ecommerce_pipeline.py                           1           0  0.34s           2026-04-22T06:30:53
================================================================================
[2026-04-22T06:31:44.685+0000] {manager.py:879} INFO - 
================================================================================
DAG File Processing Stats

File Path                                PID    Runtime      # DAGs    # Errors  Last Runtime    Last Run
---------------------------------------  -----  ---------  --------  ----------  --------------  -------------------
/opt/airflow/dags/ecommerce_pipeline.py                           1           0  0.40s           2026-04-22T06:31:24
================================================================================
[2026-04-22T06:31:51.470+0000] {manager.py:738} INFO - Searching for files in /opt/airflow/dags
[2026-04-22T06:31:51.569+0000] {manager.py:741} INFO - There are 1 files in /opt/airflow/dags
[2026-04-22T06:32:14.908+0000] {manager.py:879} INFO - 
================================================================================
DAG File Processing Stats

File Path                                PID    Runtime      # DAGs    # Errors  Last Runtime    Last Run
---------------------------------------  -----  ---------  --------  ----------  --------------  -------------------
/opt/airflow/dags/ecommerce_pipeline.py                           1           0  0.33s           2026-04-22T06:31:54
================================================================================
[2026-04-22T06:32:45.275+0000] {manager.py:879} INFO - 
================================================================================
DAG File Processing Stats

File Path                                PID    Runtime      # DAGs    # Errors  Last Runtime    Last Run
---------------------------------------  -----  ---------  --------  ----------  --------------  -------------------
/opt/airflow/dags/ecommerce_pipeline.py                           1           0  0.22s           2026-04-22T06:32:25
================================================================================
[2026-04-22T06:33:15.775+0000] {manager.py:879} INFO - 
================================================================================
DAG File Processing Stats

File Path                                PID    Runtime      # DAGs    # Errors  Last Runtime    Last Run
---------------------------------------  -----  ---------  --------  ----------  --------------  -------------------
/opt/airflow/dags/ecommerce_pipeline.py                           1           0  0.26s           2026-04-22T06:32:55
================================================================================
[2026-04-22T06:33:46.094+0000] {manager.py:879} INFO - 
================================================================================
DAG File Processing Stats

File Path                                PID    Runtime      # DAGs    # Errors  Last Runtime    Last Run
---------------------------------------  -----  ---------  --------  ----------  --------------  -------------------
/opt/airflow/dags/ecommerce_pipeline.py                           1           0  0.25s           2026-04-22T06:33:26
================================================================================
[2026-04-22T06:34:16.631+0000] {manager.py:879} INFO - 
================================================================================
DAG File Processing Stats

File Path                                PID    Runtime      # DAGs    # Errors  Last Runtime    Last Run
---------------------------------------  -----  ---------  --------  ----------  --------------  -------------------
/opt/airflow/dags/ecommerce_pipeline.py                           1           0  0.23s           2026-04-22T06:33:56
================================================================================
[2026-04-22T06:34:46.984+0000] {manager.py:879} INFO - 
================================================================================
DAG File Processing Stats

File Path                                PID    Runtime      # DAGs    # Errors  Last Runtime    Last Run
---------------------------------------  -----  ---------  --------  ----------  --------------  -------------------
/opt/airflow/dags/ecommerce_pipeline.py                           1           0  0.24s           2026-04-22T06:34:26
================================================================================
[2026-04-22T06:35:17.454+0000] {manager.py:879} INFO - 
================================================================================
DAG File Processing Stats

File Path                                PID    Runtime      # DAGs    # Errors  Last Runtime    Last Run
---------------------------------------  -----  ---------  --------  ----------  --------------  -------------------
/opt/airflow/dags/ecommerce_pipeline.py                           1           0  0.38s           2026-04-22T06:34:57
================================================================================
[2026-04-22T06:35:47.900+0000] {manager.py:879} INFO - 
================================================================================
DAG File Processing Stats

File Path                                PID    Runtime      # DAGs    # Errors  Last Runtime    Last Run
---------------------------------------  -----  ---------  --------  ----------  --------------  -------------------
/opt/airflow/dags/ecommerce_pipeline.py                           1           0  0.23s           2026-04-22T06:35:27
================================================================================
[2026-04-22T06:36:18.225+0000] {manager.py:879} INFO - 
================================================================================
DAG File Processing Stats

File Path                                PID    Runtime      # DAGs    # Errors  Last Runtime    Last Run
---------------------------------------  -----  ---------  --------  ----------  --------------  -------------------
/opt/airflow/dags/ecommerce_pipeline.py                           1           0  0.22s           2026-04-22T06:35:58
================================================================================
[2026-04-22T06:36:48.690+0000] {manager.py:879} INFO - 
================================================================================
DAG File Processing Stats

File Path                                PID    Runtime      # DAGs    # Errors  Last Runtime    Last Run
---------------------------------------  -----  ---------  --------  ----------  --------------  -------------------
/opt/airflow/dags/ecommerce_pipeline.py                           1           0  0.23s           2026-04-22T06:36:28
================================================================================
[2026-04-22T06:36:51.713+0000] {manager.py:738} INFO - Searching for files in /opt/airflow/dags
[2026-04-22T06:36:51.766+0000] {manager.py:741} INFO - There are 1 files in /opt/airflow/dags
[2026-04-22T09:03:41.619+0000] {manager.py:469} INFO - Processing files using up to 2 processes at a time 
[2026-04-22T09:03:41.621+0000] {manager.py:470} INFO - Process each file at most once every 30 seconds
[2026-04-22T09:03:41.622+0000] {manager.py:471} INFO - Checking for new files in /opt/airflow/dags every 300 seconds
[2026-04-22T09:03:41.623+0000] {manager.py:738} INFO - Searching for files in /opt/airflow/dags
[2026-04-22T09:03:41.651+0000] {manager.py:741} INFO - There are 1 files in /opt/airflow/dags
[2026-04-22T09:03:41.811+0000] {manager.py:879} INFO - 
================================================================================
DAG File Processing Stats

File Path                                  PID  Runtime      # DAGs    # Errors  Last Runtime    Last Run
---------------------------------------  -----  ---------  --------  ----------  --------------  ----------
/opt/airflow/dags/ecommerce_pipeline.py    167  0.06s             0           0
================================================================================
[2026-04-22T09:04:12.057+0000] {manager.py:879} INFO - 
================================================================================
DAG File Processing Stats

File Path                                  PID  Runtime      # DAGs    # Errors  Last Runtime    Last Run
---------------------------------------  -----  ---------  --------  ----------  --------------  -------------------
/opt/airflow/dags/ecommerce_pipeline.py    172  0.01s             1           0  0.21s           2026-04-22T09:03:41
================================================================================
[2026-04-22T09:04:42.170+0000] {manager.py:879} INFO - 
================================================================================
DAG File Processing Stats

File Path                                PID    Runtime      # DAGs    # Errors  Last Runtime    Last Run
---------------------------------------  -----  ---------  --------  ----------  --------------  -------------------
/opt/airflow/dags/ecommerce_pipeline.py                           1           0  0.85s           2026-04-22T09:04:12
================================================================================
[2026-04-22T09:05:12.652+0000] {manager.py:879} INFO - 
================================================================================
DAG File Processing Stats

File Path                                PID    Runtime      # DAGs    # Errors  Last Runtime    Last Run
---------------------------------------  -----  ---------  --------  ----------  --------------  -------------------
/opt/airflow/dags/ecommerce_pipeline.py                           1           0  0.18s           2026-04-22T09:04:43
================================================================================
[2026-04-22T09:05:43.143+0000] {manager.py:879} INFO - 
================================================================================
DAG File Processing Stats

File Path                                PID    Runtime      # DAGs    # Errors  Last Runtime    Last Run
---------------------------------------  -----  ---------  --------  ----------  --------------  -------------------
/opt/airflow/dags/ecommerce_pipeline.py                           1           0  0.21s           2026-04-22T09:05:13
================================================================================
[2026-04-22T09:06:13.559+0000] {manager.py:879} INFO - 
================================================================================
DAG File Processing Stats

File Path                                PID    Runtime      # DAGs    # Errors  Last Runtime    Last Run
---------------------------------------  -----  ---------  --------  ----------  --------------  -------------------
/opt/airflow/dags/ecommerce_pipeline.py                           1           0  0.26s           2026-04-22T09:05:44
================================================================================
[2026-04-22T09:06:44.001+0000] {manager.py:879} INFO - 
================================================================================
DAG File Processing Stats

File Path                                PID    Runtime      # DAGs    # Errors  Last Runtime    Last Run
---------------------------------------  -----  ---------  --------  ----------  --------------  -------------------
/opt/airflow/dags/ecommerce_pipeline.py                           1           0  0.19s           2026-04-22T09:06:14
================================================================================
[2026-04-22T09:07:14.495+0000] {manager.py:879} INFO - 
================================================================================
DAG File Processing Stats

File Path                                PID    Runtime      # DAGs    # Errors  Last Runtime    Last Run
---------------------------------------  -----  ---------  --------  ----------  --------------  -------------------
/opt/airflow/dags/ecommerce_pipeline.py                           1           0  0.19s           2026-04-22T09:06:45
================================================================================
[2026-04-22T09:07:44.862+0000] {manager.py:879} INFO - 
================================================================================
DAG File Processing Stats

File Path                                PID    Runtime      # DAGs    # Errors  Last Runtime    Last Run
---------------------------------------  -----  ---------  --------  ----------  --------------  -------------------
/opt/airflow/dags/ecommerce_pipeline.py                           1           0  0.19s           2026-04-22T09:07:15
================================================================================
[2026-04-22T09:08:15.206+0000] {manager.py:879} INFO - 
================================================================================
DAG File Processing Stats

File Path                                PID    Runtime      # DAGs    # Errors  Last Runtime    Last Run
---------------------------------------  -----  ---------  --------  ----------  --------------  -------------------
/opt/airflow/dags/ecommerce_pipeline.py                           1           0  0.19s           2026-04-22T09:07:46
================================================================================
[2026-04-22T09:08:41.694+0000] {manager.py:738} INFO - Searching for files in /opt/airflow/dags
[2026-04-22T09:08:41.756+0000] {manager.py:741} INFO - There are 1 files in /opt/airflow/dags
[2026-04-22T09:08:45.588+0000] {manager.py:879} INFO - 
================================================================================
DAG File Processing Stats

File Path                                PID    Runtime      # DAGs    # Errors  Last Runtime    Last Run
---------------------------------------  -----  ---------  --------  ----------  --------------  -------------------
/opt/airflow/dags/ecommerce_pipeline.py                           1           0  0.18s           2026-04-22T09:08:16
================================================================================
[2026-04-22T09:09:15.921+0000] {manager.py:879} INFO - 
================================================================================
DAG File Processing Stats

File Path                                PID    Runtime      # DAGs    # Errors  Last Runtime    Last Run
---------------------------------------  -----  ---------  --------  ----------  --------------  -------------------
/opt/airflow/dags/ecommerce_pipeline.py                           1           0  0.19s           2026-04-22T09:08:46
================================================================================
[2026-04-22T09:09:46.303+0000] {manager.py:879} INFO - 
================================================================================
DAG File Processing Stats

File Path                                PID    Runtime      # DAGs    # Errors  Last Runtime    Last Run
---------------------------------------  -----  ---------  --------  ----------  --------------  -------------------
/opt/airflow/dags/ecommerce_pipeline.py                           1           0  0.19s           2026-04-22T09:09:17
================================================================================
[2026-04-22T09:10:16.868+0000] {manager.py:879} INFO - 
================================================================================
DAG File Processing Stats

File Path                                PID    Runtime      # DAGs    # Errors  Last Runtime    Last Run
---------------------------------------  -----  ---------  --------  ----------  --------------  -------------------
/opt/airflow/dags/ecommerce_pipeline.py                           1           0  0.20s           2026-04-22T09:09:47
================================================================================
[2026-04-22T09:10:47.272+0000] {manager.py:879} INFO - 
================================================================================
DAG File Processing Stats

File Path                                PID    Runtime      # DAGs    # Errors  Last Runtime    Last Run
---------------------------------------  -----  ---------  --------  ----------  --------------  -------------------
/opt/airflow/dags/ecommerce_pipeline.py                           1           0  0.17s           2026-04-22T09:10:18
================================================================================
[2026-04-22T09:11:17.825+0000] {manager.py:879} INFO - 
================================================================================
DAG File Processing Stats

File Path                                PID    Runtime      # DAGs    # Errors  Last Runtime    Last Run
---------------------------------------  -----  ---------  --------  ----------  --------------  -------------------
/opt/airflow/dags/ecommerce_pipeline.py                           1           0  0.19s           2026-04-22T09:10:48
================================================================================
[2026-04-22T09:11:48.317+0000] {manager.py:879} INFO - 
================================================================================
DAG File Processing Stats

File Path                                PID    Runtime      # DAGs    # Errors  Last Runtime    Last Run
---------------------------------------  -----  ---------  --------  ----------  --------------  -------------------
/opt/airflow/dags/ecommerce_pipeline.py                           1           0  0.18s           2026-04-22T09:11:19
================================================================================
[2026-04-22T09:12:18.838+0000] {manager.py:879} INFO - 
================================================================================
DAG File Processing Stats

File Path                                PID    Runtime      # DAGs    # Errors  Last Runtime    Last Run
---------------------------------------  -----  ---------  --------  ----------  --------------  -------------------
/opt/airflow/dags/ecommerce_pipeline.py                           1           0  0.19s           2026-04-22T09:11:49
================================================================================
[2026-04-22T09:12:49.306+0000] {manager.py:879} INFO - 
================================================================================
DAG File Processing Stats

File Path                                PID    Runtime      # DAGs    # Errors  Last Runtime    Last Run
---------------------------------------  -----  ---------  --------  ----------  --------------  -------------------
/opt/airflow/dags/ecommerce_pipeline.py                           1           0  0.18s           2026-04-22T09:12:20
================================================================================
[2026-04-22T09:13:19.837+0000] {manager.py:879} INFO - 
================================================================================
DAG File Processing Stats

File Path                                PID    Runtime      # DAGs    # Errors  Last Runtime    Last Run
---------------------------------------  -----  ---------  --------  ----------  --------------  -------------------
/opt/airflow/dags/ecommerce_pipeline.py                           1           0  0.22s           2026-04-22T09:12:50
================================================================================
[2026-04-22T09:13:42.218+0000] {manager.py:738} INFO - Searching for files in /opt/airflow/dags
[2026-04-22T09:13:42.256+0000] {manager.py:741} INFO - There are 1 files in /opt/airflow/dags
[2026-04-22T09:13:50.360+0000] {manager.py:879} INFO - 
================================================================================
DAG File Processing Stats

File Path                                PID    Runtime      # DAGs    # Errors  Last Runtime    Last Run
---------------------------------------  -----  ---------  --------  ----------  --------------  -------------------
/opt/airflow/dags/ecommerce_pipeline.py                           1           0  0.18s           2026-04-22T09:13:21
================================================================================
[2026-04-22T09:14:20.806+0000] {manager.py:879} INFO - 
================================================================================
DAG File Processing Stats

File Path                                PID    Runtime      # DAGs    # Errors  Last Runtime    Last Run
---------------------------------------  -----  ---------  --------  ----------  --------------  -------------------
/opt/airflow/dags/ecommerce_pipeline.py                           1           0  0.17s           2026-04-22T09:13:51
================================================================================
[2026-04-22T09:21:19.055+0000] {manager.py:738} INFO - Searching for files in /opt/airflow/dags
[2026-04-22T09:21:19.205+0000] {manager.py:741} INFO - There are 1 files in /opt/airflow/dags
[2026-04-22T09:21:45.766+0000] {manager.py:879} INFO - 
================================================================================
DAG File Processing Stats

File Path                                PID    Runtime      # DAGs    # Errors  Last Runtime    Last Run
---------------------------------------  -----  ---------  --------  ----------  --------------  -------------------
/opt/airflow/dags/ecommerce_pipeline.py                           1           0  0.64s           2026-04-22T09:21:19
================================================================================
[2026-04-22T09:22:16.157+0000] {manager.py:879} INFO - 
================================================================================
DAG File Processing Stats

File Path                                PID    Runtime      # DAGs    # Errors  Last Runtime    Last Run
---------------------------------------  -----  ---------  --------  ----------  --------------  -------------------
/opt/airflow/dags/ecommerce_pipeline.py                           1           0  0.62s           2026-04-22T09:21:50
================================================================================
[2026-04-22T09:22:46.581+0000] {manager.py:879} INFO - 
================================================================================
DAG File Processing Stats

File Path                                PID    Runtime      # DAGs    # Errors  Last Runtime    Last Run
---------------------------------------  -----  ---------  --------  ----------  --------------  -------------------
/opt/airflow/dags/ecommerce_pipeline.py                           1           0  0.38s           2026-04-22T09:22:21
================================================================================
[2026-04-22T09:23:16.756+0000] {manager.py:879} INFO - 
================================================================================
DAG File Processing Stats

File Path                                PID    Runtime      # DAGs    # Errors  Last Runtime    Last Run
---------------------------------------  -----  ---------  --------  ----------  --------------  -------------------
/opt/airflow/dags/ecommerce_pipeline.py                           1           0  0.52s           2026-04-22T09:22:52
================================================================================
[2026-04-22T09:23:47.115+0000] {manager.py:879} INFO - 
================================================================================
DAG File Processing Stats

File Path                                PID    Runtime      # DAGs    # Errors  Last Runtime    Last Run
---------------------------------------  -----  ---------  --------  ----------  --------------  -------------------
/opt/airflow/dags/ecommerce_pipeline.py                           1           0  0.21s           2026-04-22T09:23:23
================================================================================
[2026-04-22T09:24:17.794+0000] {manager.py:879} INFO - 
================================================================================
DAG File Processing Stats

File Path                                PID    Runtime      # DAGs    # Errors  Last Runtime    Last Run
---------------------------------------  -----  ---------  --------  ----------  --------------  -------------------
/opt/airflow/dags/ecommerce_pipeline.py                           1           0  0.21s           2026-04-22T09:23:53
================================================================================
[2026-04-22T09:24:48.280+0000] {manager.py:879} INFO - 
================================================================================
DAG File Processing Stats

File Path                                PID    Runtime      # DAGs    # Errors  Last Runtime    Last Run
---------------------------------------  -----  ---------  --------  ----------  --------------  -------------------
/opt/airflow/dags/ecommerce_pipeline.py                           1           0  0.22s           2026-04-22T09:24:24
================================================================================
[2026-04-22T09:25:18.798+0000] {manager.py:879} INFO - 
================================================================================
DAG File Processing Stats

File Path                                PID    Runtime      # DAGs    # Errors  Last Runtime    Last Run
---------------------------------------  -----  ---------  --------  ----------  --------------  -------------------
/opt/airflow/dags/ecommerce_pipeline.py                           1           0  0.16s           2026-04-22T09:24:54
================================================================================
[2026-04-22T09:25:49.248+0000] {manager.py:879} INFO - 
================================================================================
DAG File Processing Stats

File Path                                PID    Runtime      # DAGs    # Errors  Last Runtime    Last Run
---------------------------------------  -----  ---------  --------  ----------  --------------  -------------------
/opt/airflow/dags/ecommerce_pipeline.py                           1           0  0.19s           2026-04-22T09:25:25
================================================================================
[2026-04-22T09:26:19.751+0000] {manager.py:738} INFO - Searching for files in /opt/airflow/dags
[2026-04-22T09:26:19.772+0000] {manager.py:741} INFO - There are 1 files in /opt/airflow/dags
[2026-04-22T09:26:19.784+0000] {manager.py:879} INFO - 
================================================================================
DAG File Processing Stats

File Path                                PID    Runtime      # DAGs    # Errors  Last Runtime    Last Run
---------------------------------------  -----  ---------  --------  ----------  --------------  -------------------
/opt/airflow/dags/ecommerce_pipeline.py                           1           0  0.16s           2026-04-22T09:25:55
================================================================================
[2026-04-22T09:26:50.207+0000] {manager.py:879} INFO - 
================================================================================
DAG File Processing Stats

File Path                                PID    Runtime      # DAGs    # Errors  Last Runtime    Last Run
---------------------------------------  -----  ---------  --------  ----------  --------------  -------------------
/opt/airflow/dags/ecommerce_pipeline.py                           1           0  0.22s           2026-04-22T09:26:26
================================================================================
[2026-04-22T09:27:20.630+0000] {manager.py:879} INFO - 
================================================================================
DAG File Processing Stats

File Path                                PID    Runtime      # DAGs    # Errors  Last Runtime    Last Run
---------------------------------------  -----  ---------  --------  ----------  --------------  -------------------
/opt/airflow/dags/ecommerce_pipeline.py                           1           0  0.23s           2026-04-22T09:26:56
================================================================================
[2026-04-22T09:27:51.182+0000] {manager.py:879} INFO - 
================================================================================
DAG File Processing Stats

File Path                                PID    Runtime      # DAGs    # Errors  Last Runtime    Last Run
---------------------------------------  -----  ---------  --------  ----------  --------------  -------------------
/opt/airflow/dags/ecommerce_pipeline.py                           1           0  0.18s           2026-04-22T09:27:26
================================================================================
[2026-04-22T09:28:21.623+0000] {manager.py:879} INFO - 
================================================================================
DAG File Processing Stats

File Path                                PID    Runtime      # DAGs    # Errors  Last Runtime    Last Run
---------------------------------------  -----  ---------  --------  ----------  --------------  -------------------
/opt/airflow/dags/ecommerce_pipeline.py                           1           0  0.17s           2026-04-22T09:27:57
================================================================================
[2026-04-22T09:28:52.155+0000] {manager.py:879} INFO - 
================================================================================
DAG File Processing Stats

File Path                                PID    Runtime      # DAGs    # Errors  Last Runtime    Last Run
---------------------------------------  -----  ---------  --------  ----------  --------------  -------------------
/opt/airflow/dags/ecommerce_pipeline.py                           1           0  0.18s           2026-04-22T09:28:27
================================================================================
[2026-04-22T09:29:22.602+0000] {manager.py:879} INFO - 
================================================================================
DAG File Processing Stats

File Path                                PID    Runtime      # DAGs    # Errors  Last Runtime    Last Run
---------------------------------------  -----  ---------  --------  ----------  --------------  -------------------
/opt/airflow/dags/ecommerce_pipeline.py                           1           0  0.17s           2026-04-22T09:28:58
================================================================================
[2026-04-22T09:29:53.162+0000] {manager.py:879} INFO - 
================================================================================
DAG File Processing Stats

File Path                                PID    Runtime      # DAGs    # Errors  Last Runtime    Last Run
---------------------------------------  -----  ---------  --------  ----------  --------------  -------------------
/opt/airflow/dags/ecommerce_pipeline.py                           1           0  0.18s           2026-04-22T09:29:28
================================================================================
[2026-04-22T09:30:23.650+0000] {manager.py:879} INFO - 
================================================================================
DAG File Processing Stats

File Path                                PID    Runtime      # DAGs    # Errors  Last Runtime    Last Run
---------------------------------------  -----  ---------  --------  ----------  --------------  -------------------
/opt/airflow/dags/ecommerce_pipeline.py                           1           0  0.19s           2026-04-22T09:29:59
================================================================================
[2026-04-22T09:30:54.171+0000] {manager.py:879} INFO - 
================================================================================
DAG File Processing Stats

File Path                                PID    Runtime      # DAGs    # Errors  Last Runtime    Last Run
---------------------------------------  -----  ---------  --------  ----------  --------------  -------------------
/opt/airflow/dags/ecommerce_pipeline.py                           1           0  0.18s           2026-04-22T09:30:29
================================================================================
[2026-04-22T09:31:20.575+0000] {manager.py:738} INFO - Searching for files in /opt/airflow/dags
[2026-04-22T09:31:20.634+0000] {manager.py:741} INFO - There are 1 files in /opt/airflow/dags
[2026-04-22T09:31:24.728+0000] {manager.py:879} INFO - 
================================================================================
DAG File Processing Stats

File Path                                PID    Runtime      # DAGs    # Errors  Last Runtime    Last Run
---------------------------------------  -----  ---------  --------  ----------  --------------  -------------------
/opt/airflow/dags/ecommerce_pipeline.py                           1           0  0.17s           2026-04-22T09:31:00
================================================================================
[2026-04-22T09:31:55.154+0000] {manager.py:879} INFO - 
================================================================================
DAG File Processing Stats

File Path                                PID    Runtime      # DAGs    # Errors  Last Runtime    Last Run
---------------------------------------  -----  ---------  --------  ----------  --------------  -------------------
/opt/airflow/dags/ecommerce_pipeline.py                           1           0  0.19s           2026-04-22T09:31:31
================================================================================
[2026-04-22T09:32:25.677+0000] {manager.py:879} INFO - 
================================================================================
DAG File Processing Stats

File Path                                PID    Runtime      # DAGs    # Errors  Last Runtime    Last Run
---------------------------------------  -----  ---------  --------  ----------  --------------  -------------------
/opt/airflow/dags/ecommerce_pipeline.py                           1           0  0.18s           2026-04-22T09:32:01
================================================================================
[2026-04-22T09:32:56.038+0000] {manager.py:879} INFO - 
================================================================================
DAG File Processing Stats

File Path                                PID    Runtime      # DAGs    # Errors  Last Runtime    Last Run
---------------------------------------  -----  ---------  --------  ----------  --------------  -------------------
/opt/airflow/dags/ecommerce_pipeline.py                           1           0  0.18s           2026-04-22T09:32:31
================================================================================
[2026-04-22T09:33:26.594+0000] {manager.py:879} INFO - 
================================================================================
DAG File Processing Stats

File Path                                PID    Runtime      # DAGs    # Errors  Last Runtime    Last Run
---------------------------------------  -----  ---------  --------  ----------  --------------  -------------------
/opt/airflow/dags/ecommerce_pipeline.py                           1           0  0.19s           2026-04-22T09:33:02
================================================================================
[2026-04-22T09:33:57.008+0000] {manager.py:879} INFO - 
================================================================================
DAG File Processing Stats

File Path                                PID    Runtime      # DAGs    # Errors  Last Runtime    Last Run
---------------------------------------  -----  ---------  --------  ----------  --------------  -------------------
/opt/airflow/dags/ecommerce_pipeline.py                           1           0  0.18s           2026-04-22T09:33:32
================================================================================
[2026-04-22T09:34:27.540+0000] {manager.py:879} INFO - 
================================================================================
DAG File Processing Stats

File Path                                PID    Runtime      # DAGs    # Errors  Last Runtime    Last Run
---------------------------------------  -----  ---------  --------  ----------  --------------  -------------------
/opt/airflow/dags/ecommerce_pipeline.py                           1           0  0.20s           2026-04-22T09:34:03
================================================================================
[2026-04-22T09:34:57.958+0000] {manager.py:879} INFO - 
================================================================================
DAG File Processing Stats

File Path                                PID    Runtime      # DAGs    # Errors  Last Runtime    Last Run
---------------------------------------  -----  ---------  --------  ----------  --------------  -------------------
/opt/airflow/dags/ecommerce_pipeline.py                           1           0  0.18s           2026-04-22T09:34:33
================================================================================
[2026-04-22T09:35:28.510+0000] {manager.py:879} INFO - 
================================================================================
DAG File Processing Stats

File Path                                PID    Runtime      # DAGs    # Errors  Last Runtime    Last Run
---------------------------------------  -----  ---------  --------  ----------  --------------  -------------------
/opt/airflow/dags/ecommerce_pipeline.py                           1           0  0.28s           2026-04-22T09:35:04
================================================================================
[2026-04-22T09:35:59.109+0000] {manager.py:879} INFO - 
================================================================================
DAG File Processing Stats

File Path                                PID    Runtime      # DAGs    # Errors  Last Runtime    Last Run
---------------------------------------  -----  ---------  --------  ----------  --------------  -------------------
/opt/airflow/dags/ecommerce_pipeline.py                           1           0  0.20s           2026-04-22T09:35:34
================================================================================
[2026-04-22T09:36:20.589+0000] {manager.py:738} INFO - Searching for files in /opt/airflow/dags
[2026-04-22T09:36:20.633+0000] {manager.py:741} INFO - There are 1 files in /opt/airflow/dags
[2026-04-22T09:36:29.550+0000] {manager.py:879} INFO - 
================================================================================
DAG File Processing Stats

File Path                                PID    Runtime      # DAGs    # Errors  Last Runtime    Last Run
---------------------------------------  -----  ---------  --------  ----------  --------------  -------------------
/opt/airflow/dags/ecommerce_pipeline.py                           1           0  0.18s           2026-04-22T09:36:05
================================================================================
[2026-04-22T09:37:00.181+0000] {manager.py:879} INFO - 
================================================================================
DAG File Processing Stats

File Path                                PID    Runtime      # DAGs    # Errors  Last Runtime    Last Run
---------------------------------------  -----  ---------  --------  ----------  --------------  -------------------
/opt/airflow/dags/ecommerce_pipeline.py                           1           0  0.26s           2026-04-22T09:36:35
================================================================================
[2026-04-22T09:37:30.495+0000] {manager.py:879} INFO - 
================================================================================
DAG File Processing Stats

File Path                                PID    Runtime      # DAGs    # Errors  Last Runtime    Last Run
---------------------------------------  -----  ---------  --------  ----------  --------------  -------------------
/opt/airflow/dags/ecommerce_pipeline.py                           1           0  0.26s           2026-04-22T09:37:06
================================================================================
[2026-04-22T09:38:01.045+0000] {manager.py:879} INFO - 
================================================================================
DAG File Processing Stats

File Path                                PID    Runtime      # DAGs    # Errors  Last Runtime    Last Run
---------------------------------------  -----  ---------  --------  ----------  --------------  -------------------
/opt/airflow/dags/ecommerce_pipeline.py                           1           0  0.22s           2026-04-22T09:37:36
================================================================================
[2026-04-22T09:38:31.180+0000] {manager.py:879} INFO - 
================================================================================
DAG File Processing Stats

File Path                                PID    Runtime      # DAGs    # Errors  Last Runtime    Last Run
---------------------------------------  -----  ---------  --------  ----------  --------------  -------------------
/opt/airflow/dags/ecommerce_pipeline.py                           1           0  0.71s           2026-04-22T09:38:07
================================================================================
[2026-04-22T09:39:01.608+0000] {manager.py:879} INFO - 
================================================================================
DAG File Processing Stats

File Path                                PID    Runtime      # DAGs    # Errors  Last Runtime    Last Run
---------------------------------------  -----  ---------  --------  ----------  --------------  -------------------
/opt/airflow/dags/ecommerce_pipeline.py                           1           0  0.19s           2026-04-22T09:38:38
================================================================================
[2026-04-22T09:39:31.992+0000] {manager.py:879} INFO - 
================================================================================
DAG File Processing Stats

File Path                                PID    Runtime      # DAGs    # Errors  Last Runtime    Last Run
---------------------------------------  -----  ---------  --------  ----------  --------------  -------------------
/opt/airflow/dags/ecommerce_pipeline.py                           1           0  0.19s           2026-04-22T09:39:08
================================================================================
[2026-04-22T09:40:02.472+0000] {manager.py:879} INFO - 
================================================================================
DAG File Processing Stats

File Path                                PID    Runtime      # DAGs    # Errors  Last Runtime    Last Run
---------------------------------------  -----  ---------  --------  ----------  --------------  -------------------
/opt/airflow/dags/ecommerce_pipeline.py                           1           0  0.19s           2026-04-22T09:39:39
================================================================================
[2026-04-22T09:40:32.935+0000] {manager.py:879} INFO - 
================================================================================
DAG File Processing Stats

File Path                                PID    Runtime      # DAGs    # Errors  Last Runtime    Last Run
---------------------------------------  -----  ---------  --------  ----------  --------------  -------------------
/opt/airflow/dags/ecommerce_pipeline.py                           1           0  0.17s           2026-04-22T09:40:09
================================================================================
[2026-04-22T09:41:03.501+0000] {manager.py:879} INFO - 
================================================================================
DAG File Processing Stats

File Path                                PID    Runtime      # DAGs    # Errors  Last Runtime    Last Run
---------------------------------------  -----  ---------  --------  ----------  --------------  -------------------
/opt/airflow/dags/ecommerce_pipeline.py                           1           0  0.19s           2026-04-22T09:40:40
================================================================================
[2026-04-22T09:41:20.786+0000] {manager.py:738} INFO - Searching for files in /opt/airflow/dags
[2026-04-22T09:41:20.828+0000] {manager.py:741} INFO - There are 1 files in /opt/airflow/dags
[2026-04-22T09:41:34.061+0000] {manager.py:879} INFO - 
================================================================================
DAG File Processing Stats

File Path                                PID    Runtime      # DAGs    # Errors  Last Runtime    Last Run
---------------------------------------  -----  ---------  --------  ----------  --------------  -------------------
/opt/airflow/dags/ecommerce_pipeline.py                           1           0  0.18s           2026-04-22T09:41:10
================================================================================
[2026-04-22T09:42:04.500+0000] {manager.py:879} INFO - 
================================================================================
DAG File Processing Stats

File Path                                PID    Runtime      # DAGs    # Errors  Last Runtime    Last Run
---------------------------------------  -----  ---------  --------  ----------  --------------  -------------------
/opt/airflow/dags/ecommerce_pipeline.py                           1           0  0.18s           2026-04-22T09:41:41
================================================================================
[2026-04-22T09:42:35.018+0000] {manager.py:879} INFO - 
================================================================================
DAG File Processing Stats

File Path                                PID    Runtime      # DAGs    # Errors  Last Runtime    Last Run
---------------------------------------  -----  ---------  --------  ----------  --------------  -------------------
/opt/airflow/dags/ecommerce_pipeline.py                           1           0  0.27s           2026-04-22T09:42:11
================================================================================
[2026-04-22T09:43:05.621+0000] {manager.py:879} INFO - 
================================================================================
DAG File Processing Stats

File Path                                PID    Runtime      # DAGs    # Errors  Last Runtime    Last Run
---------------------------------------  -----  ---------  --------  ----------  --------------  -------------------
/opt/airflow/dags/ecommerce_pipeline.py                           1           0  0.24s           2026-04-22T09:42:42
================================================================================
[2026-04-22T09:43:36.053+0000] {manager.py:879} INFO - 
================================================================================
DAG File Processing Stats

File Path                                PID    Runtime      # DAGs    # Errors  Last Runtime    Last Run
---------------------------------------  -----  ---------  --------  ----------  --------------  -------------------
/opt/airflow/dags/ecommerce_pipeline.py                           1           0  0.18s           2026-04-22T09:43:12
================================================================================
[2026-04-22T09:44:06.599+0000] {manager.py:879} INFO - 
================================================================================
DAG File Processing Stats

File Path                                PID    Runtime      # DAGs    # Errors  Last Runtime    Last Run
---------------------------------------  -----  ---------  --------  ----------  --------------  -------------------
/opt/airflow/dags/ecommerce_pipeline.py                           1           0  0.20s           2026-04-22T09:43:43
================================================================================
[2026-04-22T09:44:36.985+0000] {manager.py:879} INFO - 
================================================================================
DAG File Processing Stats

File Path                                PID    Runtime      # DAGs    # Errors  Last Runtime    Last Run
---------------------------------------  -----  ---------  --------  ----------  --------------  -------------------
/opt/airflow/dags/ecommerce_pipeline.py                           1           0  0.20s           2026-04-22T09:44:13
================================================================================
[2026-04-22T09:45:07.525+0000] {manager.py:879} INFO - 
================================================================================
DAG File Processing Stats

File Path                                PID    Runtime      # DAGs    # Errors  Last Runtime    Last Run
---------------------------------------  -----  ---------  --------  ----------  --------------  -------------------
/opt/airflow/dags/ecommerce_pipeline.py                           1           0  0.20s           2026-04-22T09:44:44
================================================================================
[2026-04-22T09:45:37.899+0000] {manager.py:879} INFO - 
================================================================================
DAG File Processing Stats

File Path                                PID    Runtime      # DAGs    # Errors  Last Runtime    Last Run
---------------------------------------  -----  ---------  --------  ----------  --------------  -------------------
/opt/airflow/dags/ecommerce_pipeline.py                           1           0  0.27s           2026-04-22T09:45:14
================================================================================
[2026-04-22T09:46:08.276+0000] {manager.py:879} INFO - 
================================================================================
DAG File Processing Stats

File Path                                PID    Runtime      # DAGs    # Errors  Last Runtime    Last Run
---------------------------------------  -----  ---------  --------  ----------  --------------  -------------------
/opt/airflow/dags/ecommerce_pipeline.py                           1           0  0.18s           2026-04-22T09:45:45
================================================================================
[2026-04-22T09:46:21.584+0000] {manager.py:738} INFO - Searching for files in /opt/airflow/dags
[2026-04-22T09:46:21.615+0000] {manager.py:741} INFO - There are 1 files in /opt/airflow/dags
[2026-04-22T09:46:38.849+0000] {manager.py:879} INFO - 
================================================================================
DAG File Processing Stats

File Path                                PID    Runtime      # DAGs    # Errors  Last Runtime    Last Run
---------------------------------------  -----  ---------  --------  ----------  --------------  -------------------
/opt/airflow/dags/ecommerce_pipeline.py                           1           0  0.17s           2026-04-22T09:46:15
================================================================================
[2026-04-22T09:47:09.224+0000] {manager.py:879} INFO - 
================================================================================
DAG File Processing Stats

File Path                                PID    Runtime      # DAGs    # Errors  Last Runtime    Last Run
---------------------------------------  -----  ---------  --------  ----------  --------------  -------------------
/opt/airflow/dags/ecommerce_pipeline.py                           1           0  0.17s           2026-04-22T09:46:46
================================================================================
[2026-04-22T09:47:39.758+0000] {manager.py:879} INFO - 
================================================================================
DAG File Processing Stats

File Path                                PID    Runtime      # DAGs    # Errors  Last Runtime    Last Run
---------------------------------------  -----  ---------  --------  ----------  --------------  -------------------
/opt/airflow/dags/ecommerce_pipeline.py                           1           0  0.19s           2026-04-22T09:47:16
================================================================================
[2026-04-22T10:00:39.296+0000] {manager.py:738} INFO - Searching for files in /opt/airflow/dags
[2026-04-22T10:00:39.353+0000] {manager.py:741} INFO - There are 1 files in /opt/airflow/dags
[2026-04-22T10:00:41.462+0000] {manager.py:879} INFO - 
================================================================================
DAG File Processing Stats

File Path                                PID    Runtime      # DAGs    # Errors  Last Runtime    Last Run
---------------------------------------  -----  ---------  --------  ----------  --------------  -------------------
/opt/airflow/dags/ecommerce_pipeline.py                           1           0  0.36s           2026-04-22T10:00:39
================================================================================
[2026-04-22T10:01:11.548+0000] {manager.py:879} INFO - 
================================================================================
DAG File Processing Stats

File Path                                PID    Runtime      # DAGs    # Errors  Last Runtime    Last Run
---------------------------------------  -----  ---------  --------  ----------  --------------  -------------------
/opt/airflow/dags/ecommerce_pipeline.py                           1           0  0.50s           2026-04-22T10:01:10
================================================================================
[2026-04-22T10:01:42.002+0000] {manager.py:879} INFO - 
================================================================================
DAG File Processing Stats

File Path                                PID    Runtime      # DAGs    # Errors  Last Runtime    Last Run
---------------------------------------  -----  ---------  --------  ----------  --------------  -------------------
/opt/airflow/dags/ecommerce_pipeline.py                           1           0  0.20s           2026-04-22T10:01:41
================================================================================
[2026-04-22T10:02:12.589+0000] {manager.py:879} INFO - 
================================================================================
DAG File Processing Stats

File Path                                PID    Runtime      # DAGs    # Errors  Last Runtime    Last Run
---------------------------------------  -----  ---------  --------  ----------  --------------  -------------------
/opt/airflow/dags/ecommerce_pipeline.py                           1           0  0.19s           2026-04-22T10:02:11
================================================================================
[2026-04-22T10:02:43.097+0000] {manager.py:879} INFO - 
================================================================================
DAG File Processing Stats

File Path                                PID    Runtime      # DAGs    # Errors  Last Runtime    Last Run
---------------------------------------  -----  ---------  --------  ----------  --------------  -------------------
/opt/airflow/dags/ecommerce_pipeline.py                           1           0  0.20s           2026-04-22T10:02:42
================================================================================
[2026-04-22T10:03:13.684+0000] {manager.py:879} INFO - 
================================================================================
DAG File Processing Stats

File Path                                PID    Runtime      # DAGs    # Errors  Last Runtime    Last Run
---------------------------------------  -----  ---------  --------  ----------  --------------  -------------------
/opt/airflow/dags/ecommerce_pipeline.py                           1           0  0.19s           2026-04-22T10:03:12
================================================================================
[2026-04-22T10:03:44.246+0000] {manager.py:879} INFO - 
================================================================================
DAG File Processing Stats

File Path                                PID    Runtime      # DAGs    # Errors  Last Runtime    Last Run
---------------------------------------  -----  ---------  --------  ----------  --------------  -------------------
/opt/airflow/dags/ecommerce_pipeline.py                           1           0  0.20s           2026-04-22T10:03:43
================================================================================
[2026-04-22T10:04:14.750+0000] {manager.py:879} INFO - 
================================================================================
DAG File Processing Stats

File Path                                PID    Runtime      # DAGs    # Errors  Last Runtime    Last Run
---------------------------------------  -----  ---------  --------  ----------  --------------  -------------------
/opt/airflow/dags/ecommerce_pipeline.py                           1           0  0.17s           2026-04-22T10:04:13
================================================================================
[2026-04-22T10:04:45.222+0000] {manager.py:879} INFO - 
================================================================================
DAG File Processing Stats

File Path                                PID    Runtime      # DAGs    # Errors  Last Runtime    Last Run
---------------------------------------  -----  ---------  --------  ----------  --------------  -------------------
/opt/airflow/dags/ecommerce_pipeline.py                           1           0  0.19s           2026-04-22T10:04:44
================================================================================
[2026-04-22T10:05:15.596+0000] {manager.py:879} INFO - 
================================================================================
DAG File Processing Stats

File Path                                PID    Runtime      # DAGs    # Errors  Last Runtime    Last Run
---------------------------------------  -----  ---------  --------  ----------  --------------  -------------------
/opt/airflow/dags/ecommerce_pipeline.py                           1           0  0.21s           2026-04-22T10:05:14
================================================================================
[2026-04-22T10:05:39.868+0000] {manager.py:738} INFO - Searching for files in /opt/airflow/dags
[2026-04-22T10:05:39.968+0000] {manager.py:741} INFO - There are 1 files in /opt/airflow/dags
[2026-04-22T10:05:46.197+0000] {manager.py:879} INFO - 
================================================================================
DAG File Processing Stats

File Path                                PID    Runtime      # DAGs    # Errors  Last Runtime    Last Run
---------------------------------------  -----  ---------  --------  ----------  --------------  -------------------
/opt/airflow/dags/ecommerce_pipeline.py                           1           0  0.19s           2026-04-22T10:05:45
================================================================================
[2026-04-22T10:06:16.574+0000] {manager.py:879} INFO - 
================================================================================
DAG File Processing Stats

File Path                                PID    Runtime      # DAGs    # Errors  Last Runtime    Last Run
---------------------------------------  -----  ---------  --------  ----------  --------------  -------------------
/opt/airflow/dags/ecommerce_pipeline.py                           1           0  0.19s           2026-04-22T10:06:15
================================================================================
[2026-04-22T10:06:47.009+0000] {manager.py:879} INFO - 
================================================================================
DAG File Processing Stats

File Path                                PID    Runtime      # DAGs    # Errors  Last Runtime    Last Run
---------------------------------------  -----  ---------  --------  ----------  --------------  -------------------
/opt/airflow/dags/ecommerce_pipeline.py                           1           0  0.18s           2026-04-22T10:06:46
================================================================================
[2026-04-22T10:07:17.504+0000] {manager.py:879} INFO - 
================================================================================
DAG File Processing Stats

File Path                                PID    Runtime      # DAGs    # Errors  Last Runtime    Last Run
---------------------------------------  -----  ---------  --------  ----------  --------------  -------------------
/opt/airflow/dags/ecommerce_pipeline.py                           1           0  0.24s           2026-04-22T10:07:16
================================================================================
[2026-04-22T10:07:48.091+0000] {manager.py:879} INFO - 
================================================================================
DAG File Processing Stats

File Path                                PID    Runtime      # DAGs    # Errors  Last Runtime    Last Run
---------------------------------------  -----  ---------  --------  ----------  --------------  -------------------
/opt/airflow/dags/ecommerce_pipeline.py                           1           0  0.21s           2026-04-22T10:07:47
================================================================================
[2026-04-22T10:08:18.582+0000] {manager.py:879} INFO - 
================================================================================
DAG File Processing Stats

File Path                                PID    Runtime      # DAGs    # Errors  Last Runtime    Last Run
---------------------------------------  -----  ---------  --------  ----------  --------------  -------------------
/opt/airflow/dags/ecommerce_pipeline.py                           1           0  0.18s           2026-04-22T10:08:17
================================================================================
[2026-04-22T10:08:49.136+0000] {manager.py:879} INFO - 
================================================================================
DAG File Processing Stats

File Path                                PID    Runtime      # DAGs    # Errors  Last Runtime    Last Run
---------------------------------------  -----  ---------  --------  ----------  --------------  -------------------
/opt/airflow/dags/ecommerce_pipeline.py                           1           0  0.20s           2026-04-22T10:08:48
================================================================================
[2026-04-22T10:09:19.626+0000] {manager.py:879} INFO - 
================================================================================
DAG File Processing Stats

File Path                                PID    Runtime      # DAGs    # Errors  Last Runtime    Last Run
---------------------------------------  -----  ---------  --------  ----------  --------------  -------------------
/opt/airflow/dags/ecommerce_pipeline.py                           1           0  0.19s           2026-04-22T10:09:18
================================================================================
[2026-04-22T10:09:50.087+0000] {manager.py:879} INFO - 
================================================================================
DAG File Processing Stats

File Path                                PID    Runtime      # DAGs    # Errors  Last Runtime    Last Run
---------------------------------------  -----  ---------  --------  ----------  --------------  -------------------
/opt/airflow/dags/ecommerce_pipeline.py                           1           0  0.19s           2026-04-22T10:09:49
================================================================================
[2026-04-22T10:10:20.614+0000] {manager.py:879} INFO - 
================================================================================
DAG File Processing Stats

File Path                                PID    Runtime      # DAGs    # Errors  Last Runtime    Last Run
---------------------------------------  -----  ---------  --------  ----------  --------------  -------------------
/opt/airflow/dags/ecommerce_pipeline.py                           1           0  0.20s           2026-04-22T10:10:19
================================================================================
[2026-04-22T10:10:40.044+0000] {manager.py:738} INFO - Searching for files in /opt/airflow/dags
[2026-04-22T10:10:40.099+0000] {manager.py:741} INFO - There are 1 files in /opt/airflow/dags
[2026-04-22T10:10:51.034+0000] {manager.py:879} INFO - 
================================================================================
DAG File Processing Stats

File Path                                PID    Runtime      # DAGs    # Errors  Last Runtime    Last Run
---------------------------------------  -----  ---------  --------  ----------  --------------  -------------------
/opt/airflow/dags/ecommerce_pipeline.py                           1           0  0.19s           2026-04-22T10:10:50
================================================================================
[2026-04-22T10:11:21.669+0000] {manager.py:879} INFO - 
================================================================================
DAG File Processing Stats

File Path                                PID    Runtime      # DAGs    # Errors  Last Runtime    Last Run
---------------------------------------  -----  ---------  --------  ----------  --------------  -------------------
/opt/airflow/dags/ecommerce_pipeline.py                           1           0  0.18s           2026-04-22T10:11:20
================================================================================
[2026-04-22T10:11:52.128+0000] {manager.py:879} INFO - 
================================================================================
DAG File Processing Stats

File Path                                PID    Runtime      # DAGs    # Errors  Last Runtime    Last Run
---------------------------------------  -----  ---------  --------  ----------  --------------  -------------------
/opt/airflow/dags/ecommerce_pipeline.py                           1           0  0.18s           2026-04-22T10:11:51
================================================================================
[2026-04-22T10:12:22.643+0000] {manager.py:879} INFO - 
================================================================================
DAG File Processing Stats

File Path                                PID    Runtime      # DAGs    # Errors  Last Runtime    Last Run
---------------------------------------  -----  ---------  --------  ----------  --------------  -------------------
/opt/airflow/dags/ecommerce_pipeline.py                           1           0  0.21s           2026-04-22T10:12:21
================================================================================
[2026-04-22T10:12:53.082+0000] {manager.py:879} INFO - 
================================================================================
DAG File Processing Stats

File Path                                PID    Runtime      # DAGs    # Errors  Last Runtime    Last Run
---------------------------------------  -----  ---------  --------  ----------  --------------  -------------------
/opt/airflow/dags/ecommerce_pipeline.py                           1           0  0.18s           2026-04-22T10:12:52
================================================================================
[2026-04-22T10:13:23.549+0000] {manager.py:879} INFO - 
================================================================================
DAG File Processing Stats

File Path                                PID    Runtime      # DAGs    # Errors  Last Runtime    Last Run
---------------------------------------  -----  ---------  --------  ----------  --------------  -------------------
/opt/airflow/dags/ecommerce_pipeline.py                           1           0  0.18s           2026-04-22T10:13:22
================================================================================
[2026-04-22T10:13:53.995+0000] {manager.py:879} INFO - 
================================================================================
DAG File Processing Stats

File Path                                  PID  Runtime      # DAGs    # Errors  Last Runtime    Last Run
---------------------------------------  -----  ---------  --------  ----------  --------------  -------------------
/opt/airflow/dags/ecommerce_pipeline.py    847  1.08s             1           0  0.18s           2026-04-22T10:13:22
================================================================================
[2026-04-22T10:14:24.309+0000] {manager.py:879} INFO - 
================================================================================
DAG File Processing Stats

File Path                                PID    Runtime      # DAGs    # Errors  Last Runtime    Last Run
---------------------------------------  -----  ---------  --------  ----------  --------------  -------------------
/opt/airflow/dags/ecommerce_pipeline.py                           1           0  1.63s           2026-04-22T10:13:54
================================================================================
[2026-04-22T10:14:54.659+0000] {manager.py:879} INFO - 
================================================================================
DAG File Processing Stats

File Path                                PID    Runtime      # DAGs    # Errors  Last Runtime    Last Run
---------------------------------------  -----  ---------  --------  ----------  --------------  -------------------
/opt/airflow/dags/ecommerce_pipeline.py                           1           0  0.44s           2026-04-22T10:14:25
================================================================================
[2026-04-22T10:15:25.097+0000] {manager.py:879} INFO - 
================================================================================
DAG File Processing Stats

File Path                                PID    Runtime      # DAGs    # Errors  Last Runtime    Last Run
---------------------------------------  -----  ---------  --------  ----------  --------------  -------------------
/opt/airflow/dags/ecommerce_pipeline.py                           1           0  0.26s           2026-04-22T10:14:55
================================================================================
[2026-04-22T10:15:40.515+0000] {manager.py:738} INFO - Searching for files in /opt/airflow/dags
[2026-04-22T10:15:40.568+0000] {manager.py:741} INFO - There are 1 files in /opt/airflow/dags
[2026-04-22T10:15:55.771+0000] {manager.py:879} INFO - 
================================================================================
DAG File Processing Stats

File Path                                PID    Runtime      # DAGs    # Errors  Last Runtime    Last Run
---------------------------------------  -----  ---------  --------  ----------  --------------  -------------------
/opt/airflow/dags/ecommerce_pipeline.py                           1           0  0.31s           2026-04-22T10:15:26
================================================================================
[2026-04-22T10:16:26.017+0000] {manager.py:879} INFO - 
================================================================================
DAG File Processing Stats

File Path                                PID    Runtime      # DAGs    # Errors  Last Runtime    Last Run
---------------------------------------  -----  ---------  --------  ----------  --------------  -------------------
/opt/airflow/dags/ecommerce_pipeline.py                           1           0  0.22s           2026-04-22T10:15:57
================================================================================
[2026-04-22T10:16:56.876+0000] {manager.py:879} INFO - 
================================================================================
DAG File Processing Stats

File Path                                PID    Runtime      # DAGs    # Errors  Last Runtime    Last Run
---------------------------------------  -----  ---------  --------  ----------  --------------  -------------------
/opt/airflow/dags/ecommerce_pipeline.py                           1           0  2.67s           2026-04-22T10:16:29
================================================================================
[2026-04-22T10:17:27.330+0000] {manager.py:879} INFO - 
================================================================================
DAG File Processing Stats

File Path                                PID    Runtime      # DAGs    # Errors  Last Runtime    Last Run
---------------------------------------  -----  ---------  --------  ----------  --------------  -------------------
/opt/airflow/dags/ecommerce_pipeline.py                           1           0  6.06s           2026-04-22T10:17:08
================================================================================
[2026-04-22T10:17:57.431+0000] {manager.py:879} INFO - 
================================================================================
DAG File Processing Stats

File Path                                PID    Runtime      # DAGs    # Errors  Last Runtime    Last Run
---------------------------------------  -----  ---------  --------  ----------  --------------  -------------------
/opt/airflow/dags/ecommerce_pipeline.py                           1           0  1.08s           2026-04-22T10:17:40
================================================================================
[2026-04-22T10:18:27.715+0000] {manager.py:879} INFO - 
================================================================================
DAG File Processing Stats

File Path                                PID    Runtime      # DAGs    # Errors  Last Runtime    Last Run
---------------------------------------  -----  ---------  --------  ----------  --------------  -------------------
/opt/airflow/dags/ecommerce_pipeline.py                           1           0  0.32s           2026-04-22T10:18:10
================================================================================
[2026-04-22T10:18:58.285+0000] {manager.py:879} INFO - 
================================================================================
DAG File Processing Stats

File Path                                PID    Runtime      # DAGs    # Errors  Last Runtime    Last Run
---------------------------------------  -----  ---------  --------  ----------  --------------  -------------------
/opt/airflow/dags/ecommerce_pipeline.py                           1           0  0.28s           2026-04-22T10:18:41
================================================================================
[2026-04-22T10:19:28.923+0000] {manager.py:879} INFO - 
================================================================================
DAG File Processing Stats

File Path                                PID    Runtime      # DAGs    # Errors  Last Runtime    Last Run
---------------------------------------  -----  ---------  --------  ----------  --------------  -------------------
/opt/airflow/dags/ecommerce_pipeline.py                           1           0  0.33s           2026-04-22T10:19:11
================================================================================
[2026-04-22T10:19:59.395+0000] {manager.py:879} INFO - 
================================================================================
DAG File Processing Stats

File Path                                PID    Runtime      # DAGs    # Errors  Last Runtime    Last Run
---------------------------------------  -----  ---------  --------  ----------  --------------  -------------------
/opt/airflow/dags/ecommerce_pipeline.py                           1           0  0.31s           2026-04-22T10:19:42
================================================================================
[2026-04-22T10:20:29.978+0000] {manager.py:879} INFO - 
================================================================================
DAG File Processing Stats

File Path                                PID    Runtime      # DAGs    # Errors  Last Runtime    Last Run
---------------------------------------  -----  ---------  --------  ----------  --------------  -------------------
/opt/airflow/dags/ecommerce_pipeline.py                           1           0  0.53s           2026-04-22T10:20:13
================================================================================
[2026-04-22T10:20:41.072+0000] {manager.py:738} INFO - Searching for files in /opt/airflow/dags
[2026-04-22T10:20:41.139+0000] {manager.py:741} INFO - There are 1 files in /opt/airflow/dags
[2026-04-22T10:21:00.543+0000] {manager.py:879} INFO - 
================================================================================
DAG File Processing Stats

File Path                                PID    Runtime      # DAGs    # Errors  Last Runtime    Last Run
---------------------------------------  -----  ---------  --------  ----------  --------------  -------------------
/opt/airflow/dags/ecommerce_pipeline.py                           1           0  0.32s           2026-04-22T10:20:43
================================================================================
[2026-04-22T10:21:31.066+0000] {manager.py:879} INFO - 
================================================================================
DAG File Processing Stats

File Path                                PID    Runtime      # DAGs    # Errors  Last Runtime    Last Run
---------------------------------------  -----  ---------  --------  ----------  --------------  -------------------
/opt/airflow/dags/ecommerce_pipeline.py                           1           0  0.23s           2026-04-22T10:21:13
================================================================================
[2026-04-22T10:22:01.494+0000] {manager.py:879} INFO - 
================================================================================
DAG File Processing Stats

File Path                                PID    Runtime      # DAGs    # Errors  Last Runtime    Last Run
---------------------------------------  -----  ---------  --------  ----------  --------------  -------------------
/opt/airflow/dags/ecommerce_pipeline.py                           1           0  0.24s           2026-04-22T10:21:44
================================================================================
[2026-04-22T10:22:31.978+0000] {manager.py:879} INFO - 
================================================================================
DAG File Processing Stats

File Path                                PID    Runtime      # DAGs    # Errors  Last Runtime    Last Run
---------------------------------------  -----  ---------  --------  ----------  --------------  -------------------
/opt/airflow/dags/ecommerce_pipeline.py                           1           0  0.21s           2026-04-22T10:22:14
================================================================================
[2026-04-22T10:23:02.384+0000] {manager.py:879} INFO - 
================================================================================
DAG File Processing Stats

File Path                                PID    Runtime      # DAGs    # Errors  Last Runtime    Last Run
---------------------------------------  -----  ---------  --------  ----------  --------------  -------------------
/opt/airflow/dags/ecommerce_pipeline.py                           1           0  0.30s           2026-04-22T10:22:45
================================================================================
[2026-04-22T10:23:32.793+0000] {manager.py:879} INFO - 
================================================================================
DAG File Processing Stats

File Path                                PID    Runtime      # DAGs    # Errors  Last Runtime    Last Run
---------------------------------------  -----  ---------  --------  ----------  --------------  -------------------
/opt/airflow/dags/ecommerce_pipeline.py                           1           0  0.17s           2026-04-22T10:23:15
================================================================================
[2026-04-22T10:24:03.301+0000] {manager.py:879} INFO - 
================================================================================
DAG File Processing Stats

File Path                                PID    Runtime      # DAGs    # Errors  Last Runtime    Last Run
---------------------------------------  -----  ---------  --------  ----------  --------------  -------------------
/opt/airflow/dags/ecommerce_pipeline.py                           1           0  0.18s           2026-04-22T10:23:46
================================================================================
[2026-04-22T10:24:33.707+0000] {manager.py:879} INFO - 
================================================================================
DAG File Processing Stats

File Path                                PID    Runtime      # DAGs    # Errors  Last Runtime    Last Run
---------------------------------------  -----  ---------  --------  ----------  --------------  -------------------
/opt/airflow/dags/ecommerce_pipeline.py                           1           0  0.18s           2026-04-22T10:24:16
================================================================================
[2026-04-22T10:25:04.317+0000] {manager.py:879} INFO - 
================================================================================
DAG File Processing Stats

File Path                                PID    Runtime      # DAGs    # Errors  Last Runtime    Last Run
---------------------------------------  -----  ---------  --------  ----------  --------------  -------------------
/opt/airflow/dags/ecommerce_pipeline.py                           1           0  0.19s           2026-04-22T10:24:47
================================================================================
[2026-04-22T10:25:34.856+0000] {manager.py:879} INFO - 
================================================================================
DAG File Processing Stats

File Path                                PID    Runtime      # DAGs    # Errors  Last Runtime    Last Run
---------------------------------------  -----  ---------  --------  ----------  --------------  -------------------
/opt/airflow/dags/ecommerce_pipeline.py                           1           0  0.20s           2026-04-22T10:25:17
================================================================================
[2026-04-22T10:25:41.949+0000] {manager.py:738} INFO - Searching for files in /opt/airflow/dags
[2026-04-22T10:25:42.007+0000] {manager.py:741} INFO - There are 1 files in /opt/airflow/dags
[2026-04-22T10:26:05.425+0000] {manager.py:879} INFO - 
================================================================================
DAG File Processing Stats

File Path                                PID    Runtime      # DAGs    # Errors  Last Runtime    Last Run
---------------------------------------  -----  ---------  --------  ----------  --------------  -------------------
/opt/airflow/dags/ecommerce_pipeline.py                           1           0  0.18s           2026-04-22T10:25:48
================================================================================
[2026-04-22T10:26:35.966+0000] {manager.py:879} INFO - 
================================================================================
DAG File Processing Stats

File Path                                PID    Runtime      # DAGs    # Errors  Last Runtime    Last Run
---------------------------------------  -----  ---------  --------  ----------  --------------  -------------------
/opt/airflow/dags/ecommerce_pipeline.py                           1           0  0.19s           2026-04-22T10:26:18
================================================================================
[2026-04-22T10:27:06.374+0000] {manager.py:879} INFO - 
================================================================================
DAG File Processing Stats

File Path                                PID    Runtime      # DAGs    # Errors  Last Runtime    Last Run
---------------------------------------  -----  ---------  --------  ----------  --------------  -------------------
/opt/airflow/dags/ecommerce_pipeline.py                           1           0  0.20s           2026-04-22T10:26:49
================================================================================
[2026-04-22T10:27:36.968+0000] {manager.py:879} INFO - 
================================================================================
DAG File Processing Stats

File Path                                PID    Runtime      # DAGs    # Errors  Last Runtime    Last Run
---------------------------------------  -----  ---------  --------  ----------  --------------  -------------------
/opt/airflow/dags/ecommerce_pipeline.py                           1           0  0.19s           2026-04-22T10:27:19
================================================================================
[2026-04-22T10:28:07.445+0000] {manager.py:879} INFO - 
================================================================================
DAG File Processing Stats

File Path                                PID    Runtime      # DAGs    # Errors  Last Runtime    Last Run
---------------------------------------  -----  ---------  --------  ----------  --------------  -------------------
/opt/airflow/dags/ecommerce_pipeline.py                           1           0  0.19s           2026-04-22T10:27:50
================================================================================
[2026-04-22T10:28:38.037+0000] {manager.py:879} INFO - 
================================================================================
DAG File Processing Stats

File Path                                PID    Runtime      # DAGs    # Errors  Last Runtime    Last Run
---------------------------------------  -----  ---------  --------  ----------  --------------  -------------------
/opt/airflow/dags/ecommerce_pipeline.py                           1           0  0.20s           2026-04-22T10:28:20
================================================================================
[2026-04-22T10:29:08.522+0000] {manager.py:879} INFO - 
================================================================================
DAG File Processing Stats

File Path                                PID    Runtime      # DAGs    # Errors  Last Runtime    Last Run
---------------------------------------  -----  ---------  --------  ----------  --------------  -------------------
/opt/airflow/dags/ecommerce_pipeline.py                           1           0  0.19s           2026-04-22T10:28:51
================================================================================
[2026-04-22T10:29:39.082+0000] {manager.py:879} INFO - 
================================================================================
DAG File Processing Stats

File Path                                PID    Runtime      # DAGs    # Errors  Last Runtime    Last Run
---------------------------------------  -----  ---------  --------  ----------  --------------  -------------------
/opt/airflow/dags/ecommerce_pipeline.py                           1           0  0.19s           2026-04-22T10:29:21
================================================================================
[2026-04-22T10:30:09.488+0000] {manager.py:879} INFO - 
================================================================================
DAG File Processing Stats

File Path                                PID    Runtime      # DAGs    # Errors  Last Runtime    Last Run
---------------------------------------  -----  ---------  --------  ----------  --------------  -------------------
/opt/airflow/dags/ecommerce_pipeline.py                           1           0  0.20s           2026-04-22T10:29:52
================================================================================
[2026-04-22T10:30:39.934+0000] {manager.py:879} INFO - 
================================================================================
DAG File Processing Stats

File Path                                PID    Runtime      # DAGs    # Errors  Last Runtime    Last Run
---------------------------------------  -----  ---------  --------  ----------  --------------  -------------------
/opt/airflow/dags/ecommerce_pipeline.py                           1           0  0.20s           2026-04-22T10:30:22
================================================================================
[2026-04-22T10:30:41.959+0000] {manager.py:738} INFO - Searching for files in /opt/airflow/dags
[2026-04-22T10:30:42.022+0000] {manager.py:741} INFO - There are 1 files in /opt/airflow/dags
[2026-04-22T10:31:10.531+0000] {manager.py:879} INFO - 
================================================================================
DAG File Processing Stats

File Path                                PID    Runtime      # DAGs    # Errors  Last Runtime    Last Run
---------------------------------------  -----  ---------  --------  ----------  --------------  -------------------
/opt/airflow/dags/ecommerce_pipeline.py                           1           0  0.20s           2026-04-22T10:30:53
================================================================================
[2026-04-22T10:31:41.116+0000] {manager.py:879} INFO - 
================================================================================
DAG File Processing Stats

File Path                                PID    Runtime      # DAGs    # Errors  Last Runtime    Last Run
---------------------------------------  -----  ---------  --------  ----------  --------------  -------------------
/opt/airflow/dags/ecommerce_pipeline.py                           1           0  0.22s           2026-04-22T10:31:23
================================================================================
[2026-04-22T10:32:11.634+0000] {manager.py:879} INFO - 
================================================================================
DAG File Processing Stats

File Path                                PID    Runtime      # DAGs    # Errors  Last Runtime    Last Run
---------------------------------------  -----  ---------  --------  ----------  --------------  -------------------
/opt/airflow/dags/ecommerce_pipeline.py                           1           0  0.20s           2026-04-22T10:31:54
================================================================================
[2026-04-22T10:32:42.125+0000] {manager.py:879} INFO - 
================================================================================
DAG File Processing Stats

File Path                                PID    Runtime      # DAGs    # Errors  Last Runtime    Last Run
---------------------------------------  -----  ---------  --------  ----------  --------------  -------------------
/opt/airflow/dags/ecommerce_pipeline.py                           1           0  0.18s           2026-04-22T10:32:25
================================================================================
[2026-04-22T10:40:25.358+0000] {manager.py:738} INFO - Searching for files in /opt/airflow/dags
[2026-04-22T10:40:25.384+0000] {manager.py:741} INFO - There are 1 files in /opt/airflow/dags
[2026-04-22T10:40:44.644+0000] {manager.py:879} INFO - 
================================================================================
DAG File Processing Stats

File Path                                PID    Runtime      # DAGs    # Errors  Last Runtime    Last Run
---------------------------------------  -----  ---------  --------  ----------  --------------  -------------------
/opt/airflow/dags/ecommerce_pipeline.py                           1           0  0.32s           2026-04-22T10:40:25
================================================================================
[2026-04-22T10:41:15.248+0000] {manager.py:879} INFO - 
================================================================================
DAG File Processing Stats

File Path                                PID    Runtime      # DAGs    # Errors  Last Runtime    Last Run
---------------------------------------  -----  ---------  --------  ----------  --------------  -------------------
/opt/airflow/dags/ecommerce_pipeline.py                           1           0  0.25s           2026-04-22T10:40:56
================================================================================
[2026-04-22T10:41:45.696+0000] {manager.py:879} INFO - 
================================================================================
DAG File Processing Stats

File Path                                PID    Runtime      # DAGs    # Errors  Last Runtime    Last Run
---------------------------------------  -----  ---------  --------  ----------  --------------  -------------------
/opt/airflow/dags/ecommerce_pipeline.py                           1           0  0.20s           2026-04-22T10:41:26
================================================================================
[2026-04-22T10:42:16.189+0000] {manager.py:879} INFO - 
================================================================================
DAG File Processing Stats

File Path                                PID    Runtime      # DAGs    # Errors  Last Runtime    Last Run
---------------------------------------  -----  ---------  --------  ----------  --------------  -------------------
/opt/airflow/dags/ecommerce_pipeline.py                           1           0  0.19s           2026-04-22T10:41:57
================================================================================
[2026-04-22T10:42:46.590+0000] {manager.py:879} INFO - 
================================================================================
DAG File Processing Stats

File Path                                PID    Runtime      # DAGs    # Errors  Last Runtime    Last Run
---------------------------------------  -----  ---------  --------  ----------  --------------  -------------------
/opt/airflow/dags/ecommerce_pipeline.py                           1           0  0.21s           2026-04-22T10:42:27
================================================================================
[2026-04-22T10:43:17.030+0000] {manager.py:879} INFO - 
================================================================================
DAG File Processing Stats

File Path                                PID    Runtime      # DAGs    # Errors  Last Runtime    Last Run
---------------------------------------  -----  ---------  --------  ----------  --------------  -------------------
/opt/airflow/dags/ecommerce_pipeline.py                           1           0  0.19s           2026-04-22T10:42:57
================================================================================
[2026-04-22T10:43:47.376+0000] {manager.py:879} INFO - 
================================================================================
DAG File Processing Stats

File Path                                PID    Runtime      # DAGs    # Errors  Last Runtime    Last Run
---------------------------------------  -----  ---------  --------  ----------  --------------  -------------------
/opt/airflow/dags/ecommerce_pipeline.py                           1           0  0.19s           2026-04-22T10:43:28
================================================================================
[2026-04-22T10:44:17.910+0000] {manager.py:879} INFO - 
================================================================================
DAG File Processing Stats

File Path                                PID    Runtime      # DAGs    # Errors  Last Runtime    Last Run
---------------------------------------  -----  ---------  --------  ----------  --------------  -------------------
/opt/airflow/dags/ecommerce_pipeline.py                           1           0  0.21s           2026-04-22T10:43:58
================================================================================
[2026-04-22T10:44:48.300+0000] {manager.py:879} INFO - 
================================================================================
DAG File Processing Stats

File Path                                PID    Runtime      # DAGs    # Errors  Last Runtime    Last Run
---------------------------------------  -----  ---------  --------  ----------  --------------  -------------------
/opt/airflow/dags/ecommerce_pipeline.py                           1           0  0.19s           2026-04-22T10:44:29
================================================================================
[2026-04-22T10:45:18.882+0000] {manager.py:879} INFO - 
================================================================================
DAG File Processing Stats

File Path                                PID    Runtime      # DAGs    # Errors  Last Runtime    Last Run
---------------------------------------  -----  ---------  --------  ----------  --------------  -------------------
/opt/airflow/dags/ecommerce_pipeline.py                           1           0  0.21s           2026-04-22T10:44:59
================================================================================
[2026-04-22T10:45:25.966+0000] {manager.py:738} INFO - Searching for files in /opt/airflow/dags
[2026-04-22T10:45:26.015+0000] {manager.py:741} INFO - There are 1 files in /opt/airflow/dags
[2026-04-22T10:45:49.366+0000] {manager.py:879} INFO - 
================================================================================
DAG File Processing Stats

File Path                                PID    Runtime      # DAGs    # Errors  Last Runtime    Last Run
---------------------------------------  -----  ---------  --------  ----------  --------------  -------------------
/opt/airflow/dags/ecommerce_pipeline.py                           1           0  0.27s           2026-04-22T10:45:30
================================================================================
[2026-04-22T10:46:19.952+0000] {manager.py:879} INFO - 
================================================================================
DAG File Processing Stats

File Path                                PID    Runtime      # DAGs    # Errors  Last Runtime    Last Run
---------------------------------------  -----  ---------  --------  ----------  --------------  -------------------
/opt/airflow/dags/ecommerce_pipeline.py                           1           0  0.28s           2026-04-22T10:46:00
================================================================================
[2026-04-22T10:46:50.490+0000] {manager.py:879} INFO - 
================================================================================
DAG File Processing Stats

File Path                                PID    Runtime      # DAGs    # Errors  Last Runtime    Last Run
---------------------------------------  -----  ---------  --------  ----------  --------------  -------------------
/opt/airflow/dags/ecommerce_pipeline.py                           1           0  0.18s           2026-04-22T10:46:31
================================================================================
[2026-04-22T11:09:49.110+0000] {manager.py:738} INFO - Searching for files in /opt/airflow/dags
[2026-04-22T11:09:50.040+0000] {manager.py:741} INFO - There are 1 files in /opt/airflow/dags
[2026-04-22T15:10:06.998+0000] {manager.py:738} INFO - Searching for files in /opt/airflow/dags
[2026-04-22T15:10:08.441+0000] {manager.py:741} INFO - There are 1 files in /opt/airflow/dags
[2026-04-23T05:26:51.248+0000] {manager.py:738} INFO - Searching for files in /opt/airflow/dags
[2026-04-23T05:26:52.727+0000] {manager.py:741} INFO - There are 1 files in /opt/airflow/dags
[2026-04-23T05:26:53.711+0000] {manager.py:879} INFO - 
================================================================================
DAG File Processing Stats

File Path                                  PID  Runtime      # DAGs    # Errors  Last Runtime    Last Run
---------------------------------------  -----  ---------  --------  ----------  --------------  -------------------
/opt/airflow/dags/ecommerce_pipeline.py   3234  0.03s             1           0  1.00s           2026-04-22T15:10:09
================================================================================
[2026-04-23T05:27:23.942+0000] {manager.py:879} INFO - 
================================================================================
DAG File Processing Stats

File Path                                PID    Runtime      # DAGs    # Errors  Last Runtime    Last Run
---------------------------------------  -----  ---------  --------  ----------  --------------  -------------------
/opt/airflow/dags/ecommerce_pipeline.py                           1           0  7.76s           2026-04-23T05:27:01
================================================================================
[2026-04-23T05:27:54.549+0000] {manager.py:879} INFO - 
================================================================================
DAG File Processing Stats

File Path                                PID    Runtime      # DAGs    # Errors  Last Runtime    Last Run
---------------------------------------  -----  ---------  --------  ----------  --------------  -------------------
/opt/airflow/dags/ecommerce_pipeline.py                           1           0  4.02s           2026-04-23T05:27:35
================================================================================
[2026-04-23T05:28:24.938+0000] {manager.py:879} INFO - 
================================================================================
DAG File Processing Stats

File Path                                PID    Runtime      # DAGs    # Errors  Last Runtime    Last Run
---------------------------------------  -----  ---------  --------  ----------  --------------  -------------------
/opt/airflow/dags/ecommerce_pipeline.py                           1           0  1.06s           2026-04-23T05:28:07
================================================================================
[2026-04-23T05:28:55.309+0000] {manager.py:879} INFO - 
================================================================================
DAG File Processing Stats

File Path                                PID    Runtime      # DAGs    # Errors  Last Runtime    Last Run
---------------------------------------  -----  ---------  --------  ----------  --------------  -------------------
/opt/airflow/dags/ecommerce_pipeline.py                           1           0  2.96s           2026-04-23T05:28:42
================================================================================
[2026-04-23T05:29:25.955+0000] {manager.py:879} INFO - 
================================================================================
DAG File Processing Stats

File Path                                PID    Runtime      # DAGs    # Errors  Last Runtime    Last Run
---------------------------------------  -----  ---------  --------  ----------  --------------  -------------------
/opt/airflow/dags/ecommerce_pipeline.py                           1           0  0.90s           2026-04-23T05:29:13
================================================================================
[2026-04-23T05:29:56.580+0000] {manager.py:879} INFO - 
================================================================================
DAG File Processing Stats

File Path                                PID    Runtime      # DAGs    # Errors  Last Runtime    Last Run
---------------------------------------  -----  ---------  --------  ----------  --------------  -------------------
/opt/airflow/dags/ecommerce_pipeline.py                           1           0  0.51s           2026-04-23T05:29:43
================================================================================
[2026-04-23T05:30:26.888+0000] {manager.py:879} INFO - 
================================================================================
DAG File Processing Stats

File Path                                PID    Runtime      # DAGs    # Errors  Last Runtime    Last Run
---------------------------------------  -----  ---------  --------  ----------  --------------  -------------------
/opt/airflow/dags/ecommerce_pipeline.py                           1           0  0.98s           2026-04-23T05:30:14
================================================================================
[2026-04-23T05:30:57.728+0000] {manager.py:879} INFO - 
================================================================================
DAG File Processing Stats

File Path                                PID    Runtime      # DAGs    # Errors  Last Runtime    Last Run
---------------------------------------  -----  ---------  --------  ----------  --------------  -------------------
/opt/airflow/dags/ecommerce_pipeline.py                           1           0  0.54s           2026-04-23T05:30:45
================================================================================
[2026-04-23T05:31:28.263+0000] {manager.py:879} INFO - 
================================================================================
DAG File Processing Stats

File Path                                PID    Runtime      # DAGs    # Errors  Last Runtime    Last Run
---------------------------------------  -----  ---------  --------  ----------  --------------  -------------------
/opt/airflow/dags/ecommerce_pipeline.py                           1           0  0.84s           2026-04-23T05:31:17
================================================================================
[2026-04-23T05:31:51.306+0000] {manager.py:738} INFO - Searching for files in /opt/airflow/dags
[2026-04-23T05:31:51.407+0000] {manager.py:741} INFO - There are 1 files in /opt/airflow/dags
[2026-04-23T05:31:58.555+0000] {manager.py:879} INFO - 
================================================================================
DAG File Processing Stats

File Path                                PID    Runtime      # DAGs    # Errors  Last Runtime    Last Run
---------------------------------------  -----  ---------  --------  ----------  --------------  -------------------
/opt/airflow/dags/ecommerce_pipeline.py                           1           0  0.54s           2026-04-23T05:31:48
================================================================================
[2026-04-23T05:32:28.909+0000] {manager.py:879} INFO - 
================================================================================
DAG File Processing Stats

File Path                                PID    Runtime      # DAGs    # Errors  Last Runtime    Last Run
---------------------------------------  -----  ---------  --------  ----------  --------------  -------------------
/opt/airflow/dags/ecommerce_pipeline.py                           1           0  0.53s           2026-04-23T05:32:18
================================================================================
[2026-04-23T05:32:59.320+0000] {manager.py:879} INFO - 
================================================================================
DAG File Processing Stats

File Path                                PID    Runtime      # DAGs    # Errors  Last Runtime    Last Run
---------------------------------------  -----  ---------  --------  ----------  --------------  -------------------
/opt/airflow/dags/ecommerce_pipeline.py                           1           0  0.40s           2026-04-23T05:32:49
================================================================================
[2026-04-23T05:33:29.341+0000] {manager.py:879} INFO - 
================================================================================
DAG File Processing Stats

File Path                                PID    Runtime      # DAGs    # Errors  Last Runtime    Last Run
---------------------------------------  -----  ---------  --------  ----------  --------------  -------------------
/opt/airflow/dags/ecommerce_pipeline.py                           1           0  0.31s           2026-04-23T05:33:20
================================================================================
[2026-04-23T05:33:59.363+0000] {manager.py:879} INFO - 
================================================================================
DAG File Processing Stats

File Path                                PID    Runtime      # DAGs    # Errors  Last Runtime    Last Run
---------------------------------------  -----  ---------  --------  ----------  --------------  -------------------
/opt/airflow/dags/ecommerce_pipeline.py                           1           0  0.32s           2026-04-23T05:33:50
================================================================================
[2026-04-23T05:34:30.071+0000] {manager.py:879} INFO - 
================================================================================
DAG File Processing Stats

File Path                                PID    Runtime      # DAGs    # Errors  Last Runtime    Last Run
---------------------------------------  -----  ---------  --------  ----------  --------------  -------------------
/opt/airflow/dags/ecommerce_pipeline.py                           1           0  0.31s           2026-04-23T05:34:21
================================================================================
[2026-04-23T05:35:00.550+0000] {manager.py:879} INFO - 
================================================================================
DAG File Processing Stats

File Path                                PID    Runtime      # DAGs    # Errors  Last Runtime    Last Run
---------------------------------------  -----  ---------  --------  ----------  --------------  -------------------
/opt/airflow/dags/ecommerce_pipeline.py                           1           0  0.38s           2026-04-23T05:34:51
================================================================================
[2026-04-23T05:35:31.273+0000] {manager.py:879} INFO - 
================================================================================
DAG File Processing Stats

File Path                                PID    Runtime      # DAGs    # Errors  Last Runtime    Last Run
---------------------------------------  -----  ---------  --------  ----------  --------------  -------------------
/opt/airflow/dags/ecommerce_pipeline.py                           1           0  0.33s           2026-04-23T05:35:22
================================================================================
[2026-04-23T05:36:01.766+0000] {manager.py:879} INFO - 
================================================================================
DAG File Processing Stats

File Path                                PID    Runtime      # DAGs    # Errors  Last Runtime    Last Run
---------------------------------------  -----  ---------  --------  ----------  --------------  -------------------
/opt/airflow/dags/ecommerce_pipeline.py                           1           0  0.28s           2026-04-23T05:35:52
================================================================================
[2026-04-23T05:36:32.407+0000] {manager.py:879} INFO - 
================================================================================
DAG File Processing Stats

File Path                                PID    Runtime      # DAGs    # Errors  Last Runtime    Last Run
---------------------------------------  -----  ---------  --------  ----------  --------------  -------------------
/opt/airflow/dags/ecommerce_pipeline.py                           1           0  0.34s           2026-04-23T05:36:23
================================================================================
[2026-04-23T05:36:51.624+0000] {manager.py:738} INFO - Searching for files in /opt/airflow/dags
[2026-04-23T05:36:51.699+0000] {manager.py:741} INFO - There are 1 files in /opt/airflow/dags
[2026-04-23T05:37:02.883+0000] {manager.py:879} INFO - 
================================================================================
DAG File Processing Stats

File Path                                PID    Runtime      # DAGs    # Errors  Last Runtime    Last Run
---------------------------------------  -----  ---------  --------  ----------  --------------  -------------------
/opt/airflow/dags/ecommerce_pipeline.py                           1           0  0.30s           2026-04-23T05:36:54
================================================================================
[2026-04-23T05:37:33.621+0000] {manager.py:879} INFO - 
================================================================================
DAG File Processing Stats

File Path                                PID    Runtime      # DAGs    # Errors  Last Runtime    Last Run
---------------------------------------  -----  ---------  --------  ----------  --------------  -------------------
/opt/airflow/dags/ecommerce_pipeline.py                           1           0  0.53s           2026-04-23T05:37:24
================================================================================
[2026-04-23T05:38:04.551+0000] {manager.py:879} INFO - 
================================================================================
DAG File Processing Stats

File Path                                PID    Runtime      # DAGs    # Errors  Last Runtime    Last Run
---------------------------------------  -----  ---------  --------  ----------  --------------  -------------------
/opt/airflow/dags/ecommerce_pipeline.py                           1           0  0.45s           2026-04-23T05:37:55
================================================================================
[2026-04-23T05:38:35.069+0000] {manager.py:879} INFO - 
================================================================================
DAG File Processing Stats

File Path                                PID    Runtime      # DAGs    # Errors  Last Runtime    Last Run
---------------------------------------  -----  ---------  --------  ----------  --------------  -------------------
/opt/airflow/dags/ecommerce_pipeline.py                           1           0  0.32s           2026-04-23T05:38:26
================================================================================
[2026-04-23T05:39:05.750+0000] {manager.py:879} INFO - 
================================================================================
DAG File Processing Stats

File Path                                PID    Runtime      # DAGs    # Errors  Last Runtime    Last Run
---------------------------------------  -----  ---------  --------  ----------  --------------  -------------------
/opt/airflow/dags/ecommerce_pipeline.py                           1           0  0.34s           2026-04-23T05:38:56
================================================================================
[2026-04-23T05:39:36.185+0000] {manager.py:879} INFO - 
================================================================================
DAG File Processing Stats

File Path                                PID    Runtime      # DAGs    # Errors  Last Runtime    Last Run
---------------------------------------  -----  ---------  --------  ----------  --------------  -------------------
/opt/airflow/dags/ecommerce_pipeline.py                           1           0  0.65s           2026-04-23T05:39:27
================================================================================
[2026-04-23T05:40:06.626+0000] {manager.py:879} INFO - 
================================================================================
DAG File Processing Stats

File Path                                PID    Runtime      # DAGs    # Errors  Last Runtime    Last Run
---------------------------------------  -----  ---------  --------  ----------  --------------  -------------------
/opt/airflow/dags/ecommerce_pipeline.py                           1           0  0.76s           2026-04-23T05:39:58
================================================================================
[2026-04-23T05:40:37.300+0000] {manager.py:879} INFO - 
================================================================================
DAG File Processing Stats

File Path                                PID    Runtime      # DAGs    # Errors  Last Runtime    Last Run
---------------------------------------  -----  ---------  --------  ----------  --------------  -------------------
/opt/airflow/dags/ecommerce_pipeline.py                           1           0  0.44s           2026-04-23T05:40:29
================================================================================
[2026-04-23T05:41:07.837+0000] {manager.py:879} INFO - 
================================================================================
DAG File Processing Stats

File Path                                PID    Runtime      # DAGs    # Errors  Last Runtime    Last Run
---------------------------------------  -----  ---------  --------  ----------  --------------  -------------------
/opt/airflow/dags/ecommerce_pipeline.py                           1           0  0.42s           2026-04-23T05:41:00
================================================================================
[2026-04-23T05:41:38.484+0000] {manager.py:879} INFO - 
================================================================================
DAG File Processing Stats

File Path                                PID    Runtime      # DAGs    # Errors  Last Runtime    Last Run
---------------------------------------  -----  ---------  --------  ----------  --------------  -------------------
/opt/airflow/dags/ecommerce_pipeline.py                           1           0  0.37s           2026-04-23T05:41:30
================================================================================
[2026-04-23T05:41:51.656+0000] {manager.py:738} INFO - Searching for files in /opt/airflow/dags
[2026-04-23T05:41:51.757+0000] {manager.py:741} INFO - There are 1 files in /opt/airflow/dags
[2026-04-23T05:42:09.120+0000] {manager.py:879} INFO - 
================================================================================
DAG File Processing Stats

File Path                                PID    Runtime      # DAGs    # Errors  Last Runtime    Last Run
---------------------------------------  -----  ---------  --------  ----------  --------------  -------------------
/opt/airflow/dags/ecommerce_pipeline.py                           1           0  0.37s           2026-04-23T05:42:01
================================================================================
[2026-04-23T05:42:39.865+0000] {manager.py:879} INFO - 
================================================================================
DAG File Processing Stats

File Path                                PID    Runtime      # DAGs    # Errors  Last Runtime    Last Run
---------------------------------------  -----  ---------  --------  ----------  --------------  -------------------
/opt/airflow/dags/ecommerce_pipeline.py                           1           0  0.32s           2026-04-23T05:42:31
================================================================================
[2026-04-23T05:43:10.365+0000] {manager.py:879} INFO - 
================================================================================
DAG File Processing Stats

File Path                                PID    Runtime      # DAGs    # Errors  Last Runtime    Last Run
---------------------------------------  -----  ---------  --------  ----------  --------------  -------------------
/opt/airflow/dags/ecommerce_pipeline.py                           1           0  0.32s           2026-04-23T05:43:02
================================================================================
[2026-04-23T05:43:41.106+0000] {manager.py:879} INFO - 
================================================================================
DAG File Processing Stats

File Path                                PID    Runtime      # DAGs    # Errors  Last Runtime    Last Run
---------------------------------------  -----  ---------  --------  ----------  --------------  -------------------
/opt/airflow/dags/ecommerce_pipeline.py                           1           0  0.32s           2026-04-23T05:43:33
================================================================================
[2026-04-23T05:44:11.571+0000] {manager.py:879} INFO - 
================================================================================
DAG File Processing Stats

File Path                                PID    Runtime      # DAGs    # Errors  Last Runtime    Last Run
---------------------------------------  -----  ---------  --------  ----------  --------------  -------------------
/opt/airflow/dags/ecommerce_pipeline.py                           1           0  0.30s           2026-04-23T05:44:03
================================================================================
[2026-04-23T05:44:42.241+0000] {manager.py:879} INFO - 
================================================================================
DAG File Processing Stats

File Path                                PID    Runtime      # DAGs    # Errors  Last Runtime    Last Run
---------------------------------------  -----  ---------  --------  ----------  --------------  -------------------
/opt/airflow/dags/ecommerce_pipeline.py                           1           0  0.33s           2026-04-23T05:44:34
================================================================================
[2026-04-23T05:45:12.752+0000] {manager.py:879} INFO - 
================================================================================
DAG File Processing Stats

File Path                                PID    Runtime      # DAGs    # Errors  Last Runtime    Last Run
---------------------------------------  -----  ---------  --------  ----------  --------------  -------------------
/opt/airflow/dags/ecommerce_pipeline.py                           1           0  0.40s           2026-04-23T05:45:04
================================================================================
[2026-04-23T05:45:43.395+0000] {manager.py:879} INFO - 
================================================================================
DAG File Processing Stats

File Path                                PID    Runtime      # DAGs    # Errors  Last Runtime    Last Run
---------------------------------------  -----  ---------  --------  ----------  --------------  -------------------
/opt/airflow/dags/ecommerce_pipeline.py                           1           0  0.38s           2026-04-23T05:45:35
================================================================================
[2026-04-23T05:46:13.965+0000] {manager.py:879} INFO - 
================================================================================
DAG File Processing Stats

File Path                                PID    Runtime      # DAGs    # Errors  Last Runtime    Last Run
---------------------------------------  -----  ---------  --------  ----------  --------------  -------------------
/opt/airflow/dags/ecommerce_pipeline.py                           1           0  0.36s           2026-04-23T05:46:06
================================================================================
[2026-04-23T05:46:44.628+0000] {manager.py:879} INFO - 
================================================================================
DAG File Processing Stats

File Path                                PID    Runtime      # DAGs    # Errors  Last Runtime    Last Run
---------------------------------------  -----  ---------  --------  ----------  --------------  -------------------
/opt/airflow/dags/ecommerce_pipeline.py                           1           0  0.33s           2026-04-23T05:46:36
================================================================================
[2026-04-23T05:46:51.730+0000] {manager.py:738} INFO - Searching for files in /opt/airflow/dags
[2026-04-23T05:46:51.817+0000] {manager.py:741} INFO - There are 1 files in /opt/airflow/dags
[2026-04-23T05:47:15.226+0000] {manager.py:879} INFO - 
================================================================================
DAG File Processing Stats

File Path                                PID    Runtime      # DAGs    # Errors  Last Runtime    Last Run
---------------------------------------  -----  ---------  --------  ----------  --------------  -------------------
/opt/airflow/dags/ecommerce_pipeline.py                           1           0  0.31s           2026-04-23T05:47:07
================================================================================
[2026-04-23T05:47:45.967+0000] {manager.py:879} INFO - 
================================================================================
DAG File Processing Stats

File Path                                PID    Runtime      # DAGs    # Errors  Last Runtime    Last Run
---------------------------------------  -----  ---------  --------  ----------  --------------  -------------------
/opt/airflow/dags/ecommerce_pipeline.py                           1           0  0.34s           2026-04-23T05:47:37
================================================================================
[2026-04-23T05:48:16.513+0000] {manager.py:879} INFO - 
================================================================================
DAG File Processing Stats

File Path                                PID    Runtime      # DAGs    # Errors  Last Runtime    Last Run
---------------------------------------  -----  ---------  --------  ----------  --------------  -------------------
/opt/airflow/dags/ecommerce_pipeline.py                           1           0  0.33s           2026-04-23T05:48:08
================================================================================
[2026-04-23T05:48:47.176+0000] {manager.py:879} INFO - 
================================================================================
DAG File Processing Stats

File Path                                PID    Runtime      # DAGs    # Errors  Last Runtime    Last Run
---------------------------------------  -----  ---------  --------  ----------  --------------  -------------------
/opt/airflow/dags/ecommerce_pipeline.py                           1           0  0.35s           2026-04-23T05:48:39
================================================================================
[2026-04-23T05:49:17.689+0000] {manager.py:879} INFO - 
================================================================================
DAG File Processing Stats

File Path                                PID    Runtime      # DAGs    # Errors  Last Runtime    Last Run
---------------------------------------  -----  ---------  --------  ----------  --------------  -------------------
/opt/airflow/dags/ecommerce_pipeline.py                           1           0  0.35s           2026-04-23T05:49:09
================================================================================
[2026-04-23T05:49:48.380+0000] {manager.py:879} INFO - 
================================================================================
DAG File Processing Stats

File Path                                PID    Runtime      # DAGs    # Errors  Last Runtime    Last Run
---------------------------------------  -----  ---------  --------  ----------  --------------  -------------------
/opt/airflow/dags/ecommerce_pipeline.py                           1           0  0.28s           2026-04-23T05:49:40
================================================================================
[2026-04-23T05:50:18.874+0000] {manager.py:879} INFO - 
================================================================================
DAG File Processing Stats

File Path                                PID    Runtime      # DAGs    # Errors  Last Runtime    Last Run
---------------------------------------  -----  ---------  --------  ----------  --------------  -------------------
/opt/airflow/dags/ecommerce_pipeline.py                           1           0  0.37s           2026-04-23T05:50:11
================================================================================
[2026-04-23T05:50:49.569+0000] {manager.py:879} INFO - 
================================================================================
DAG File Processing Stats

File Path                                PID    Runtime      # DAGs    # Errors  Last Runtime    Last Run
---------------------------------------  -----  ---------  --------  ----------  --------------  -------------------
/opt/airflow/dags/ecommerce_pipeline.py                           1           0  0.42s           2026-04-23T05:50:41
================================================================================
[2026-04-23T05:51:19.927+0000] {manager.py:879} INFO - 
================================================================================
DAG File Processing Stats

File Path                                PID    Runtime      # DAGs    # Errors  Last Runtime    Last Run
---------------------------------------  -----  ---------  --------  ----------  --------------  -------------------
/opt/airflow/dags/ecommerce_pipeline.py                           1           0  0.32s           2026-04-23T05:51:12
================================================================================
[2026-04-23T05:51:50.474+0000] {manager.py:879} INFO - 
================================================================================
DAG File Processing Stats

File Path                                PID    Runtime      # DAGs    # Errors  Last Runtime    Last Run
---------------------------------------  -----  ---------  --------  ----------  --------------  -------------------
/opt/airflow/dags/ecommerce_pipeline.py                           1           0  0.31s           2026-04-23T05:51:42
================================================================================
[2026-04-23T05:51:52.490+0000] {manager.py:738} INFO - Searching for files in /opt/airflow/dags
[2026-04-23T05:51:52.541+0000] {manager.py:741} INFO - There are 1 files in /opt/airflow/dags
[2026-04-23T05:52:20.880+0000] {manager.py:879} INFO - 
================================================================================
DAG File Processing Stats

File Path                                PID    Runtime      # DAGs    # Errors  Last Runtime    Last Run
---------------------------------------  -----  ---------  --------  ----------  --------------  -------------------
/opt/airflow/dags/ecommerce_pipeline.py                           1           0  0.31s           2026-04-23T05:52:13
================================================================================
[2026-04-23T05:52:51.442+0000] {manager.py:879} INFO - 
================================================================================
DAG File Processing Stats

File Path                                PID    Runtime      # DAGs    # Errors  Last Runtime    Last Run
---------------------------------------  -----  ---------  --------  ----------  --------------  -------------------
/opt/airflow/dags/ecommerce_pipeline.py                           1           0  0.35s           2026-04-23T05:52:43
================================================================================
[2026-04-23T05:53:21.914+0000] {manager.py:879} INFO - 
================================================================================
DAG File Processing Stats

File Path                                PID    Runtime      # DAGs    # Errors  Last Runtime    Last Run
---------------------------------------  -----  ---------  --------  ----------  --------------  -------------------
/opt/airflow/dags/ecommerce_pipeline.py                           1           0  0.34s           2026-04-23T05:53:14
================================================================================
[2026-04-23T05:53:52.583+0000] {manager.py:879} INFO - 
================================================================================
DAG File Processing Stats

File Path                                PID    Runtime      # DAGs    # Errors  Last Runtime    Last Run
---------------------------------------  -----  ---------  --------  ----------  --------------  -------------------
/opt/airflow/dags/ecommerce_pipeline.py                           1           0  0.31s           2026-04-23T05:53:44
================================================================================
[2026-04-23T05:54:23.049+0000] {manager.py:879} INFO - 
================================================================================
DAG File Processing Stats

File Path                                PID    Runtime      # DAGs    # Errors  Last Runtime    Last Run
---------------------------------------  -----  ---------  --------  ----------  --------------  -------------------
/opt/airflow/dags/ecommerce_pipeline.py                           1           0  0.29s           2026-04-23T05:54:15
================================================================================
[2026-04-23T05:54:53.699+0000] {manager.py:879} INFO - 
================================================================================
DAG File Processing Stats

File Path                                PID    Runtime      # DAGs    # Errors  Last Runtime    Last Run
---------------------------------------  -----  ---------  --------  ----------  --------------  -------------------
/opt/airflow/dags/ecommerce_pipeline.py                           1           0  0.35s           2026-04-23T05:54:45
================================================================================
[2026-04-23T05:55:24.242+0000] {manager.py:879} INFO - 
================================================================================
DAG File Processing Stats

File Path                                PID    Runtime      # DAGs    # Errors  Last Runtime    Last Run
---------------------------------------  -----  ---------  --------  ----------  --------------  -------------------
/opt/airflow/dags/ecommerce_pipeline.py                           1           0  0.29s           2026-04-23T05:55:16
================================================================================
[2026-04-23T05:55:54.838+0000] {manager.py:879} INFO - 
================================================================================
DAG File Processing Stats

File Path                                PID    Runtime      # DAGs    # Errors  Last Runtime    Last Run
---------------------------------------  -----  ---------  --------  ----------  --------------  -------------------
/opt/airflow/dags/ecommerce_pipeline.py                           1           0  0.34s           2026-04-23T05:55:46
================================================================================
[2026-04-23T05:56:25.423+0000] {manager.py:879} INFO - 
================================================================================
DAG File Processing Stats

File Path                                PID    Runtime      # DAGs    # Errors  Last Runtime    Last Run
---------------------------------------  -----  ---------  --------  ----------  --------------  -------------------
/opt/airflow/dags/ecommerce_pipeline.py                           1           0  0.34s           2026-04-23T05:56:17
================================================================================
[2026-04-23T05:56:53.015+0000] {manager.py:738} INFO - Searching for files in /opt/airflow/dags
[2026-04-23T05:56:53.068+0000] {manager.py:741} INFO - There are 1 files in /opt/airflow/dags
[2026-04-23T05:56:56.119+0000] {manager.py:879} INFO - 
================================================================================
DAG File Processing Stats

File Path                                PID    Runtime      # DAGs    # Errors  Last Runtime    Last Run
---------------------------------------  -----  ---------  --------  ----------  --------------  -------------------
/opt/airflow/dags/ecommerce_pipeline.py                           1           0  0.30s           2026-04-23T05:56:48
================================================================================
[2026-04-23T05:57:26.544+0000] {manager.py:879} INFO - 
================================================================================
DAG File Processing Stats

File Path                                PID    Runtime      # DAGs    # Errors  Last Runtime    Last Run
---------------------------------------  -----  ---------  --------  ----------  --------------  -------------------
/opt/airflow/dags/ecommerce_pipeline.py                           1           0  0.31s           2026-04-23T05:57:18
================================================================================
[2026-04-23T05:57:57.233+0000] {manager.py:879} INFO - 
================================================================================
DAG File Processing Stats

File Path                                PID    Runtime      # DAGs    # Errors  Last Runtime    Last Run
---------------------------------------  -----  ---------  --------  ----------  --------------  -------------------
/opt/airflow/dags/ecommerce_pipeline.py                           1           0  0.34s           2026-04-23T05:57:49
================================================================================
[2026-04-23T05:58:27.812+0000] {manager.py:879} INFO - 
================================================================================
DAG File Processing Stats

File Path                                PID    Runtime      # DAGs    # Errors  Last Runtime    Last Run
---------------------------------------  -----  ---------  --------  ----------  --------------  -------------------
/opt/airflow/dags/ecommerce_pipeline.py                           1           0  0.45s           2026-04-23T05:58:20
================================================================================
[2026-04-23T05:58:58.295+0000] {manager.py:879} INFO - 
================================================================================
DAG File Processing Stats

File Path                                PID    Runtime      # DAGs    # Errors  Last Runtime    Last Run
---------------------------------------  -----  ---------  --------  ----------  --------------  -------------------
/opt/airflow/dags/ecommerce_pipeline.py                           1           0  0.31s           2026-04-23T05:58:50
================================================================================
[2026-04-23T05:59:29.034+0000] {manager.py:879} INFO - 
================================================================================
DAG File Processing Stats

File Path                                PID    Runtime      # DAGs    # Errors  Last Runtime    Last Run
---------------------------------------  -----  ---------  --------  ----------  --------------  -------------------
/opt/airflow/dags/ecommerce_pipeline.py                           1           0  0.32s           2026-04-23T05:59:20
================================================================================
[2026-04-23T05:59:59.496+0000] {manager.py:879} INFO - 
================================================================================
DAG File Processing Stats

File Path                                PID    Runtime      # DAGs    # Errors  Last Runtime    Last Run
---------------------------------------  -----  ---------  --------  ----------  --------------  -------------------
/opt/airflow/dags/ecommerce_pipeline.py                           1           0  0.32s           2026-04-23T05:59:51
================================================================================
[2026-04-23T06:00:30.196+0000] {manager.py:879} INFO - 
================================================================================
DAG File Processing Stats

File Path                                PID    Runtime      # DAGs    # Errors  Last Runtime    Last Run
---------------------------------------  -----  ---------  --------  ----------  --------------  -------------------
/opt/airflow/dags/ecommerce_pipeline.py                           1           0  0.30s           2026-04-23T06:00:22
================================================================================
[2026-04-23T06:01:00.709+0000] {manager.py:879} INFO - 
================================================================================
DAG File Processing Stats

File Path                                PID    Runtime      # DAGs    # Errors  Last Runtime    Last Run
---------------------------------------  -----  ---------  --------  ----------  --------------  -------------------
/opt/airflow/dags/ecommerce_pipeline.py                           1           0  0.36s           2026-04-23T06:00:52
================================================================================
[2026-04-23T06:01:31.411+0000] {manager.py:879} INFO - 
================================================================================
DAG File Processing Stats

File Path                                PID    Runtime      # DAGs    # Errors  Last Runtime    Last Run
---------------------------------------  -----  ---------  --------  ----------  --------------  -------------------
/opt/airflow/dags/ecommerce_pipeline.py                           1           0  0.29s           2026-04-23T06:01:23
================================================================================
[2026-04-23T06:01:53.702+0000] {manager.py:738} INFO - Searching for files in /opt/airflow/dags
[2026-04-23T06:01:53.770+0000] {manager.py:741} INFO - There are 1 files in /opt/airflow/dags
[2026-04-23T06:02:01.941+0000] {manager.py:879} INFO - 
================================================================================
DAG File Processing Stats

File Path                                PID    Runtime      # DAGs    # Errors  Last Runtime    Last Run
---------------------------------------  -----  ---------  --------  ----------  --------------  -------------------
/opt/airflow/dags/ecommerce_pipeline.py                           1           0  0.34s           2026-04-23T06:01:54
================================================================================
[2026-04-23T06:02:32.335+0000] {manager.py:879} INFO - 
================================================================================
DAG File Processing Stats

File Path                                PID    Runtime      # DAGs    # Errors  Last Runtime    Last Run
---------------------------------------  -----  ---------  --------  ----------  --------------  -------------------
/opt/airflow/dags/ecommerce_pipeline.py                           1           0  0.26s           2026-04-23T06:02:24
================================================================================
[2026-04-23T06:03:03.023+0000] {manager.py:879} INFO - 
================================================================================
DAG File Processing Stats

File Path                                PID    Runtime      # DAGs    # Errors  Last Runtime    Last Run
---------------------------------------  -----  ---------  --------  ----------  --------------  -------------------
/opt/airflow/dags/ecommerce_pipeline.py                           1           0  0.34s           2026-04-23T06:02:55
================================================================================
[2026-04-23T06:03:33.527+0000] {manager.py:879} INFO - 
================================================================================
DAG File Processing Stats

File Path                                PID    Runtime      # DAGs    # Errors  Last Runtime    Last Run
---------------------------------------  -----  ---------  --------  ----------  --------------  -------------------
/opt/airflow/dags/ecommerce_pipeline.py                           1           0  0.33s           2026-04-23T06:03:25
================================================================================
[2026-04-23T06:04:04.203+0000] {manager.py:879} INFO - 
================================================================================
DAG File Processing Stats

File Path                                PID    Runtime      # DAGs    # Errors  Last Runtime    Last Run
---------------------------------------  -----  ---------  --------  ----------  --------------  -------------------
/opt/airflow/dags/ecommerce_pipeline.py                           1           0  0.27s           2026-04-23T06:03:56
================================================================================
[2026-04-23T06:04:34.638+0000] {manager.py:879} INFO - 
================================================================================
DAG File Processing Stats

File Path                                PID    Runtime      # DAGs    # Errors  Last Runtime    Last Run
---------------------------------------  -----  ---------  --------  ----------  --------------  -------------------
/opt/airflow/dags/ecommerce_pipeline.py                           1           0  0.32s           2026-04-23T06:04:26
================================================================================
[2026-04-23T06:05:05.262+0000] {manager.py:879} INFO - 
================================================================================
DAG File Processing Stats

File Path                                PID    Runtime      # DAGs    # Errors  Last Runtime    Last Run
---------------------------------------  -----  ---------  --------  ----------  --------------  -------------------
/opt/airflow/dags/ecommerce_pipeline.py                           1           0  0.28s           2026-04-23T06:04:57
================================================================================
[2026-04-23T06:05:35.915+0000] {manager.py:879} INFO - 
================================================================================
DAG File Processing Stats

File Path                                PID    Runtime      # DAGs    # Errors  Last Runtime    Last Run
---------------------------------------  -----  ---------  --------  ----------  --------------  -------------------
/opt/airflow/dags/ecommerce_pipeline.py                           1           0  0.32s           2026-04-23T06:05:27
================================================================================
[2026-04-23T06:06:06.460+0000] {manager.py:879} INFO - 
================================================================================
DAG File Processing Stats

File Path                                PID    Runtime      # DAGs    # Errors  Last Runtime    Last Run
---------------------------------------  -----  ---------  --------  ----------  --------------  -------------------
/opt/airflow/dags/ecommerce_pipeline.py                           1           0  0.28s           2026-04-23T06:05:58
================================================================================
[2026-04-23T06:06:37.038+0000] {manager.py:879} INFO - 
================================================================================
DAG File Processing Stats

File Path                                PID    Runtime      # DAGs    # Errors  Last Runtime    Last Run
---------------------------------------  -----  ---------  --------  ----------  --------------  -------------------
/opt/airflow/dags/ecommerce_pipeline.py                           1           0  0.36s           2026-04-23T06:06:29
================================================================================
[2026-04-23T06:06:54.230+0000] {manager.py:738} INFO - Searching for files in /opt/airflow/dags
[2026-04-23T06:06:54.279+0000] {manager.py:741} INFO - There are 1 files in /opt/airflow/dags
[2026-04-23T06:07:07.682+0000] {manager.py:879} INFO - 
================================================================================
DAG File Processing Stats

File Path                                PID    Runtime      # DAGs    # Errors  Last Runtime    Last Run
---------------------------------------  -----  ---------  --------  ----------  --------------  -------------------
/opt/airflow/dags/ecommerce_pipeline.py                           1           0  0.33s           2026-04-23T06:06:59
================================================================================
[2026-04-23T06:07:38.182+0000] {manager.py:879} INFO - 
================================================================================
DAG File Processing Stats

File Path                                PID    Runtime      # DAGs    # Errors  Last Runtime    Last Run
---------------------------------------  -----  ---------  --------  ----------  --------------  -------------------
/opt/airflow/dags/ecommerce_pipeline.py                           1           0  0.37s           2026-04-23T06:07:30
================================================================================
[2026-04-23T06:08:08.809+0000] {manager.py:879} INFO - 
================================================================================
DAG File Processing Stats

File Path                                PID    Runtime      # DAGs    # Errors  Last Runtime    Last Run
---------------------------------------  -----  ---------  --------  ----------  --------------  -------------------
/opt/airflow/dags/ecommerce_pipeline.py                           1           0  0.30s           2026-04-23T06:08:00
================================================================================
[2026-04-23T06:08:39.270+0000] {manager.py:879} INFO - 
================================================================================
DAG File Processing Stats

File Path                                PID    Runtime      # DAGs    # Errors  Last Runtime    Last Run
---------------------------------------  -----  ---------  --------  ----------  --------------  -------------------
/opt/airflow/dags/ecommerce_pipeline.py                           1           0  0.27s           2026-04-23T06:08:31
================================================================================
[2026-04-23T06:09:09.921+0000] {manager.py:879} INFO - 
================================================================================
DAG File Processing Stats

File Path                                PID    Runtime      # DAGs    # Errors  Last Runtime    Last Run
---------------------------------------  -----  ---------  --------  ----------  --------------  -------------------
/opt/airflow/dags/ecommerce_pipeline.py                           1           0  0.32s           2026-04-23T06:09:01
================================================================================
[2026-04-23T06:09:40.448+0000] {manager.py:879} INFO - 
================================================================================
DAG File Processing Stats

File Path                                PID    Runtime      # DAGs    # Errors  Last Runtime    Last Run
---------------------------------------  -----  ---------  --------  ----------  --------------  -------------------
/opt/airflow/dags/ecommerce_pipeline.py                           1           0  0.28s           2026-04-23T06:09:32
================================================================================
[2026-04-23T06:10:11.056+0000] {manager.py:879} INFO - 
================================================================================
DAG File Processing Stats

File Path                                PID    Runtime      # DAGs    # Errors  Last Runtime    Last Run
---------------------------------------  -----  ---------  --------  ----------  --------------  -------------------
/opt/airflow/dags/ecommerce_pipeline.py                           1           0  0.34s           2026-04-23T06:10:03
================================================================================
[2026-04-23T06:10:41.663+0000] {manager.py:879} INFO - 
================================================================================
DAG File Processing Stats

File Path                                PID    Runtime      # DAGs    # Errors  Last Runtime    Last Run
---------------------------------------  -----  ---------  --------  ----------  --------------  -------------------
/opt/airflow/dags/ecommerce_pipeline.py                           1           0  0.35s           2026-04-23T06:10:33
================================================================================
[2026-04-23T06:11:12.272+0000] {manager.py:879} INFO - 
================================================================================
DAG File Processing Stats

File Path                                PID    Runtime      # DAGs    # Errors  Last Runtime    Last Run
---------------------------------------  -----  ---------  --------  ----------  --------------  -------------------
/opt/airflow/dags/ecommerce_pipeline.py                           1           0  0.29s           2026-04-23T06:11:04
================================================================================
[2026-04-23T06:11:42.847+0000] {manager.py:879} INFO - 
================================================================================
DAG File Processing Stats

File Path                                PID    Runtime      # DAGs    # Errors  Last Runtime    Last Run
---------------------------------------  -----  ---------  --------  ----------  --------------  -------------------
/opt/airflow/dags/ecommerce_pipeline.py                           1           0  0.32s           2026-04-23T06:11:34
================================================================================
[2026-04-23T06:11:55.000+0000] {manager.py:738} INFO - Searching for files in /opt/airflow/dags
[2026-04-23T06:11:55.056+0000] {manager.py:741} INFO - There are 1 files in /opt/airflow/dags
[2026-04-23T06:12:13.431+0000] {manager.py:879} INFO - 
================================================================================
DAG File Processing Stats

File Path                                PID    Runtime      # DAGs    # Errors  Last Runtime    Last Run
---------------------------------------  -----  ---------  --------  ----------  --------------  -------------------
/opt/airflow/dags/ecommerce_pipeline.py                           1           0  0.34s           2026-04-23T06:12:05
================================================================================
[2026-04-23T06:12:44.119+0000] {manager.py:879} INFO - 
================================================================================
DAG File Processing Stats

File Path                                PID    Runtime      # DAGs    # Errors  Last Runtime    Last Run
---------------------------------------  -----  ---------  --------  ----------  --------------  -------------------
/opt/airflow/dags/ecommerce_pipeline.py                           1           0  0.29s           2026-04-23T06:12:36
================================================================================
[2026-04-23T06:13:14.633+0000] {manager.py:879} INFO - 
================================================================================
DAG File Processing Stats

File Path                                PID    Runtime      # DAGs    # Errors  Last Runtime    Last Run
---------------------------------------  -----  ---------  --------  ----------  --------------  -------------------
/opt/airflow/dags/ecommerce_pipeline.py                           1           0  0.30s           2026-04-23T06:13:06
================================================================================
[2026-04-23T06:13:45.279+0000] {manager.py:879} INFO - 
================================================================================
DAG File Processing Stats

File Path                                PID    Runtime      # DAGs    # Errors  Last Runtime    Last Run
---------------------------------------  -----  ---------  --------  ----------  --------------  -------------------
/opt/airflow/dags/ecommerce_pipeline.py                           1           0  0.31s           2026-04-23T06:13:37
================================================================================
[2026-04-23T06:14:15.703+0000] {manager.py:879} INFO - 
================================================================================
DAG File Processing Stats

File Path                                PID    Runtime      # DAGs    # Errors  Last Runtime    Last Run
---------------------------------------  -----  ---------  --------  ----------  --------------  -------------------
/opt/airflow/dags/ecommerce_pipeline.py                           1           0  0.49s           2026-04-23T06:14:08
================================================================================
[2026-04-23T06:14:45.944+0000] {manager.py:879} INFO - 
================================================================================
DAG File Processing Stats

File Path                                PID    Runtime      # DAGs    # Errors  Last Runtime    Last Run
---------------------------------------  -----  ---------  --------  ----------  --------------  -------------------
/opt/airflow/dags/ecommerce_pipeline.py                           1           0  0.33s           2026-04-23T06:14:38
================================================================================
[2026-04-23T06:15:16.329+0000] {manager.py:879} INFO - 
================================================================================
DAG File Processing Stats

File Path                                PID    Runtime      # DAGs    # Errors  Last Runtime    Last Run
---------------------------------------  -----  ---------  --------  ----------  --------------  -------------------
/opt/airflow/dags/ecommerce_pipeline.py                           1           0  0.30s           2026-04-23T06:15:09
================================================================================
[2026-04-23T06:15:46.826+0000] {manager.py:879} INFO - 
================================================================================
DAG File Processing Stats

File Path                                PID    Runtime      # DAGs    # Errors  Last Runtime    Last Run
---------------------------------------  -----  ---------  --------  ----------  --------------  -------------------
/opt/airflow/dags/ecommerce_pipeline.py                           1           0  0.26s           2026-04-23T06:15:39
================================================================================
[2026-04-23T06:16:17.457+0000] {manager.py:879} INFO - 
================================================================================
DAG File Processing Stats

File Path                                PID    Runtime      # DAGs    # Errors  Last Runtime    Last Run
---------------------------------------  -----  ---------  --------  ----------  --------------  -------------------
/opt/airflow/dags/ecommerce_pipeline.py                           1           0  0.34s           2026-04-23T06:16:10
================================================================================
[2026-04-23T06:16:47.961+0000] {manager.py:879} INFO - 
================================================================================
DAG File Processing Stats

File Path                                PID    Runtime      # DAGs    # Errors  Last Runtime    Last Run
---------------------------------------  -----  ---------  --------  ----------  --------------  -------------------
/opt/airflow/dags/ecommerce_pipeline.py                           1           0  0.33s           2026-04-23T06:16:41
================================================================================
[2026-04-23T06:16:55.057+0000] {manager.py:738} INFO - Searching for files in /opt/airflow/dags
[2026-04-23T06:16:55.150+0000] {manager.py:741} INFO - There are 1 files in /opt/airflow/dags
[2026-04-23T06:17:18.664+0000] {manager.py:879} INFO - 
================================================================================
DAG File Processing Stats

File Path                                PID    Runtime      # DAGs    # Errors  Last Runtime    Last Run
---------------------------------------  -----  ---------  --------  ----------  --------------  -------------------
/opt/airflow/dags/ecommerce_pipeline.py                           1           0  0.32s           2026-04-23T06:17:11
================================================================================
[2026-04-23T06:17:49.278+0000] {manager.py:879} INFO - 
================================================================================
DAG File Processing Stats

File Path                                PID    Runtime      # DAGs    # Errors  Last Runtime    Last Run
---------------------------------------  -----  ---------  --------  ----------  --------------  -------------------
/opt/airflow/dags/ecommerce_pipeline.py                           1           0  0.34s           2026-04-23T06:17:42
================================================================================
[2026-04-23T06:18:19.806+0000] {manager.py:879} INFO - 
================================================================================
DAG File Processing Stats

File Path                                PID    Runtime      # DAGs    # Errors  Last Runtime    Last Run
---------------------------------------  -----  ---------  --------  ----------  --------------  -------------------
/opt/airflow/dags/ecommerce_pipeline.py                           1           0  0.24s           2026-04-23T06:18:12
================================================================================
[2026-04-23T06:18:50.370+0000] {manager.py:879} INFO - 
================================================================================
DAG File Processing Stats

File Path                                PID    Runtime      # DAGs    # Errors  Last Runtime    Last Run
---------------------------------------  -----  ---------  --------  ----------  --------------  -------------------
/opt/airflow/dags/ecommerce_pipeline.py                           1           0  0.30s           2026-04-23T06:18:43
================================================================================
[2026-04-23T06:19:20.936+0000] {manager.py:879} INFO - 
================================================================================
DAG File Processing Stats

File Path                                PID    Runtime      # DAGs    # Errors  Last Runtime    Last Run
---------------------------------------  -----  ---------  --------  ----------  --------------  -------------------
/opt/airflow/dags/ecommerce_pipeline.py                           1           0  0.31s           2026-04-23T06:19:14
================================================================================
[2026-04-23T06:19:51.476+0000] {manager.py:879} INFO - 
================================================================================
DAG File Processing Stats

File Path                                PID    Runtime      # DAGs    # Errors  Last Runtime    Last Run
---------------------------------------  -----  ---------  --------  ----------  --------------  -------------------
/opt/airflow/dags/ecommerce_pipeline.py                           1           0  0.35s           2026-04-23T06:19:44
================================================================================
[2026-04-23T06:20:21.950+0000] {manager.py:879} INFO - 
================================================================================
DAG File Processing Stats

File Path                                PID    Runtime      # DAGs    # Errors  Last Runtime    Last Run
---------------------------------------  -----  ---------  --------  ----------  --------------  -------------------
/opt/airflow/dags/ecommerce_pipeline.py                           1           0  0.48s           2026-04-23T06:20:15
================================================================================
[2026-04-23T06:20:52.054+0000] {manager.py:879} INFO - 
================================================================================
DAG File Processing Stats

File Path                                PID    Runtime      # DAGs    # Errors  Last Runtime    Last Run
---------------------------------------  -----  ---------  --------  ----------  --------------  -------------------
/opt/airflow/dags/ecommerce_pipeline.py                           1           0  0.62s           2026-04-23T06:20:45
================================================================================
[2026-04-23T06:21:22.495+0000] {manager.py:879} INFO - 
================================================================================
DAG File Processing Stats

File Path                                PID    Runtime      # DAGs    # Errors  Last Runtime    Last Run
---------------------------------------  -----  ---------  --------  ----------  --------------  -------------------
/opt/airflow/dags/ecommerce_pipeline.py                           1           0  0.47s           2026-04-23T06:21:16
================================================================================
[2026-04-23T06:21:52.644+0000] {manager.py:879} INFO - 
================================================================================
DAG File Processing Stats

File Path                                PID    Runtime      # DAGs    # Errors  Last Runtime    Last Run
---------------------------------------  -----  ---------  --------  ----------  --------------  -------------------
/opt/airflow/dags/ecommerce_pipeline.py                           1           0  0.66s           2026-04-23T06:21:47
================================================================================
[2026-04-23T06:21:55.181+0000] {manager.py:738} INFO - Searching for files in /opt/airflow/dags
[2026-04-23T06:21:55.286+0000] {manager.py:741} INFO - There are 1 files in /opt/airflow/dags
[2026-04-23T06:22:23.079+0000] {manager.py:879} INFO - 
================================================================================
DAG File Processing Stats

File Path                                PID    Runtime      # DAGs    # Errors  Last Runtime    Last Run
---------------------------------------  -----  ---------  --------  ----------  --------------  -------------------
/opt/airflow/dags/ecommerce_pipeline.py                           1           0  0.51s           2026-04-23T06:22:18
================================================================================
[2026-04-23T06:22:53.723+0000] {manager.py:879} INFO - 
================================================================================
DAG File Processing Stats

File Path                                PID    Runtime      # DAGs    # Errors  Last Runtime    Last Run
---------------------------------------  -----  ---------  --------  ----------  --------------  -------------------
/opt/airflow/dags/ecommerce_pipeline.py                           1           0  0.48s           2026-04-23T06:22:48
================================================================================
[2026-04-23T06:23:23.761+0000] {manager.py:879} INFO - 
================================================================================
DAG File Processing Stats

File Path                                PID    Runtime      # DAGs    # Errors  Last Runtime    Last Run
---------------------------------------  -----  ---------  --------  ----------  --------------  -------------------
/opt/airflow/dags/ecommerce_pipeline.py                           1           0  0.53s           2026-04-23T06:23:19
================================================================================
[2026-04-23T06:23:53.881+0000] {manager.py:879} INFO - 
================================================================================
DAG File Processing Stats

File Path                                PID    Runtime      # DAGs    # Errors  Last Runtime    Last Run
---------------------------------------  -----  ---------  --------  ----------  --------------  -------------------
/opt/airflow/dags/ecommerce_pipeline.py                           1           0  0.81s           2026-04-23T06:23:50
================================================================================
[2026-04-23T06:24:23.973+0000] {manager.py:879} INFO - 
================================================================================
DAG File Processing Stats

File Path                                PID    Runtime      # DAGs    # Errors  Last Runtime    Last Run
---------------------------------------  -----  ---------  --------  ----------  --------------  -------------------
/opt/airflow/dags/ecommerce_pipeline.py                           1           0  0.53s           2026-04-23T06:24:21
================================================================================
